2026-10-03 02:58:01.008 | DEBUG    | ttnn:<module>:45 - Initial ttnn.CONFIG:
Config{cache_path=/home/tt/.cache/ttnn,model_cache_path=/home/tt/.cache/ttnn/models,tmp_dir=/tmp/ttnn,enable_model_cache=false,enable_fast_runtime_mode=true,validate_program_args=false,throw_exception_on_fallback=false,enable_logging=false,enable_graph_report=false,enable_graph_python_stack_traces=false,enable_detailed_buffer_report=false,enable_detailed_tensor_report=false,enable_comparison_mode=false,comparison_mode_should_raise_exception=false,comparison_mode_pcc=0.9999,root_report_path=generated/ttnn/reports,report_name=std::nullopt,std::nullopt}
2026-10-03 02:58:01.379 | info     |          Device | Opening user mode device driver (tt_cluster.cpp:223)
2026-10-03 02:58:01.379 | info     |             UMD | Cluster constructor started. (cluster.cpp:405)
2026-10-03 02:58:01.379 | info     |             UMD | Creating TopologyDiscovery for architecture: blackhole (topology_discovery.cpp:131)
2026-10-03 02:58:01.379 | info     |             UMD | Starting topology discovery. (topology_discovery.cpp:150)
2026-10-03 02:58:01.382 | info     |             UMD | Established firmware bundle version: 19.12.0 (topology_discovery.cpp:654)
2026-10-03 02:58:01.382 | info     |             UMD | Completed topology discovery. (topology_discovery.cpp:154)
2026-10-03 02:58:01.636 | warning  |             UMD | hwloc_set_area_membind(): failed for physical_device_id: 0 on NodeSet: [0] with errno: Operation not permitted (pid: 1 tid: 137305099876160) (cpuset_lib.cpp:440)
2026-10-03 02:58:01.636 | warning  |             UMD | ---- ttSiliconDevice::init_hugepage: bind_area_to_memory_nodeset() failed (physical_device_id: 0 ch: 0). Hugepage allocation is not on NumaNode matching TT Device. Side-Effect is decreased Device->Host perf (Issue #893). (silicon_sysmem_manager.cpp:303)
2026-10-03 02:58:01.637 | info     |             UMD | Opening local chip ids/PCIe ids: {0}/[0] and remote chip ids {} (cluster.cpp:172)
2026-10-03 02:58:01.637 | info     |             UMD | IOMMU: disabled (cluster.cpp:146)
2026-10-03 02:58:01.637 | info     |             UMD | KMD version: 2.11.0 (cluster.cpp:149)
2026-10-03 02:58:01.637 | info     |             UMD | Cluster constructor completed. (cluster.cpp:719)
2026-10-03 02:58:01.637 | info     |             UMD | Starting devices in cluster (cluster.cpp:1305)
2026-10-03 02:58:01.678 | info     |             UMD | Starting devices in cluster completed. (cluster.cpp:1314)
2026-10-03 02:58:02.008 | info     |     Distributed | Using auto discovery to generate mesh graph. (metal_env.cpp:421)
2026-10-03 02:58:02.008 | info     |     Distributed | Constructing control plane using auto-discovery (no mesh graph descriptor). (metal_env.cpp:483)
2026-10-03 02:58:02.008 | warning  |          Always | Unknown motherboard 'ProArt X870E-CREATOR WIFI' for chip_id=0 (bus_id=0x3) — falling back to bus_id as tray_id. Add this motherboard and its bus IDs to mobo_to_bus_ids in physical_system_discovery.cpp. (physical_system_discovery.cpp:119)
2026-10-03 02:58:02.008 | warning  |          Fabric | No Physical Grouping Descriptor file found; mapping without a PGD. Searched:
  - /opt/tt-metal/tests/tt_metal/tt_fabric/physical_groupings/default_physical_grouping_descriptor.textproto
TT_CLUSTER_NAME not set
 (physical_grouping_descriptor_core.cpp:910)
2026-10-03 02:58:02.008 | info     |          Fabric | Physical groupings: Mesh graph descriptor 'M0': MGD placement fallback M0 (MESH) embeds on PSD (physical_grouping_descriptor_matching.cpp:1848)
Building trisc0, compile step:
/opt/tt-metal/runtime/sfpi/compiler/bin/riscv-tt-elf-g++ -O3 -std=c++17 -ftt-nttp -ftt-constinit -ftt-consteval -ftt-no-dyninit -flto=1 -flto-partition=one -ffast-math -fno-finite-math-only -fsigned-zeros -fno-associative-math -fno-exceptions -fno-rtti -fno-use-cxa-atexit -g -MMD -Wall -Werror -Wno-error=deprecated-declarations -Wno-error=multistatement-macros -Wno-error=parentheses -Wno-error=unused-but-set-variable -Wno-unused-variable -Wno-unused-function --param=min-pagesize=0 -mcpu=tt-bh-tensix -Winvalid-pch -Wno-error=invalid-pch -I. -I.. -I/opt/tt-metal/ -I/opt/tt-metal/ttnn -I/opt/tt-metal/ttnn/cpp -I/opt/tt-metal/tt_metal -I/opt/tt-metal/tt_metal/hw/inc -I/opt/tt-metal/tt_metal/tt-llk/common -I/opt/tt-metal/tt_metal/tt-llk/tools/include -I/opt/tt-metal/tt_metal/hostdevcommon/api -I/opt/tt-metal/tt_metal/api/ -I/opt/tt-metal/runtime/sfpi/include -I/opt/tt-metal/tt_metal/hw/ckernels/blackhole/metal/common -I/opt/tt-metal/tt_metal/hw/ckernels/blackhole/metal/llk_io -I/opt/tt-metal/tt_metal/hw/inc/internal/tt-1xx -I/opt/tt-metal/tt_metal/hw/inc/internal/tt-1xx/blackhole -I/opt/tt-metal/tt_metal/hw/inc/internal/tt-1xx/blackhole/blackhole_defines -I/opt/tt-metal/tt_metal/hw/inc/internal/tt-1xx/blackhole/noc -I/opt/tt-metal/tt_metal/tt-llk/tt_llk_blackhole/common/inc -I/opt/tt-metal/tt_metal/tt-llk/tt_llk_blackhole/llk_lib -I/opt/tt-metal/tt_metal/tt-llk/tt_llk_blackhole/llk_lib/hal -I/opt/tt-metal/tt_metal/hw/ckernels/blackhole/metal/llk_api -I/opt/tt-metal/tt_metal/hw/ckernels/blackhole/metal/llk_api/llk_sfpu -I/opt/tt-metal/tt_metal/hw/firmware/src/tt-1xx -include /sp/ttcache_prof/tt-metal-cache/pch/e13a6eedc934b130/pch.h -DIS_NOT_POW2_NUM_L1_BANKS=1 -DLOG_BASE_2_OF_NUM_DRAM_BANKS=3 -DNUM_DRAM_BANKS=8 -DNUM_L1_BANKS=110 -DPCIE_NOC_X=19 -DPCIE_NOC_Y=24 -DTENSIX_FIRMWARE -DLOCAL_MEM_EN=0 -DPROFILE_KERNEL=1 -DPROFILER_FULL_HOST_BUFFER_SIZE_PER_RISC=768000 -DPROCESSOR_INDEX=2 -DUCK_CHLKC_UNPACK -DCOMPILE_FOR_TRISC=0 -DPROGRAMMABLE_CORE_TYPE=0 -DARCH_BLACKHOLE -DDISPATCH_MESSAGE_ADDR=4290184248 -DFW_BUILD -c -o /sp/ttcache_prof/tt-metal-cache8908659371042919221/firmware/trisc0/trisc.2475656884148353978_1.o /opt/tt-metal/tt_metal/hw/firmware/src/tt-1xx/trisc.cc -MF /sp/ttcache_prof/tt-metal-cache8908659371042919221/firmware/trisc0/trisc.2475656884148353978_1.d
In file included from /opt/tt-metal/tt_metal/hw/firmware/src/tt-1xx/trisc.cc:13:
/opt/tt-metal/tt_metal/hw/firmware/src/tt-1xx/trisc.cc: In function 'int main(int, char**)':
/opt/tt-metal/tt_metal/tools/profiler/kernel_profiler.hpp:32:22: note: '#pragma message: TRISC-FW,/opt/tt-metal/tt_metal/hw/firmware/src/tt-1xx/trisc.cc,150,KERNEL_PROFILER'
   32 | #define DO_PRAGMA(x) _Pragma(#x)
      |                      ^~~~~~~
/opt/tt-metal/tt_metal/tools/profiler/kernel_profiler.hpp:1042:5: note: in expansion of macro 'DO_PRAGMA'
 1042 |     DO_PRAGMA(message(PROFILER_MSG_NAME(name)));                               \
      |     ^~~~~~~~~
/opt/tt-metal/tt_metal/hw/firmware/src/tt-1xx/trisc.cc:150:9: note: in expansion of macro 'DeviceZoneScopedMainN'
  150 |         DeviceZoneScopedMainN("TRISC-FW");
      |         ^~~~~~~~~~~~~~~~~~~~~
Building brisc, compile step:
/opt/tt-metal/runtime/sfpi/compiler/bin/riscv-tt-elf-g++ -Os -std=c++17 -ftt-nttp -ftt-constinit -ftt-consteval -ftt-no-dyninit -flto=1 -flto-partition=one -ffast-math -fno-finite-math-only -fsigned-zeros -fno-associative-math -fno-exceptions -fno-rtti -fno-use-cxa-atexit -g -MMD -Wall -Werror -Wno-error=deprecated-declarations -Wno-error=multistatement-macros -Wno-error=parentheses -Wno-error=unused-but-set-variable -Wno-unused-variable -Wno-unused-function --param=min-pagesize=0 -mcpu=tt-bh -fno-tree-loop-distribute-patterns -Winvalid-pch -Wno-error=invalid-pch -I. -I.. -I/opt/tt-metal/ -I/opt/tt-metal/ttnn -I/opt/tt-metal/ttnn/cpp -I/opt/tt-metal/tt_metal -I/opt/tt-metal/tt_metal/hw/inc -I/opt/tt-metal/tt_metal/tt-llk/common -I/opt/tt-metal/tt_metal/tt-llk/tools/include -I/opt/tt-metal/tt_metal/hostdevcommon/api -I/opt/tt-metal/tt_metal/api/ -I/opt/tt-metal/tt_metal/hw/ckernels/blackhole/metal/common -I/opt/tt-metal/tt_metal/hw/ckernels/blackhole/metal/llk_io -I/opt/tt-metal/tt_metal/hw/inc/internal/tt-1xx -I/opt/tt-metal/tt_metal/hw/inc/internal/tt-1xx/blackhole -I/opt/tt-metal/tt_metal/hw/inc/internal/tt-1xx/blackhole/blackhole_defines -I/opt/tt-metal/tt_metal/hw/inc/internal/tt-1xx/blackhole/noc -I/opt/tt-metal/tt_metal/tt-llk/tt_llk_blackhole/common/inc -I/opt/tt-metal/tt_metal/tt-llk/tt_llk_blackhole/llk_lib -I/opt/tt-metal/tt_metal/tt-llk/tt_llk_blackhole/llk_lib/hal -I/opt/tt-metal/tt_metal/hw/firmware/src/tt-1xx -include /sp/ttcache_prof/tt-metal-cache/pch/18345c44f9208402/pch.h -DIS_NOT_POW2_NUM_L1_BANKS=1 -DLOG_BASE_2_OF_NUM_DRAM_BANKS=3 -DNUM_DRAM_BANKS=8 -DNUM_L1_BANKS=110 -DPCIE_NOC_X=19 -DPCIE_NOC_Y=24 -DTENSIX_FIRMWARE -DLOCAL_MEM_EN=0 -DPROFILE_KERNEL=1 -DPROFILER_FULL_HOST_BUFFER_SIZE_PER_RISC=768000 -DPROCESSOR_INDEX=0 -DCOMPILE_FOR_BRISC -DPROGRAMMABLE_CORE_TYPE=0 -DARCH_BLACKHOLE -DDISPATCH_MESSAGE_ADDR=4290184248 -DFW_BUILD -c -o /sp/ttcache_prof/tt-metal-cache8908659371042919221/firmware/brisc/brisc.2475656884148353978_1.o /opt/tt-metal/tt_metal/hw/firmware/src/tt-1xx/brisc.cc -MF /sp/ttcache_prof/tt-metal-cache8908659371042919221/firmware/brisc/brisc.2475656884148353978_1.d
In file included from /opt/tt-metal/tt_metal/hw/firmware/src/tt-1xx/brisc.cc:21:
/opt/tt-metal/tt_metal/tools/profiler/kernel_profiler.hpp: In function 'void kernel_profiler::finish_profiler(bool)':
/opt/tt-metal/tt_metal/tools/profiler/kernel_profiler.hpp:32:22: note: '#pragma message: PROFILER-NOC-FLUSH,/opt/tt-metal/tt_metal/tools/profiler/kernel_profiler.hpp,481,KERNEL_PROFILER'
   32 | #define DO_PRAGMA(x) _Pragma(#x)
      |                      ^~~~~~~
/opt/tt-metal/tt_metal/tools/profiler/kernel_profiler.hpp:42:5: note: in expansion of macro 'DO_PRAGMA'
   42 |     DO_PRAGMA(message(PROFILER_MSG_NAME(name))); \
      |     ^~~~~~~~~
/opt/tt-metal/tt_metal/tools/profiler/kernel_profiler.hpp:481:17: note: in expansion of macro 'SrcLocNameToHash'
  481 |                 SrcLocNameToHash("PROFILER-NOC-FLUSH");
      |                 ^~~~~~~~~~~~~~~~
/opt/tt-metal/tt_metal/tools/profiler/kernel_profiler.hpp:32:22: note: '#pragma message: PROFILER-DRAM-PUSH,/opt/tt-metal/tt_metal/tools/profiler/kernel_profiler.hpp,490,KERNEL_PROFILER'
   32 | #define DO_PRAGMA(x) _Pragma(#x)
      |                      ^~~~~~~
/opt/tt-metal/tt_metal/tools/profiler/kernel_profiler.hpp:42:5: note: in expansion of macro 'DO_PRAGMA'
   42 |     DO_PRAGMA(message(PROFILER_MSG_NAME(name))); \
      |     ^~~~~~~~~
/opt/tt-metal/tt_metal/tools/profiler/kernel_profiler.hpp:490:17: note: in expansion of macro 'SrcLocNameToHash'
  490 |                 SrcLocNameToHash("PROFILER-DRAM-PUSH");
      |                 ^~~~~~~~~~~~~~~~
/opt/tt-metal/tt_metal/tools/profiler/kernel_profiler.hpp: In function 'void kernel_profiler::quick_push()':
/opt/tt-metal/tt_metal/tools/profiler/kernel_profiler.hpp:32:22: note: '#pragma message: PROFILER-NOC-QUICK-PUSH,/opt/tt-metal/tt_metal/tools/profiler/kernel_profiler.hpp,633,KERNEL_PROFILER'
   32 | #define DO_PRAGMA(x) _Pragma(#x)
      |                      ^~~~~~~
/opt/tt-metal/tt_metal/tools/profiler/kernel_profiler.hpp:42:5: note: in expansion of macro 'DO_PRAGMA'
   42 |     DO_PRAGMA(message(PROFILER_MSG_NAME(name))); \
      |     ^~~~~~~~~
/opt/tt-metal/tt_metal/tools/profiler/kernel_profiler.hpp:633:5: note: in expansion of macro 'SrcLocNameToHash'
  633 |     SrcLocNameToHash("PROFILER-NOC-QUICK-PUSH");
      |     ^~~~~~~~~~~~~~~~
/opt/tt-metal/tt_metal/hw/firmware/src/tt-1xx/brisc.cc: In function 'int main()':
/opt/tt-metal/tt_metal/tools/profiler/kernel_profiler.hpp:32:22: note: '#pragma message: BRISC-FW,/opt/tt-metal/tt_metal/hw/firmware/src/tt-1xx/brisc.cc,438,KERNEL_PROFILER'
   32 | #define DO_PRAGMA(x) _Pragma(#x)
      |                      ^~~~~~~
/opt/tt-metal/tt_metal/tools/profiler/kernel_profiler.hpp:1042:5: note: in expansion of macro 'DO_PRAGMA'
 1042 |     DO_PRAGMA(message(PROFILER_MSG_NAME(name)));                               \
      |     ^~~~~~~~~
/opt/tt-metal/tt_metal/hw/firmware/src/tt-1xx/brisc.cc:438:13: note: in expansion of macro 'DeviceZoneScopedMainN'
  438 |             DeviceZoneScopedMainN("BRISC-FW");
      |             ^~~~~~~~~~~~~~~~~~~~~
Building trisc1, compile step:
/opt/tt-metal/runtime/sfpi/compiler/bin/riscv-tt-elf-g++ -O3 -std=c++17 -ftt-nttp -ftt-constinit -ftt-consteval -ftt-no-dyninit -flto=1 -flto-partition=one -ffast-math -fno-finite-math-only -fsigned-zeros -fno-associative-math -fno-exceptions -fno-rtti -fno-use-cxa-atexit -g -MMD -Wall -Werror -Wno-error=deprecated-declarations -Wno-error=multistatement-macros -Wno-error=parentheses -Wno-error=unused-but-set-variable -Wno-unused-variable -Wno-unused-function --param=min-pagesize=0 -mcpu=tt-bh-tensix -Winvalid-pch -Wno-error=invalid-pch -I. -I.. -I/opt/tt-metal/ -I/opt/tt-metal/ttnn -I/opt/tt-metal/ttnn/cpp -I/opt/tt-metal/tt_metal -I/opt/tt-metal/tt_metal/hw/inc -I/opt/tt-metal/tt_metal/tt-llk/common -I/opt/tt-metal/tt_metal/tt-llk/tools/include -I/opt/tt-metal/tt_metal/hostdevcommon/api -I/opt/tt-metal/tt_metal/api/ -I/opt/tt-metal/runtime/sfpi/include -I/opt/tt-metal/tt_metal/hw/ckernels/blackhole/metal/common -I/opt/tt-metal/tt_metal/hw/ckernels/blackhole/metal/llk_io -I/opt/tt-metal/tt_metal/hw/inc/internal/tt-1xx -I/opt/tt-metal/tt_metal/hw/inc/internal/tt-1xx/blackhole -I/opt/tt-metal/tt_metal/hw/inc/internal/tt-1xx/blackhole/blackhole_defines -I/opt/tt-metal/tt_metal/hw/inc/internal/tt-1xx/blackhole/noc -I/opt/tt-metal/tt_metal/tt-llk/tt_llk_blackhole/common/inc -I/opt/tt-metal/tt_metal/tt-llk/tt_llk_blackhole/llk_lib -I/opt/tt-metal/tt_metal/tt-llk/tt_llk_blackhole/llk_lib/hal -I/opt/tt-metal/tt_metal/hw/ckernels/blackhole/metal/llk_api -I/opt/tt-metal/tt_metal/hw/ckernels/blackhole/metal/llk_api/llk_sfpu -I/opt/tt-metal/tt_metal/hw/firmware/src/tt-1xx -include /sp/ttcache_prof/tt-metal-cache/pch/e13a6eedc934b130/pch.h -DIS_NOT_POW2_NUM_L1_BANKS=1 -DLOG_BASE_2_OF_NUM_DRAM_BANKS=3 -DNUM_DRAM_BANKS=8 -DNUM_L1_BANKS=110 -DPCIE_NOC_X=19 -DPCIE_NOC_Y=24 -DTENSIX_FIRMWARE -DLOCAL_MEM_EN=0 -DPROFILE_KERNEL=1 -DPROFILER_FULL_HOST_BUFFER_SIZE_PER_RISC=768000 -DPROCESSOR_INDEX=3 -DUCK_CHLKC_MATH -DCOMPILE_FOR_TRISC=1 -DPROGRAMMABLE_CORE_TYPE=0 -DARCH_BLACKHOLE -DDISPATCH_MESSAGE_ADDR=4290184248 -DFW_BUILD -c -o /sp/ttcache_prof/tt-metal-cache8908659371042919221/firmware/trisc1/trisc.2475656884148353978_1.o /opt/tt-metal/tt_metal/hw/firmware/src/tt-1xx/trisc.cc -MF /sp/ttcache_prof/tt-metal-cache8908659371042919221/firmware/trisc1/trisc.2475656884148353978_1.d
In file included from /opt/tt-metal/tt_metal/hw/firmware/src/tt-1xx/trisc.cc:13:
/opt/tt-metal/tt_metal/hw/firmware/src/tt-1xx/trisc.cc: In function 'int main(int, char**)':
/opt/tt-metal/tt_metal/tools/profiler/kernel_profiler.hpp:32:22: note: '#pragma message: TRISC-FW,/opt/tt-metal/tt_metal/hw/firmware/src/tt-1xx/trisc.cc,150,KERNEL_PROFILER'
   32 | #define DO_PRAGMA(x) _Pragma(#x)
      |                      ^~~~~~~
/opt/tt-metal/tt_metal/tools/profiler/kernel_profiler.hpp:1042:5: note: in expansion of macro 'DO_PRAGMA'
 1042 |     DO_PRAGMA(message(PROFILER_MSG_NAME(name)));                               \
      |     ^~~~~~~~~
/opt/tt-metal/tt_metal/hw/firmware/src/tt-1xx/trisc.cc:150:9: note: in expansion of macro 'DeviceZoneScopedMainN'
  150 |         DeviceZoneScopedMainN("TRISC-FW");
      |         ^~~~~~~~~~~~~~~~~~~~~
Building subordinate_active_erisc, compile step:
/opt/tt-metal/runtime/sfpi/compiler/bin/riscv-tt-elf-g++ -Os -std=c++17 -ftt-nttp -ftt-constinit -ftt-consteval -ftt-no-dyninit -flto=1 -flto-partition=one -ffast-math -fno-finite-math-only -fsigned-zeros -fno-associative-math -fno-exceptions -fno-rtti -fno-use-cxa-atexit -g -MMD -Wall -Werror -Wno-error=deprecated-declarations -Wno-error=multistatement-macros -Wno-error=parentheses -Wno-error=unused-but-set-variable -Wno-unused-variable -Wno-unused-function --param=min-pagesize=0 -mcpu=tt-bh -fno-tree-loop-distribute-patterns -Winvalid-pch -Wno-error=invalid-pch -I. -I.. -I/opt/tt-metal/ -I/opt/tt-metal/ttnn -I/opt/tt-metal/ttnn/cpp -I/opt/tt-metal/tt_metal -I/opt/tt-metal/tt_metal/hw/inc -I/opt/tt-metal/tt_metal/tt-llk/common -I/opt/tt-metal/tt_metal/tt-llk/tools/include -I/opt/tt-metal/tt_metal/hostdevcommon/api -I/opt/tt-metal/tt_metal/api/ -I/opt/tt-metal/tt_metal/hw/ckernels/blackhole/metal/common -I/opt/tt-metal/tt_metal/hw/ckernels/blackhole/metal/llk_io -I/opt/tt-metal/tt_metal/hw/inc/internal/tt-1xx -I/opt/tt-metal/tt_metal/hw/inc/internal/tt-1xx/blackhole -I/opt/tt-metal/tt_metal/hw/inc/internal/tt-1xx/blackhole/blackhole_defines -I/opt/tt-metal/tt_metal/hw/inc/internal/tt-1xx/blackhole/noc -I/opt/tt-metal/tt_metal/tt-llk/tt_llk_blackhole/common/inc -I/opt/tt-metal/tt_metal/tt-llk/tt_llk_blackhole/llk_lib -I/opt/tt-metal/tt_metal/tt-llk/tt_llk_blackhole/llk_lib/hal -I/opt/tt-metal/tt_metal/hw/inc/ethernet -I/opt/tt-metal/tt_metal/hw/firmware/src/tt-1xx -include /sp/ttcache_prof/tt-metal-cache/pch/18345c44f9208402/pch.h -DIS_NOT_POW2_NUM_L1_BANKS=1 -DLOG_BASE_2_OF_NUM_DRAM_BANKS=3 -DNUM_DRAM_BANKS=8 -DNUM_L1_BANKS=110 -DPCIE_NOC_X=19 -DPCIE_NOC_Y=24 -DTENSIX_FIRMWARE -DLOCAL_MEM_EN=0 -DPROFILE_KERNEL=1 -DPROFILER_FULL_HOST_BUFFER_SIZE_PER_RISC=768000 -DPROCESSOR_INDEX=1 -DCOMPILE_FOR_ERISC -DERISC -DRISC_B0_HW -DCOMPILE_FOR_AERISC=1 -DPROGRAMMABLE_CORE_TYPE=1 -DARCH_BLACKHOLE -DENABLE_2_ERISC_MODE -DPHYSICAL_AERISC_ID=1 -DAERISC_PTP_TRACE_SUPPORTED -DDISPATCH_MESSAGE_ADDR=4290184248 -DFW_BUILD -c -o /sp/ttcache_prof/tt-metal-cache8908659371042919221/firmware/subordinate_active_erisc/subordinate_erisc.2475656884148353978_1.o /opt/tt-metal/tt_metal/hw/firmware/src/tt-1xx/subordinate_erisc.cc -MF /sp/ttcache_prof/tt-metal-cache8908659371042919221/firmware/subordinate_active_erisc/subordinate_erisc.2475656884148353978_1.d
In file included from /opt/tt-metal/tt_metal/hw/firmware/src/tt-1xx/subordinate_erisc.cc:12:
/opt/tt-metal/tt_metal/hw/firmware/src/tt-1xx/subordinate_erisc.cc: In function 'int main()':
/opt/tt-metal/tt_metal/tools/profiler/kernel_profiler.hpp:32:22: note: '#pragma message: SUBORDINATE-ACTIVE-ERISC1-FW,/opt/tt-metal/tt_metal/hw/firmware/src/tt-1xx/subordinate_erisc.cc,139,KERNEL_PROFILER'
   32 | #define DO_PRAGMA(x) _Pragma(#x)
      |                      ^~~~~~~
/opt/tt-metal/tt_metal/tools/profiler/kernel_profiler.hpp:1042:5: note: in expansion of macro 'DO_PRAGMA'
 1042 |     DO_PRAGMA(message(PROFILER_MSG_NAME(name)));                               \
      |     ^~~~~~~~~
/opt/tt-metal/tt_metal/hw/firmware/src/tt-1xx/subordinate_erisc.cc:139:9: note: in expansion of macro 'DeviceZoneScopedMainN'
  139 |         DeviceZoneScopedMainN(PROFILER_NAME);
      |         ^~~~~~~~~~~~~~~~~~~~~
Building trisc2, compile step:
/opt/tt-metal/runtime/sfpi/compiler/bin/riscv-tt-elf-g++ -O3 -std=c++17 -ftt-nttp -ftt-constinit -ftt-consteval -ftt-no-dyninit -flto=1 -flto-partition=one -ffast-math -fno-finite-math-only -fsigned-zeros -fno-associative-math -fno-exceptions -fno-rtti -fno-use-cxa-atexit -g -MMD -Wall -Werror -Wno-error=deprecated-declarations -Wno-error=multistatement-macros -Wno-error=parentheses -Wno-error=unused-but-set-variable -Wno-unused-variable -Wno-unused-function --param=min-pagesize=0 -mcpu=tt-bh-tensix -Winvalid-pch -Wno-error=invalid-pch -I. -I.. -I/opt/tt-metal/ -I/opt/tt-metal/ttnn -I/opt/tt-metal/ttnn/cpp -I/opt/tt-metal/tt_metal -I/opt/tt-metal/tt_metal/hw/inc -I/opt/tt-metal/tt_metal/tt-llk/common -I/opt/tt-metal/tt_metal/tt-llk/tools/include -I/opt/tt-metal/tt_metal/hostdevcommon/api -I/opt/tt-metal/tt_metal/api/ -I/opt/tt-metal/runtime/sfpi/include -I/opt/tt-metal/tt_metal/hw/ckernels/blackhole/metal/common -I/opt/tt-metal/tt_metal/hw/ckernels/blackhole/metal/llk_io -I/opt/tt-metal/tt_metal/hw/inc/internal/tt-1xx -I/opt/tt-metal/tt_metal/hw/inc/internal/tt-1xx/blackhole -I/opt/tt-metal/tt_metal/hw/inc/internal/tt-1xx/blackhole/blackhole_defines -I/opt/tt-metal/tt_metal/hw/inc/internal/tt-1xx/blackhole/noc -I/opt/tt-metal/tt_metal/tt-llk/tt_llk_blackhole/common/inc -I/opt/tt-metal/tt_metal/tt-llk/tt_llk_blackhole/llk_lib -I/opt/tt-metal/tt_metal/tt-llk/tt_llk_blackhole/llk_lib/hal -I/opt/tt-metal/tt_metal/hw/ckernels/blackhole/metal/llk_api -I/opt/tt-metal/tt_metal/hw/ckernels/blackhole/metal/llk_api/llk_sfpu -I/opt/tt-metal/tt_metal/hw/firmware/src/tt-1xx -include /sp/ttcache_prof/tt-metal-cache/pch/e13a6eedc934b130/pch.h -DIS_NOT_POW2_NUM_L1_BANKS=1 -DLOG_BASE_2_OF_NUM_DRAM_BANKS=3 -DNUM_DRAM_BANKS=8 -DNUM_L1_BANKS=110 -DPCIE_NOC_X=19 -DPCIE_NOC_Y=24 -DTENSIX_FIRMWARE -DLOCAL_MEM_EN=0 -DPROFILE_KERNEL=1 -DPROFILER_FULL_HOST_BUFFER_SIZE_PER_RISC=768000 -DPROCESSOR_INDEX=4 -DUCK_CHLKC_PACK -DCOMPILE_FOR_TRISC=2 -DPROGRAMMABLE_CORE_TYPE=0 -DARCH_BLACKHOLE -DDISPATCH_MESSAGE_ADDR=4290184248 -DFW_BUILD -c -o /sp/ttcache_prof/tt-metal-cache8908659371042919221/firmware/trisc2/trisc.2475656884148353978_1.o /opt/tt-metal/tt_metal/hw/firmware/src/tt-1xx/trisc.cc -MF /sp/ttcache_prof/tt-metal-cache8908659371042919221/firmware/trisc2/trisc.2475656884148353978_1.d
In file included from /opt/tt-metal/tt_metal/hw/firmware/src/tt-1xx/trisc.cc:13:
/opt/tt-metal/tt_metal/hw/firmware/src/tt-1xx/trisc.cc: In function 'int main(int, char**)':
/opt/tt-metal/tt_metal/tools/profiler/kernel_profiler.hpp:32:22: note: '#pragma message: TRISC-FW,/opt/tt-metal/tt_metal/hw/firmware/src/tt-1xx/trisc.cc,150,KERNEL_PROFILER'
   32 | #define DO_PRAGMA(x) _Pragma(#x)
      |                      ^~~~~~~
/opt/tt-metal/tt_metal/tools/profiler/kernel_profiler.hpp:1042:5: note: in expansion of macro 'DO_PRAGMA'
 1042 |     DO_PRAGMA(message(PROFILER_MSG_NAME(name)));                               \
      |     ^~~~~~~~~
/opt/tt-metal/tt_metal/hw/firmware/src/tt-1xx/trisc.cc:150:9: note: in expansion of macro 'DeviceZoneScopedMainN'
  150 |         DeviceZoneScopedMainN("TRISC-FW");
      |         ^~~~~~~~~~~~~~~~~~~~~
Building ncrisc, compile step:
/opt/tt-metal/runtime/sfpi/compiler/bin/riscv-tt-elf-g++ -Os -std=c++17 -ftt-nttp -ftt-constinit -ftt-consteval -ftt-no-dyninit -flto=1 -flto-partition=one -ffast-math -fno-finite-math-only -fsigned-zeros -fno-associative-math -fno-exceptions -fno-rtti -fno-use-cxa-atexit -g -MMD -Wall -Werror -Wno-error=deprecated-declarations -Wno-error=multistatement-macros -Wno-error=parentheses -Wno-error=unused-but-set-variable -Wno-unused-variable -Wno-unused-function --param=min-pagesize=0 -mcpu=tt-bh -fno-tree-loop-distribute-patterns -Winvalid-pch -Wno-error=invalid-pch -I. -I.. -I/opt/tt-metal/ -I/opt/tt-metal/ttnn -I/opt/tt-metal/ttnn/cpp -I/opt/tt-metal/tt_metal -I/opt/tt-metal/tt_metal/hw/inc -I/opt/tt-metal/tt_metal/tt-llk/common -I/opt/tt-metal/tt_metal/tt-llk/tools/include -I/opt/tt-metal/tt_metal/hostdevcommon/api -I/opt/tt-metal/tt_metal/api/ -I/opt/tt-metal/tt_metal/hw/ckernels/blackhole/metal/common -I/opt/tt-metal/tt_metal/hw/ckernels/blackhole/metal/llk_io -I/opt/tt-metal/tt_metal/hw/inc/internal/tt-1xx -I/opt/tt-metal/tt_metal/hw/inc/internal/tt-1xx/blackhole -I/opt/tt-metal/tt_metal/hw/inc/internal/tt-1xx/blackhole/blackhole_defines -I/opt/tt-metal/tt_metal/hw/inc/internal/tt-1xx/blackhole/noc -I/opt/tt-metal/tt_metal/tt-llk/tt_llk_blackhole/common/inc -I/opt/tt-metal/tt_metal/tt-llk/tt_llk_blackhole/llk_lib -I/opt/tt-metal/tt_metal/tt-llk/tt_llk_blackhole/llk_lib/hal -I/opt/tt-metal/tt_metal/hw/firmware/src/tt-1xx -include /sp/ttcache_prof/tt-metal-cache/pch/18345c44f9208402/pch.h -DIS_NOT_POW2_NUM_L1_BANKS=1 -DLOG_BASE_2_OF_NUM_DRAM_BANKS=3 -DNUM_DRAM_BANKS=8 -DNUM_L1_BANKS=110 -DPCIE_NOC_X=19 -DPCIE_NOC_Y=24 -DTENSIX_FIRMWARE -DLOCAL_MEM_EN=0 -DPROFILE_KERNEL=1 -DPROFILER_FULL_HOST_BUFFER_SIZE_PER_RISC=768000 -DPROCESSOR_INDEX=1 -DCOMPILE_FOR_NCRISC -DPROGRAMMABLE_CORE_TYPE=0 -DARCH_BLACKHOLE -DDISPATCH_MESSAGE_ADDR=4290184248 -DFW_BUILD -c -o /sp/ttcache_prof/tt-metal-cache8908659371042919221/firmware/ncrisc/ncrisc.2475656884148353978_1.o /opt/tt-metal/tt_metal/hw/firmware/src/tt-1xx/ncrisc.cc -MF /sp/ttcache_prof/tt-metal-cache8908659371042919221/firmware/ncrisc/ncrisc.2475656884148353978_1.d
In file included from /opt/tt-metal/tt_metal/hw/firmware/src/tt-1xx/ncrisc.cc:13:
/opt/tt-metal/tt_metal/tools/profiler/kernel_profiler.hpp: In function 'void kernel_profiler::quick_push()':
/opt/tt-metal/tt_metal/tools/profiler/kernel_profiler.hpp:32:22: note: '#pragma message: PROFILER-NOC-QUICK-PUSH,/opt/tt-metal/tt_metal/tools/profiler/kernel_profiler.hpp,633,KERNEL_PROFILER'
   32 | #define DO_PRAGMA(x) _Pragma(#x)
      |                      ^~~~~~~
/opt/tt-metal/tt_metal/tools/profiler/kernel_profiler.hpp:42:5: note: in expansion of macro 'DO_PRAGMA'
   42 |     DO_PRAGMA(message(PROFILER_MSG_NAME(name))); \
      |     ^~~~~~~~~
/opt/tt-metal/tt_metal/tools/profiler/kernel_profiler.hpp:633:5: note: in expansion of macro 'SrcLocNameToHash'
  633 |     SrcLocNameToHash("PROFILER-NOC-QUICK-PUSH");
      |     ^~~~~~~~~~~~~~~~
/opt/tt-metal/tt_metal/hw/firmware/src/tt-1xx/ncrisc.cc: In function 'int main(int, char**)':
/opt/tt-metal/tt_metal/tools/profiler/kernel_profiler.hpp:32:22: note: '#pragma message: NCRISC-FW,/opt/tt-metal/tt_metal/hw/firmware/src/tt-1xx/ncrisc.cc,129,KERNEL_PROFILER'
   32 | #define DO_PRAGMA(x) _Pragma(#x)
      |                      ^~~~~~~
/opt/tt-metal/tt_metal/tools/profiler/kernel_profiler.hpp:1042:5: note: in expansion of macro 'DO_PRAGMA'
 1042 |     DO_PRAGMA(message(PROFILER_MSG_NAME(name)));                               \
      |     ^~~~~~~~~
/opt/tt-metal/tt_metal/hw/firmware/src/tt-1xx/ncrisc.cc:129:9: note: in expansion of macro 'DeviceZoneScopedMainN'
  129 |         DeviceZoneScopedMainN("NCRISC-FW");
      |         ^~~~~~~~~~~~~~~~~~~~~
Building subordinate_idle_erisc, compile step:
/opt/tt-metal/runtime/sfpi/compiler/bin/riscv-tt-elf-g++ -Os -std=c++17 -ftt-nttp -ftt-constinit -ftt-consteval -ftt-no-dyninit -flto=1 -flto-partition=one -ffast-math -fno-finite-math-only -fsigned-zeros -fno-associative-math -fno-exceptions -fno-rtti -fno-use-cxa-atexit -g -MMD -Wall -Werror -Wno-error=deprecated-declarations -Wno-error=multistatement-macros -Wno-error=parentheses -Wno-error=unused-but-set-variable -Wno-unused-variable -Wno-unused-function --param=min-pagesize=0 -mcpu=tt-bh -fno-tree-loop-distribute-patterns -Winvalid-pch -Wno-error=invalid-pch -I. -I.. -I/opt/tt-metal/ -I/opt/tt-metal/ttnn -I/opt/tt-metal/ttnn/cpp -I/opt/tt-metal/tt_metal -I/opt/tt-metal/tt_metal/hw/inc -I/opt/tt-metal/tt_metal/tt-llk/common -I/opt/tt-metal/tt_metal/tt-llk/tools/include -I/opt/tt-metal/tt_metal/hostdevcommon/api -I/opt/tt-metal/tt_metal/api/ -I/opt/tt-metal/tt_metal/hw/ckernels/blackhole/metal/common -I/opt/tt-metal/tt_metal/hw/ckernels/blackhole/metal/llk_io -I/opt/tt-metal/tt_metal/hw/inc/internal/tt-1xx -I/opt/tt-metal/tt_metal/hw/inc/internal/tt-1xx/blackhole -I/opt/tt-metal/tt_metal/hw/inc/internal/tt-1xx/blackhole/blackhole_defines -I/opt/tt-metal/tt_metal/hw/inc/internal/tt-1xx/blackhole/noc -I/opt/tt-metal/tt_metal/tt-llk/tt_llk_blackhole/common/inc -I/opt/tt-metal/tt_metal/tt-llk/tt_llk_blackhole/llk_lib -I/opt/tt-metal/tt_metal/tt-llk/tt_llk_blackhole/llk_lib/hal -I/opt/tt-metal/tt_metal/hw/firmware/src/tt-1xx -include /sp/ttcache_prof/tt-metal-cache/pch/18345c44f9208402/pch.h -DIS_NOT_POW2_NUM_L1_BANKS=1 -DLOG_BASE_2_OF_NUM_DRAM_BANKS=3 -DNUM_DRAM_BANKS=8 -DNUM_L1_BANKS=110 -DPCIE_NOC_X=19 -DPCIE_NOC_Y=24 -DTENSIX_FIRMWARE -DLOCAL_MEM_EN=0 -DPROFILE_KERNEL=1 -DPROFILER_FULL_HOST_BUFFER_SIZE_PER_RISC=768000 -DPROCESSOR_INDEX=1 -DCOMPILE_FOR_IDLE_ERISC=1 -DERISC -DRISC_B0_HW -DPROGRAMMABLE_CORE_TYPE=2 -DARCH_BLACKHOLE -DDISPATCH_MESSAGE_ADDR=4290184248 -DFW_BUILD -c -o /sp/ttcache_prof/tt-metal-cache8908659371042919221/firmware/subordinate_idle_erisc/subordinate_erisc.2475656884148353978_1.o /opt/tt-metal/tt_metal/hw/firmware/src/tt-1xx/subordinate_erisc.cc -MF /sp/ttcache_prof/tt-metal-cache8908659371042919221/firmware/subordinate_idle_erisc/subordinate_erisc.2475656884148353978_1.d
In file included from /opt/tt-metal/tt_metal/hw/firmware/src/tt-1xx/subordinate_erisc.cc:12:
/opt/tt-metal/tt_metal/tools/profiler/kernel_profiler.hpp: In function 'void kernel_profiler::finish_profiler(bool)':
/opt/tt-metal/tt_metal/tools/profiler/kernel_profiler.hpp:32:22: note: '#pragma message: PROFILER-NOC-FLUSH,/opt/tt-metal/tt_metal/tools/profiler/kernel_profiler.hpp,481,KERNEL_PROFILER'
   32 | #define DO_PRAGMA(x) _Pragma(#x)
      |                      ^~~~~~~
/opt/tt-metal/tt_metal/tools/profiler/kernel_profiler.hpp:42:5: note: in expansion of macro 'DO_PRAGMA'
   42 |     DO_PRAGMA(message(PROFILER_MSG_NAME(name))); \
      |     ^~~~~~~~~
/opt/tt-metal/tt_metal/tools/profiler/kernel_profiler.hpp:481:17: note: in expansion of macro 'SrcLocNameToHash'
  481 |                 SrcLocNameToHash("PROFILER-NOC-FLUSH");
      |                 ^~~~~~~~~~~~~~~~
/opt/tt-metal/tt_metal/tools/profiler/kernel_profiler.hpp:32:22: note: '#pragma message: PROFILER-DRAM-PUSH,/opt/tt-metal/tt_metal/tools/profiler/kernel_profiler.hpp,490,KERNEL_PROFILER'
   32 | #define DO_PRAGMA(x) _Pragma(#x)
      |                      ^~~~~~~
/opt/tt-metal/tt_metal/tools/profiler/kernel_profiler.hpp:42:5: note: in expansion of macro 'DO_PRAGMA'
   42 |     DO_PRAGMA(message(PROFILER_MSG_NAME(name))); \
      |     ^~~~~~~~~
/opt/tt-metal/tt_metal/tools/profiler/kernel_profiler.hpp:490:17: note: in expansion of macro 'SrcLocNameToHash'
  490 |                 SrcLocNameToHash("PROFILER-DRAM-PUSH");
      |                 ^~~~~~~~~~~~~~~~
/opt/tt-metal/tt_metal/tools/profiler/kernel_profiler.hpp: In function 'void kernel_profiler::quick_push()':
/opt/tt-metal/tt_metal/tools/profiler/kernel_profiler.hpp:32:22: note: '#pragma message: PROFILER-NOC-QUICK-PUSH,/opt/tt-metal/tt_metal/tools/profiler/kernel_profiler.hpp,633,KERNEL_PROFILER'
   32 | #define DO_PRAGMA(x) _Pragma(#x)
      |                      ^~~~~~~
/opt/tt-metal/tt_metal/tools/profiler/kernel_profiler.hpp:42:5: note: in expansion of macro 'DO_PRAGMA'
   42 |     DO_PRAGMA(message(PROFILER_MSG_NAME(name))); \
      |     ^~~~~~~~~
/opt/tt-metal/tt_metal/tools/profiler/kernel_profiler.hpp:633:5: note: in expansion of macro 'SrcLocNameToHash'
  633 |     SrcLocNameToHash("PROFILER-NOC-QUICK-PUSH");
      |     ^~~~~~~~~~~~~~~~
/opt/tt-metal/tt_metal/hw/firmware/src/tt-1xx/subordinate_erisc.cc: In function 'int main()':
/opt/tt-metal/tt_metal/tools/profiler/kernel_profiler.hpp:32:22: note: '#pragma message: SUBORDINATE-IDLE-ERISC1-FW,/opt/tt-metal/tt_metal/hw/firmware/src/tt-1xx/subordinate_erisc.cc,139,KERNEL_PROFILER'
   32 | #define DO_PRAGMA(x) _Pragma(#x)
      |                      ^~~~~~~
/opt/tt-metal/tt_metal/tools/profiler/kernel_profiler.hpp:1042:5: note: in expansion of macro 'DO_PRAGMA'
 1042 |     DO_PRAGMA(message(PROFILER_MSG_NAME(name)));                               \
      |     ^~~~~~~~~
/opt/tt-metal/tt_metal/hw/firmware/src/tt-1xx/subordinate_erisc.cc:139:9: note: in expansion of macro 'DeviceZoneScopedMainN'
  139 |         DeviceZoneScopedMainN(PROFILER_NAME);
      |         ^~~~~~~~~~~~~~~~~~~~~
Building idle_erisc, compile step:
/opt/tt-metal/runtime/sfpi/compiler/bin/riscv-tt-elf-g++ -Os -std=c++17 -ftt-nttp -ftt-constinit -ftt-consteval -ftt-no-dyninit -flto=1 -flto-partition=one -ffast-math -fno-finite-math-only -fsigned-zeros -fno-associative-math -fno-exceptions -fno-rtti -fno-use-cxa-atexit -g -MMD -Wall -Werror -Wno-error=deprecated-declarations -Wno-error=multistatement-macros -Wno-error=parentheses -Wno-error=unused-but-set-variable -Wno-unused-variable -Wno-unused-function --param=min-pagesize=0 -mcpu=tt-bh -fno-tree-loop-distribute-patterns -Winvalid-pch -Wno-error=invalid-pch -I. -I.. -I/opt/tt-metal/ -I/opt/tt-metal/ttnn -I/opt/tt-metal/ttnn/cpp -I/opt/tt-metal/tt_metal -I/opt/tt-metal/tt_metal/hw/inc -I/opt/tt-metal/tt_metal/tt-llk/common -I/opt/tt-metal/tt_metal/tt-llk/tools/include -I/opt/tt-metal/tt_metal/hostdevcommon/api -I/opt/tt-metal/tt_metal/api/ -I/opt/tt-metal/tt_metal/hw/ckernels/blackhole/metal/common -I/opt/tt-metal/tt_metal/hw/ckernels/blackhole/metal/llk_io -I/opt/tt-metal/tt_metal/hw/inc/internal/tt-1xx -I/opt/tt-metal/tt_metal/hw/inc/internal/tt-1xx/blackhole -I/opt/tt-metal/tt_metal/hw/inc/internal/tt-1xx/blackhole/blackhole_defines -I/opt/tt-metal/tt_metal/hw/inc/internal/tt-1xx/blackhole/noc -I/opt/tt-metal/tt_metal/tt-llk/tt_llk_blackhole/common/inc -I/opt/tt-metal/tt_metal/tt-llk/tt_llk_blackhole/llk_lib -I/opt/tt-metal/tt_metal/tt-llk/tt_llk_blackhole/llk_lib/hal -I/opt/tt-metal/tt_metal/hw/firmware/src/tt-1xx -include /sp/ttcache_prof/tt-metal-cache/pch/18345c44f9208402/pch.h -DIS_NOT_POW2_NUM_L1_BANKS=1 -DLOG_BASE_2_OF_NUM_DRAM_BANKS=3 -DNUM_DRAM_BANKS=8 -DNUM_L1_BANKS=110 -DPCIE_NOC_X=19 -DPCIE_NOC_Y=24 -DTENSIX_FIRMWARE -DLOCAL_MEM_EN=0 -DPROFILE_KERNEL=1 -DPROFILER_FULL_HOST_BUFFER_SIZE_PER_RISC=768000 -DPROCESSOR_INDEX=0 -DCOMPILE_FOR_IDLE_ERISC=0 -DERISC -DRISC_B0_HW -DPROGRAMMABLE_CORE_TYPE=2 -DARCH_BLACKHOLE -DDISPATCH_MESSAGE_ADDR=4290184248 -DFW_BUILD -c -o /sp/ttcache_prof/tt-metal-cache8908659371042919221/firmware/idle_erisc/idle_erisc.2475656884148353978_1.o /opt/tt-metal/tt_metal/hw/firmware/src/tt-1xx/idle_erisc.cc -MF /sp/ttcache_prof/tt-metal-cache8908659371042919221/firmware/idle_erisc/idle_erisc.2475656884148353978_1.d
In file included from /opt/tt-metal/tt_metal/hw/firmware/src/tt-1xx/idle_erisc.cc:18:
/opt/tt-metal/tt_metal/tools/profiler/kernel_profiler.hpp: In function 'void kernel_profiler::finish_profiler(bool)':
/opt/tt-metal/tt_metal/tools/profiler/kernel_profiler.hpp:32:22: note: '#pragma message: PROFILER-NOC-FLUSH,/opt/tt-metal/tt_metal/tools/profiler/kernel_profiler.hpp,481,KERNEL_PROFILER'
   32 | #define DO_PRAGMA(x) _Pragma(#x)
      |                      ^~~~~~~
/opt/tt-metal/tt_metal/tools/profiler/kernel_profiler.hpp:42:5: note: in expansion of macro 'DO_PRAGMA'
   42 |     DO_PRAGMA(message(PROFILER_MSG_NAME(name))); \
      |     ^~~~~~~~~
/opt/tt-metal/tt_metal/tools/profiler/kernel_profiler.hpp:481:17: note: in expansion of macro 'SrcLocNameToHash'
  481 |                 SrcLocNameToHash("PROFILER-NOC-FLUSH");
      |                 ^~~~~~~~~~~~~~~~
/opt/tt-metal/tt_metal/tools/profiler/kernel_profiler.hpp:32:22: note: '#pragma message: PROFILER-DRAM-PUSH,/opt/tt-metal/tt_metal/tools/profiler/kernel_profiler.hpp,490,KERNEL_PROFILER'
   32 | #define DO_PRAGMA(x) _Pragma(#x)
      |                      ^~~~~~~
/opt/tt-metal/tt_metal/tools/profiler/kernel_profiler.hpp:42:5: note: in expansion of macro 'DO_PRAGMA'
   42 |     DO_PRAGMA(message(PROFILER_MSG_NAME(name))); \
      |     ^~~~~~~~~
/opt/tt-metal/tt_metal/tools/profiler/kernel_profiler.hpp:490:17: note: in expansion of macro 'SrcLocNameToHash'
  490 |                 SrcLocNameToHash("PROFILER-DRAM-PUSH");
      |                 ^~~~~~~~~~~~~~~~
/opt/tt-metal/tt_metal/tools/profiler/kernel_profiler.hpp: In function 'void kernel_profiler::quick_push()':
/opt/tt-metal/tt_metal/tools/profiler/kernel_profiler.hpp:32:22: note: '#pragma message: PROFILER-NOC-QUICK-PUSH,/opt/tt-metal/tt_metal/tools/profiler/kernel_profiler.hpp,633,KERNEL_PROFILER'
   32 | #define DO_PRAGMA(x) _Pragma(#x)
      |                      ^~~~~~~
/opt/tt-metal/tt_metal/tools/profiler/kernel_profiler.hpp:42:5: note: in expansion of macro 'DO_PRAGMA'
   42 |     DO_PRAGMA(message(PROFILER_MSG_NAME(name))); \
      |     ^~~~~~~~~
/opt/tt-metal/tt_metal/tools/profiler/kernel_profiler.hpp:633:5: note: in expansion of macro 'SrcLocNameToHash'
  633 |     SrcLocNameToHash("PROFILER-NOC-QUICK-PUSH");
      |     ^~~~~~~~~~~~~~~~
/opt/tt-metal/tt_metal/hw/firmware/src/tt-1xx/idle_erisc.cc: In function 'int main()':
/opt/tt-metal/tt_metal/tools/profiler/kernel_profiler.hpp:32:22: note: '#pragma message: ERISC-IDLE-FW,/opt/tt-metal/tt_metal/hw/firmware/src/tt-1xx/idle_erisc.cc,161,KERNEL_PROFILER'
   32 | #define DO_PRAGMA(x) _Pragma(#x)
      |                      ^~~~~~~
/opt/tt-metal/tt_metal/tools/profiler/kernel_profiler.hpp:1042:5: note: in expansion of macro 'DO_PRAGMA'
 1042 |     DO_PRAGMA(message(PROFILER_MSG_NAME(name)));                               \
      |     ^~~~~~~~~
/opt/tt-metal/tt_metal/hw/firmware/src/tt-1xx/idle_erisc.cc:161:13: note: in expansion of macro 'DeviceZoneScopedMainN'
  161 |             DeviceZoneScopedMainN("ERISC-IDLE-FW");
      |             ^~~~~~~~~~~~~~~~~~~~~
Building active_erisc, compile step:
/opt/tt-metal/runtime/sfpi/compiler/bin/riscv-tt-elf-g++ -Os -std=c++17 -ftt-nttp -ftt-constinit -ftt-consteval -ftt-no-dyninit -flto=1 -flto-partition=one -ffast-math -fno-finite-math-only -fsigned-zeros -fno-associative-math -fno-exceptions -fno-rtti -fno-use-cxa-atexit -g -MMD -Wall -Werror -Wno-error=deprecated-declarations -Wno-error=multistatement-macros -Wno-error=parentheses -Wno-error=unused-but-set-variable -Wno-unused-variable -Wno-unused-function --param=min-pagesize=0 -mcpu=tt-bh -fno-tree-loop-distribute-patterns -Werror=stack-usage=1912 -Winvalid-pch -Wno-error=invalid-pch -I. -I.. -I/opt/tt-metal/ -I/opt/tt-metal/ttnn -I/opt/tt-metal/ttnn/cpp -I/opt/tt-metal/tt_metal -I/opt/tt-metal/tt_metal/hw/inc -I/opt/tt-metal/tt_metal/tt-llk/common -I/opt/tt-metal/tt_metal/tt-llk/tools/include -I/opt/tt-metal/tt_metal/hostdevcommon/api -I/opt/tt-metal/tt_metal/api/ -I/opt/tt-metal/tt_metal/hw/ckernels/blackhole/metal/common -I/opt/tt-metal/tt_metal/hw/ckernels/blackhole/metal/llk_io -I/opt/tt-metal/tt_metal/hw/inc/internal/tt-1xx -I/opt/tt-metal/tt_metal/hw/inc/internal/tt-1xx/blackhole -I/opt/tt-metal/tt_metal/hw/inc/internal/tt-1xx/blackhole/blackhole_defines -I/opt/tt-metal/tt_metal/hw/inc/internal/tt-1xx/blackhole/noc -I/opt/tt-metal/tt_metal/tt-llk/tt_llk_blackhole/common/inc -I/opt/tt-metal/tt_metal/tt-llk/tt_llk_blackhole/llk_lib -I/opt/tt-metal/tt_metal/tt-llk/tt_llk_blackhole/llk_lib/hal -I/opt/tt-metal/tt_metal/hw/inc/ethernet -I/opt/tt-metal/tt_metal/hw/firmware/src/tt-1xx -include /sp/ttcache_prof/tt-metal-cache/pch/bdfb241ac0088003/pch.h -DIS_NOT_POW2_NUM_L1_BANKS=1 -DLOG_BASE_2_OF_NUM_DRAM_BANKS=3 -DNUM_DRAM_BANKS=8 -DNUM_L1_BANKS=110 -DPCIE_NOC_X=19 -DPCIE_NOC_Y=24 -DTENSIX_FIRMWARE -DLOCAL_MEM_EN=0 -DPROFILE_KERNEL=1 -DPROFILER_FULL_HOST_BUFFER_SIZE_PER_RISC=768000 -DPROCESSOR_INDEX=0 -DCOMPILE_FOR_ERISC -DERISC -DRISC_B0_HW -DCOMPILE_FOR_AERISC=0 -DPROGRAMMABLE_CORE_TYPE=1 -DARCH_BLACKHOLE -DENABLE_2_ERISC_MODE -DPHYSICAL_AERISC_ID=0 -DAERISC_PTP_TRACE_SUPPORTED -DDISPATCH_MESSAGE_ADDR=4290184248 -DFW_BUILD -c -o /sp/ttcache_prof/tt-metal-cache8908659371042919221/firmware/active_erisc/active_erisc.2475656884148353978_1.o /opt/tt-metal/tt_metal/hw/firmware/src/tt-1xx/active_erisc.cc -MF /sp/ttcache_prof/tt-metal-cache8908659371042919221/firmware/active_erisc/active_erisc.2475656884148353978_1.d
In file included from /opt/tt-metal/tt_metal/hw/firmware/src/tt-1xx/active_erisc.cc:16:
/opt/tt-metal/tt_metal/tools/profiler/kernel_profiler.hpp: In function 'void kernel_profiler::finish_profiler(bool)':
/opt/tt-metal/tt_metal/tools/profiler/kernel_profiler.hpp:32:22: note: '#pragma message: PROFILER-NOC-FLUSH,/opt/tt-metal/tt_metal/tools/profiler/kernel_profiler.hpp,481,KERNEL_PROFILER'
   32 | #define DO_PRAGMA(x) _Pragma(#x)
      |                      ^~~~~~~
/opt/tt-metal/tt_metal/tools/profiler/kernel_profiler.hpp:42:5: note: in expansion of macro 'DO_PRAGMA'
   42 |     DO_PRAGMA(message(PROFILER_MSG_NAME(name))); \
      |     ^~~~~~~~~
/opt/tt-metal/tt_metal/tools/profiler/kernel_profiler.hpp:481:17: note: in expansion of macro 'SrcLocNameToHash'
  481 |                 SrcLocNameToHash("PROFILER-NOC-FLUSH");
      |                 ^~~~~~~~~~~~~~~~
/opt/tt-metal/tt_metal/tools/profiler/kernel_profiler.hpp:32:22: note: '#pragma message: PROFILER-DRAM-PUSH,/opt/tt-metal/tt_metal/tools/profiler/kernel_profiler.hpp,490,KERNEL_PROFILER'
   32 | #define DO_PRAGMA(x) _Pragma(#x)
      |                      ^~~~~~~
/opt/tt-metal/tt_metal/tools/profiler/kernel_profiler.hpp:42:5: note: in expansion of macro 'DO_PRAGMA'
   42 |     DO_PRAGMA(message(PROFILER_MSG_NAME(name))); \
      |     ^~~~~~~~~
/opt/tt-metal/tt_metal/tools/profiler/kernel_profiler.hpp:490:17: note: in expansion of macro 'SrcLocNameToHash'
  490 |                 SrcLocNameToHash("PROFILER-DRAM-PUSH");
      |                 ^~~~~~~~~~~~~~~~
/opt/tt-metal/tt_metal/tools/profiler/kernel_profiler.hpp: In function 'void kernel_profiler::quick_push()':
/opt/tt-metal/tt_metal/tools/profiler/kernel_profiler.hpp:32:22: note: '#pragma message: PROFILER-NOC-QUICK-PUSH,/opt/tt-metal/tt_metal/tools/profiler/kernel_profiler.hpp,633,KERNEL_PROFILER'
   32 | #define DO_PRAGMA(x) _Pragma(#x)
      |                      ^~~~~~~
/opt/tt-metal/tt_metal/tools/profiler/kernel_profiler.hpp:42:5: note: in expansion of macro 'DO_PRAGMA'
   42 |     DO_PRAGMA(message(PROFILER_MSG_NAME(name))); \
      |     ^~~~~~~~~
/opt/tt-metal/tt_metal/tools/profiler/kernel_profiler.hpp:633:5: note: in expansion of macro 'SrcLocNameToHash'
  633 |     SrcLocNameToHash("PROFILER-NOC-QUICK-PUSH");
      |     ^~~~~~~~~~~~~~~~
/opt/tt-metal/tt_metal/hw/firmware/src/tt-1xx/active_erisc.cc: In function 'int main()':
/opt/tt-metal/tt_metal/tools/profiler/kernel_profiler.hpp:32:22: note: '#pragma message: ERISC-FW,/opt/tt-metal/tt_metal/hw/firmware/src/tt-1xx/active_erisc.cc,302,KERNEL_PROFILER'
   32 | #define DO_PRAGMA(x) _Pragma(#x)
      |                      ^~~~~~~
/opt/tt-metal/tt_metal/tools/profiler/kernel_profiler.hpp:1042:5: note: in expansion of macro 'DO_PRAGMA'
 1042 |     DO_PRAGMA(message(PROFILER_MSG_NAME(name)));                               \
      |     ^~~~~~~~~
/opt/tt-metal/tt_metal/hw/firmware/src/tt-1xx/active_erisc.cc:302:13: note: in expansion of macro 'DeviceZoneScopedMainN'
  302 |             DeviceZoneScopedMainN("ERISC-FW");
      |             ^~~~~~~~~~~~~~~~~~~~~
2026-10-03 02:58:03.573 | info     |           Metal | Profiler started on device 0 (profiler_initializer.cpp:49)
Building brisc, compile step:
/opt/tt-metal/runtime/sfpi/compiler/bin/riscv-tt-elf-g++ -O2 -std=c++17 -ftt-nttp -ftt-constinit -ftt-consteval -ftt-no-dyninit -flto=1 -flto-partition=one -ffast-math -fno-finite-math-only -fsigned-zeros -fno-associative-math -fno-exceptions -fno-rtti -fno-use-cxa-atexit -g -MMD -Wall -Werror -Wno-error=deprecated-declarations -Wno-error=multistatement-macros -Wno-error=parentheses -Wno-error=unused-but-set-variable -Wno-unused-variable -Wno-unused-function --param=min-pagesize=0 -mcpu=tt-bh -fno-tree-loop-distribute-patterns -Winvalid-pch -Wno-error=invalid-pch -I. -I.. -I/opt/tt-metal/ -I/opt/tt-metal/ttnn -I/opt/tt-metal/ttnn/cpp -I/opt/tt-metal/tt_metal -I/opt/tt-metal/tt_metal/hw/inc -I/opt/tt-metal/tt_metal/tt-llk/common -I/opt/tt-metal/tt_metal/tt-llk/tools/include -I/opt/tt-metal/tt_metal/hostdevcommon/api -I/opt/tt-metal/tt_metal/api/ -I/opt/tt-metal/tt_metal/hw/ckernels/blackhole/metal/common -I/opt/tt-metal/tt_metal/hw/ckernels/blackhole/metal/llk_io -I/opt/tt-metal/tt_metal/hw/inc/internal/tt-1xx -I/opt/tt-metal/tt_metal/hw/inc/internal/tt-1xx/blackhole -I/opt/tt-metal/tt_metal/hw/inc/internal/tt-1xx/blackhole/blackhole_defines -I/opt/tt-metal/tt_metal/hw/inc/internal/tt-1xx/blackhole/noc -I/opt/tt-metal/tt_metal/tt-llk/tt_llk_blackhole/common/inc -I/opt/tt-metal/tt_metal/tt-llk/tt_llk_blackhole/llk_lib -I/opt/tt-metal/tt_metal/tt-llk/tt_llk_blackhole/llk_lib/hal -I/opt/tt-metal/tt_metal/hw/firmware/src/tt-1xx -I/opt/tt-metal/ttnn/cpp/ttnn/operations/eltwise/unary/device/kernels/dataflow -include /sp/ttcache_prof/tt-metal-cache/pch/1b9e28ac75b7aabf/pch.h -DIS_NOT_POW2_NUM_L1_BANKS=1 -DLOG_BASE_2_OF_NUM_DRAM_BANKS=3 -DNUM_DRAM_BANKS=8 -DNUM_L1_BANKS=110 -DPCIE_NOC_X=19 -DPCIE_NOC_Y=24 -DTENSIX_FIRMWARE -DLOCAL_MEM_EN=0 -DPROFILE_KERNEL=1 -DPROFILER_FULL_HOST_BUFFER_SIZE_PER_RISC=768000 -DPROCESSOR_INDEX=0 -DCOMPILE_FOR_BRISC -DPROGRAMMABLE_CORE_TYPE=0 -DARCH_BLACKHOLE -DDISPATCH_MESSAGE_ADDR=4290184248 -DKERNEL_BUILD -DNOC_INDEX=1 -DNOC_MODE=0 -DFULL_KERNEL_NAME="writer_unary_interleaved_start_id_metal2/4853089740386814250/" -DKERNEL_COMPILE_TIME_ARGS=2,4096 -c -o /sp/ttcache_prof/tt-metal-cache8908659371042919221/kernels/writer_unary_interleaved_start_id_metal2/4853089740386814250/brisc/brisck.2475656884148353978_1.o /opt/tt-metal/tt_metal/hw/firmware/src/tt-1xx/brisck.cc -MF /sp/ttcache_prof/tt-metal-cache8908659371042919221/kernels/writer_unary_interleaved_start_id_metal2/4853089740386814250/brisc/brisck.2475656884148353978_1.d
In file included from /opt/tt-metal/tt_metal/hw/inc/api/dataflow/dataflow_api.h:24,
                 from /opt/tt-metal/tt_metal/hw/inc/internal/firmware_common.h:23,
                 from /opt/tt-metal/tt_metal/hw/firmware/src/tt-1xx/brisck.cc:16:
/opt/tt-metal/tt_metal/tools/profiler/kernel_profiler.hpp: In function 'void kernel_profiler::finish_profiler(bool)':
/opt/tt-metal/tt_metal/tools/profiler/kernel_profiler.hpp:32:22: note: '#pragma message: PROFILER-NOC-FLUSH,/opt/tt-metal/tt_metal/tools/profiler/kernel_profiler.hpp,481,KERNEL_PROFILER'
   32 | #define DO_PRAGMA(x) _Pragma(#x)
      |                      ^~~~~~~
/opt/tt-metal/tt_metal/tools/profiler/kernel_profiler.hpp:42:5: note: in expansion of macro 'DO_PRAGMA'
   42 |     DO_PRAGMA(message(PROFILER_MSG_NAME(name))); \
      |     ^~~~~~~~~
/opt/tt-metal/tt_metal/tools/profiler/kernel_profiler.hpp:481:17: note: in expansion of macro 'SrcLocNameToHash'
  481 |                 SrcLocNameToHash("PROFILER-NOC-FLUSH");
      |                 ^~~~~~~~~~~~~~~~
/opt/tt-metal/tt_metal/tools/profiler/kernel_profiler.hpp:32:22: note: '#pragma message: PROFILER-DRAM-PUSH,/opt/tt-metal/tt_metal/tools/profiler/kernel_profiler.hpp,490,KERNEL_PROFILER'
   32 | #define DO_PRAGMA(x) _Pragma(#x)
      |                      ^~~~~~~
/opt/tt-metal/tt_metal/tools/profiler/kernel_profiler.hpp:42:5: note: in expansion of macro 'DO_PRAGMA'
   42 |     DO_PRAGMA(message(PROFILER_MSG_NAME(name))); \
      |     ^~~~~~~~~
/opt/tt-metal/tt_metal/tools/profiler/kernel_profiler.hpp:490:17: note: in expansion of macro 'SrcLocNameToHash'
  490 |                 SrcLocNameToHash("PROFILER-DRAM-PUSH");
      |                 ^~~~~~~~~~~~~~~~
/opt/tt-metal/tt_metal/tools/profiler/kernel_profiler.hpp: In function 'void kernel_profiler::quick_push()':
/opt/tt-metal/tt_metal/tools/profiler/kernel_profiler.hpp:32:22: note: '#pragma message: PROFILER-NOC-QUICK-PUSH,/opt/tt-metal/tt_metal/tools/profiler/kernel_profiler.hpp,633,KERNEL_PROFILER'
   32 | #define DO_PRAGMA(x) _Pragma(#x)
      |                      ^~~~~~~
/opt/tt-metal/tt_metal/tools/profiler/kernel_profiler.hpp:42:5: note: in expansion of macro 'DO_PRAGMA'
   42 |     DO_PRAGMA(message(PROFILER_MSG_NAME(name))); \
      |     ^~~~~~~~~
/opt/tt-metal/tt_metal/tools/profiler/kernel_profiler.hpp:633:5: note: in expansion of macro 'SrcLocNameToHash'
  633 |     SrcLocNameToHash("PROFILER-NOC-QUICK-PUSH");
      |     ^~~~~~~~~~~~~~~~
/opt/tt-metal/tt_metal/hw/firmware/src/tt-1xx/brisck.cc: In function 'uint32_t _start()':
/opt/tt-metal/tt_metal/tools/profiler/kernel_profiler.hpp:32:22: note: '#pragma message: BRISC-KERNEL,/opt/tt-metal/tt_metal/hw/firmware/src/tt-1xx/brisck.cc,77,KERNEL_PROFILER'
   32 | #define DO_PRAGMA(x) _Pragma(#x)
      |                      ^~~~~~~
/opt/tt-metal/tt_metal/tools/profiler/kernel_profiler.hpp:1047:5: note: in expansion of macro 'DO_PRAGMA'
 1047 |     DO_PRAGMA(message(PROFILER_MSG_NAME(name)));                               \
      |     ^~~~~~~~~
/opt/tt-metal/tt_metal/hw/firmware/src/tt-1xx/brisck.cc:77:9: note: in expansion of macro 'DeviceZoneScopedMainChildN'
   77 |         DeviceZoneScopedMainChildN("BRISC-KERNEL");
      |         ^~~~~~~~~~~~~~~~~~~~~~~~~~
Building ncrisc, compile step:
/opt/tt-metal/runtime/sfpi/compiler/bin/riscv-tt-elf-g++ -O2 -std=c++17 -ftt-nttp -ftt-constinit -ftt-consteval -ftt-no-dyninit -flto=1 -flto-partition=one -ffast-math -fno-finite-math-only -fsigned-zeros -fno-associative-math -fno-exceptions -fno-rtti -fno-use-cxa-atexit -g -MMD -Wall -Werror -Wno-error=deprecated-declarations -Wno-error=multistatement-macros -Wno-error=parentheses -Wno-error=unused-but-set-variable -Wno-unused-variable -Wno-unused-function --param=min-pagesize=0 -mcpu=tt-bh -fno-tree-loop-distribute-patterns -Winvalid-pch -Wno-error=invalid-pch -I. -I.. -I/opt/tt-metal/ -I/opt/tt-metal/ttnn -I/opt/tt-metal/ttnn/cpp -I/opt/tt-metal/tt_metal -I/opt/tt-metal/tt_metal/hw/inc -I/opt/tt-metal/tt_metal/tt-llk/common -I/opt/tt-metal/tt_metal/tt-llk/tools/include -I/opt/tt-metal/tt_metal/hostdevcommon/api -I/opt/tt-metal/tt_metal/api/ -I/opt/tt-metal/tt_metal/hw/ckernels/blackhole/metal/common -I/opt/tt-metal/tt_metal/hw/ckernels/blackhole/metal/llk_io -I/opt/tt-metal/tt_metal/hw/inc/internal/tt-1xx -I/opt/tt-metal/tt_metal/hw/inc/internal/tt-1xx/blackhole -I/opt/tt-metal/tt_metal/hw/inc/internal/tt-1xx/blackhole/blackhole_defines -I/opt/tt-metal/tt_metal/hw/inc/internal/tt-1xx/blackhole/noc -I/opt/tt-metal/tt_metal/tt-llk/tt_llk_blackhole/common/inc -I/opt/tt-metal/tt_metal/tt-llk/tt_llk_blackhole/llk_lib -I/opt/tt-metal/tt_metal/tt-llk/tt_llk_blackhole/llk_lib/hal -I/opt/tt-metal/tt_metal/hw/firmware/src/tt-1xx -I/opt/tt-metal/ttnn/cpp/ttnn/operations/data_movement/tilize_with_val_padding/device/kernels/dataflow -include /sp/ttcache_prof/tt-metal-cache/pch/1b9e28ac75b7aabf/pch.h -DIS_NOT_POW2_NUM_L1_BANKS=1 -DLOG_BASE_2_OF_NUM_DRAM_BANKS=3 -DNUM_DRAM_BANKS=8 -DNUM_L1_BANKS=110 -DPCIE_NOC_X=19 -DPCIE_NOC_Y=24 -DTENSIX_FIRMWARE -DLOCAL_MEM_EN=0 -DPROFILE_KERNEL=1 -DPROFILER_FULL_HOST_BUFFER_SIZE_PER_RISC=768000 -DPROCESSOR_INDEX=1 -DCOMPILE_FOR_NCRISC -DPROGRAMMABLE_CORE_TYPE=0 -DARCH_BLACKHOLE -DDISPATCH_MESSAGE_ADDR=4290184248 -DKERNEL_BUILD -DNOC_INDEX=0 -DNOC_MODE=0 -DFULL_KERNEL_NAME="reader_unary_pad_dims_split_rows_multicore/9779727218865781114/" -DKERNEL_COMPILE_TIME_ARGS=2,512 -include named_ct_arg_map_generated.h -c -o /sp/ttcache_prof/tt-metal-cache8908659371042919221/kernels/reader_unary_pad_dims_split_rows_multicore/9779727218865781114/ncrisc/ncrisck.2475656884148353978_1.o /opt/tt-metal/tt_metal/hw/firmware/src/tt-1xx/ncrisck.cc -MF /sp/ttcache_prof/tt-metal-cache8908659371042919221/kernels/reader_unary_pad_dims_split_rows_multicore/9779727218865781114/ncrisc/ncrisck.2475656884148353978_1.d
In file included from /opt/tt-metal/tt_metal/hw/inc/api/dataflow/dataflow_api.h:24,
                 from /opt/tt-metal/tt_metal/hw/inc/internal/firmware_common.h:23,
                 from /opt/tt-metal/tt_metal/hw/firmware/src/tt-1xx/ncrisck.cc:17:
/opt/tt-metal/tt_metal/tools/profiler/kernel_profiler.hpp: In function 'void kernel_profiler::quick_push()':
/opt/tt-metal/tt_metal/tools/profiler/kernel_profiler.hpp:32:22: note: '#pragma message: PROFILER-NOC-QUICK-PUSH,/opt/tt-metal/tt_metal/tools/profiler/kernel_profiler.hpp,633,KERNEL_PROFILER'
   32 | #define DO_PRAGMA(x) _Pragma(#x)
      |                      ^~~~~~~
/opt/tt-metal/tt_metal/tools/profiler/kernel_profiler.hpp:42:5: note: in expansion of macro 'DO_PRAGMA'
   42 |     DO_PRAGMA(message(PROFILER_MSG_NAME(name))); \
      |     ^~~~~~~~~
/opt/tt-metal/tt_metal/tools/profiler/kernel_profiler.hpp:633:5: note: in expansion of macro 'SrcLocNameToHash'
  633 |     SrcLocNameToHash("PROFILER-NOC-QUICK-PUSH");
      |     ^~~~~~~~~~~~~~~~
/opt/tt-metal/tt_metal/hw/firmware/src/tt-1xx/ncrisck.cc: In function 'uint32_t _start()':
/opt/tt-metal/tt_metal/tools/profiler/kernel_profiler.hpp:32:22: note: '#pragma message: NCRISC-KERNEL,/opt/tt-metal/tt_metal/hw/firmware/src/tt-1xx/ncrisck.cc,70,KERNEL_PROFILER'
   32 | #define DO_PRAGMA(x) _Pragma(#x)
      |                      ^~~~~~~
/opt/tt-metal/tt_metal/tools/profiler/kernel_profiler.hpp:1047:5: note: in expansion of macro 'DO_PRAGMA'
 1047 |     DO_PRAGMA(message(PROFILER_MSG_NAME(name)));                               \
      |     ^~~~~~~~~
/opt/tt-metal/tt_metal/hw/firmware/src/tt-1xx/ncrisck.cc:70:5: note: in expansion of macro 'DeviceZoneScopedMainChildN'
   70 |     DeviceZoneScopedMainChildN("NCRISC-KERNEL");
      |     ^~~~~~~~~~~~~~~~~~~~~~~~~~
Building trisc0, compile step:
/opt/tt-metal/runtime/sfpi/compiler/bin/riscv-tt-elf-g++ -O3 -std=c++17 -ftt-nttp -ftt-constinit -ftt-consteval -ftt-no-dyninit -flto=1 -flto-partition=one -ffast-math -fno-finite-math-only -fsigned-zeros -fno-associative-math -fno-exceptions -fno-rtti -fno-use-cxa-atexit -g -MMD -Wall -Werror -Wno-error=deprecated-declarations -Wno-error=multistatement-macros -Wno-error=parentheses -Wno-error=unused-but-set-variable -Wno-unused-variable -Wno-unused-function --param=min-pagesize=0 -mcpu=tt-bh-tensix -Winvalid-pch -Wno-error=invalid-pch -I. -I.. -I/opt/tt-metal/ -I/opt/tt-metal/ttnn -I/opt/tt-metal/ttnn/cpp -I/opt/tt-metal/tt_metal -I/opt/tt-metal/tt_metal/hw/inc -I/opt/tt-metal/tt_metal/tt-llk/common -I/opt/tt-metal/tt_metal/tt-llk/tools/include -I/opt/tt-metal/tt_metal/hostdevcommon/api -I/opt/tt-metal/tt_metal/api/ -I/opt/tt-metal/runtime/sfpi/include -I/opt/tt-metal/tt_metal/hw/ckernels/blackhole/metal/common -I/opt/tt-metal/tt_metal/hw/ckernels/blackhole/metal/llk_io -I/opt/tt-metal/tt_metal/hw/inc/internal/tt-1xx -I/opt/tt-metal/tt_metal/hw/inc/internal/tt-1xx/blackhole -I/opt/tt-metal/tt_metal/hw/inc/internal/tt-1xx/blackhole/blackhole_defines -I/opt/tt-metal/tt_metal/hw/inc/internal/tt-1xx/blackhole/noc -I/opt/tt-metal/tt_metal/tt-llk/tt_llk_blackhole/common/inc -I/opt/tt-metal/tt_metal/tt-llk/tt_llk_blackhole/llk_lib -I/opt/tt-metal/tt_metal/tt-llk/tt_llk_blackhole/llk_lib/hal -I/opt/tt-metal/tt_metal/hw/ckernels/blackhole/metal/llk_api -I/opt/tt-metal/tt_metal/hw/ckernels/blackhole/metal/llk_api/llk_sfpu -I/opt/tt-metal/tt_metal/hw/firmware/src/tt-1xx -I/opt/tt-metal/ttnn/cpp/ttnn/kernel/compute -include /sp/ttcache_prof/tt-metal-cache/pch/e13a6eedc934b130/pch.h -DIS_NOT_POW2_NUM_L1_BANKS=1 -DLOG_BASE_2_OF_NUM_DRAM_BANKS=3 -DNUM_DRAM_BANKS=8 -DNUM_L1_BANKS=110 -DPCIE_NOC_X=19 -DPCIE_NOC_Y=24 -DTENSIX_FIRMWARE -DLOCAL_MEM_EN=0 -DPROFILE_KERNEL=1 -DPROFILER_FULL_HOST_BUFFER_SIZE_PER_RISC=768000 -DPROCESSOR_INDEX=2 -DUCK_CHLKC_UNPACK -DCOMPILE_FOR_TRISC=0 -DPROGRAMMABLE_CORE_TYPE=0 -DARCH_BLACKHOLE -DDISPATCH_MESSAGE_ADDR=4290184248 -DKERNEL_BUILD -DFULL_KERNEL_NAME="tilize_metal2/8759904583879123110/" -include named_ct_arg_map_generated.h -c -o /sp/ttcache_prof/tt-metal-cache8908659371042919221/kernels/tilize_metal2/8759904583879123110/trisc0/trisck.2475656884148353978_1.o /opt/tt-metal/tt_metal/hw/firmware/src/tt-1xx/trisck.cc -MF /sp/ttcache_prof/tt-metal-cache8908659371042919221/kernels/tilize_metal2/8759904583879123110/trisc0/trisck.2475656884148353978_1.d
In file included from /opt/tt-metal/tt_metal/hw/ckernels/blackhole/metal/llk_io/llk_io_unpack.h:13,
                 from /opt/tt-metal/tt_metal/hw/inc/internal/tt-1xx/dataflow_buffer.inl:18,
                 from /opt/tt-metal/tt_metal/hw/inc/api/dataflow/dataflow_buffer.h:523,
                 from ../kernel_bindings_generated.h:6,
                 from ../chlkc_unpack.cpp:2,
                 from /opt/tt-metal/tt_metal/hw/ckernels/blackhole/metal/common/chlkc_list.h:26,
                 from /opt/tt-metal/tt_metal/hw/firmware/src/tt-1xx/trisck.cc:14:
/opt/tt-metal/tt_metal/hw/ckernels/blackhole/metal/llk_io/llk_io_unpack.h: In function 'void llk_wait_tiles(int, int32_t)':
/opt/tt-metal/tt_metal/tools/profiler/kernel_profiler.hpp:32:22: note: '#pragma message: CB-COMPUTE-WAIT-FRONT,/opt/tt-metal/tt_metal/hw/ckernels/blackhole/metal/llk_io/llk_io_unpack.h,19,KERNEL_PROFILER'
   32 | #define DO_PRAGMA(x) _Pragma(#x)
      |                      ^~~~~~~
/opt/tt-metal/tt_metal/tools/profiler/kernel_profiler.hpp:1052:5: note: in expansion of macro 'DO_PRAGMA'
 1052 |     DO_PRAGMA(message(PROFILER_MSG_NAME(name)));                               \
      |     ^~~~~~~~~
/opt/tt-metal/tt_metal/hw/ckernels/blackhole/metal/llk_io/llk_io_unpack.h:19:5: note: in expansion of macro 'DeviceZoneScopedSumN1'
   19 |     DeviceZoneScopedSumN1("CB-COMPUTE-WAIT-FRONT");
      |     ^~~~~~~~~~~~~~~~~~~~~
/opt/tt-metal/tt_metal/hw/firmware/src/tt-1xx/trisck.cc: In function 'uint32_t _start()':
/opt/tt-metal/tt_metal/tools/profiler/kernel_profiler.hpp:32:22: note: '#pragma message: TRISC-KERNEL,/opt/tt-metal/tt_metal/hw/firmware/src/tt-1xx/trisck.cc,89,KERNEL_PROFILER'
   32 | #define DO_PRAGMA(x) _Pragma(#x)
      |                      ^~~~~~~
/opt/tt-metal/tt_metal/tools/profiler/kernel_profiler.hpp:1047:5: note: in expansion of macro 'DO_PRAGMA'
 1047 |     DO_PRAGMA(message(PROFILER_MSG_NAME(name)));                               \
      |     ^~~~~~~~~
/opt/tt-metal/tt_metal/hw/firmware/src/tt-1xx/trisck.cc:89:5: note: in expansion of macro 'DeviceZoneScopedMainChildN'
   89 |     DeviceZoneScopedMainChildN("TRISC-KERNEL");
      |     ^~~~~~~~~~~~~~~~~~~~~~~~~~
Building trisc2, compile step:
/opt/tt-metal/runtime/sfpi/compiler/bin/riscv-tt-elf-g++ -O3 -std=c++17 -ftt-nttp -ftt-constinit -ftt-consteval -ftt-no-dyninit -flto=1 -flto-partition=one -ffast-math -fno-finite-math-only -fsigned-zeros -fno-associative-math -fno-exceptions -fno-rtti -fno-use-cxa-atexit -g -MMD -Wall -Werror -Wno-error=deprecated-declarations -Wno-error=multistatement-macros -Wno-error=parentheses -Wno-error=unused-but-set-variable -Wno-unused-variable -Wno-unused-function --param=min-pagesize=0 -mcpu=tt-bh-tensix -Winvalid-pch -Wno-error=invalid-pch -I. -I.. -I/opt/tt-metal/ -I/opt/tt-metal/ttnn -I/opt/tt-metal/ttnn/cpp -I/opt/tt-metal/tt_metal -I/opt/tt-metal/tt_metal/hw/inc -I/opt/tt-metal/tt_metal/tt-llk/common -I/opt/tt-metal/tt_metal/tt-llk/tools/include -I/opt/tt-metal/tt_metal/hostdevcommon/api -I/opt/tt-metal/tt_metal/api/ -I/opt/tt-metal/runtime/sfpi/include -I/opt/tt-metal/tt_metal/hw/ckernels/blackhole/metal/common -I/opt/tt-metal/tt_metal/hw/ckernels/blackhole/metal/llk_io -I/opt/tt-metal/tt_metal/hw/inc/internal/tt-1xx -I/opt/tt-metal/tt_metal/hw/inc/internal/tt-1xx/blackhole -I/opt/tt-metal/tt_metal/hw/inc/internal/tt-1xx/blackhole/blackhole_defines -I/opt/tt-metal/tt_metal/hw/inc/internal/tt-1xx/blackhole/noc -I/opt/tt-metal/tt_metal/tt-llk/tt_llk_blackhole/common/inc -I/opt/tt-metal/tt_metal/tt-llk/tt_llk_blackhole/llk_lib -I/opt/tt-metal/tt_metal/tt-llk/tt_llk_blackhole/llk_lib/hal -I/opt/tt-metal/tt_metal/hw/ckernels/blackhole/metal/llk_api -I/opt/tt-metal/tt_metal/hw/ckernels/blackhole/metal/llk_api/llk_sfpu -I/opt/tt-metal/tt_metal/hw/firmware/src/tt-1xx -I/opt/tt-metal/ttnn/cpp/ttnn/kernel/compute -include /sp/ttcache_prof/tt-metal-cache/pch/e13a6eedc934b130/pch.h -DIS_NOT_POW2_NUM_L1_BANKS=1 -DLOG_BASE_2_OF_NUM_DRAM_BANKS=3 -DNUM_DRAM_BANKS=8 -DNUM_L1_BANKS=110 -DPCIE_NOC_X=19 -DPCIE_NOC_Y=24 -DTENSIX_FIRMWARE -DLOCAL_MEM_EN=0 -DPROFILE_KERNEL=1 -DPROFILER_FULL_HOST_BUFFER_SIZE_PER_RISC=768000 -DPROCESSOR_INDEX=4 -DUCK_CHLKC_PACK -DCOMPILE_FOR_TRISC=2 -DPROGRAMMABLE_CORE_TYPE=0 -DARCH_BLACKHOLE -DDISPATCH_MESSAGE_ADDR=4290184248 -DKERNEL_BUILD -DFULL_KERNEL_NAME="tilize_metal2/8759904583879123110/" -include named_ct_arg_map_generated.h -c -o /sp/ttcache_prof/tt-metal-cache8908659371042919221/kernels/tilize_metal2/8759904583879123110/trisc2/trisck.2475656884148353978_1.o /opt/tt-metal/tt_metal/hw/firmware/src/tt-1xx/trisck.cc -MF /sp/ttcache_prof/tt-metal-cache8908659371042919221/kernels/tilize_metal2/8759904583879123110/trisc2/trisck.2475656884148353978_1.d
In file included from /opt/tt-metal/tt_metal/hw/ckernels/blackhole/metal/llk_io/llk_io_pack.h:14,
                 from /opt/tt-metal/tt_metal/hw/inc/internal/tt-1xx/dataflow_buffer.inl:15,
                 from /opt/tt-metal/tt_metal/hw/inc/api/dataflow/dataflow_buffer.h:523,
                 from ../kernel_bindings_generated.h:6,
                 from ../chlkc_pack.cpp:2,
                 from /opt/tt-metal/tt_metal/hw/ckernels/blackhole/metal/common/chlkc_list.h:21,
                 from /opt/tt-metal/tt_metal/hw/firmware/src/tt-1xx/trisck.cc:14:
/opt/tt-metal/tt_metal/hw/ckernels/blackhole/metal/llk_io/llk_io_pack.h: In function 'void llk_wait_for_free_tiles(int32_t, int32_t)':
/opt/tt-metal/tt_metal/tools/profiler/kernel_profiler.hpp:32:22: note: '#pragma message: CB-COMPUTE-RESERVE-BACK,/opt/tt-metal/tt_metal/hw/ckernels/blackhole/metal/llk_io/llk_io_pack.h,21,KERNEL_PROFILER'
   32 | #define DO_PRAGMA(x) _Pragma(#x)
      |                      ^~~~~~~
/opt/tt-metal/tt_metal/tools/profiler/kernel_profiler.hpp:1057:5: note: in expansion of macro 'DO_PRAGMA'
 1057 |     DO_PRAGMA(message(PROFILER_MSG_NAME(name)));                               \
      |     ^~~~~~~~~
/opt/tt-metal/tt_metal/hw/ckernels/blackhole/metal/llk_io/llk_io_pack.h:21:5: note: in expansion of macro 'DeviceZoneScopedSumN2'
   21 |     DeviceZoneScopedSumN2("CB-COMPUTE-RESERVE-BACK");
      |     ^~~~~~~~~~~~~~~~~~~~~
/opt/tt-metal/tt_metal/hw/firmware/src/tt-1xx/trisck.cc: In function 'uint32_t _start()':
/opt/tt-metal/tt_metal/tools/profiler/kernel_profiler.hpp:32:22: note: '#pragma message: TRISC-KERNEL,/opt/tt-metal/tt_metal/hw/firmware/src/tt-1xx/trisck.cc,89,KERNEL_PROFILER'
   32 | #define DO_PRAGMA(x) _Pragma(#x)
      |                      ^~~~~~~
/opt/tt-metal/tt_metal/tools/profiler/kernel_profiler.hpp:1047:5: note: in expansion of macro 'DO_PRAGMA'
 1047 |     DO_PRAGMA(message(PROFILER_MSG_NAME(name)));                               \
      |     ^~~~~~~~~
/opt/tt-metal/tt_metal/hw/firmware/src/tt-1xx/trisck.cc:89:5: note: in expansion of macro 'DeviceZoneScopedMainChildN'
   89 |     DeviceZoneScopedMainChildN("TRISC-KERNEL");
      |     ^~~~~~~~~~~~~~~~~~~~~~~~~~
Building trisc1, compile step:
/opt/tt-metal/runtime/sfpi/compiler/bin/riscv-tt-elf-g++ -O3 -std=c++17 -ftt-nttp -ftt-constinit -ftt-consteval -ftt-no-dyninit -flto=1 -flto-partition=one -ffast-math -fno-finite-math-only -fsigned-zeros -fno-associative-math -fno-exceptions -fno-rtti -fno-use-cxa-atexit -g -MMD -Wall -Werror -Wno-error=deprecated-declarations -Wno-error=multistatement-macros -Wno-error=parentheses -Wno-error=unused-but-set-variable -Wno-unused-variable -Wno-unused-function --param=min-pagesize=0 -mcpu=tt-bh-tensix -Winvalid-pch -Wno-error=invalid-pch -I. -I.. -I/opt/tt-metal/ -I/opt/tt-metal/ttnn -I/opt/tt-metal/ttnn/cpp -I/opt/tt-metal/tt_metal -I/opt/tt-metal/tt_metal/hw/inc -I/opt/tt-metal/tt_metal/tt-llk/common -I/opt/tt-metal/tt_metal/tt-llk/tools/include -I/opt/tt-metal/tt_metal/hostdevcommon/api -I/opt/tt-metal/tt_metal/api/ -I/opt/tt-metal/runtime/sfpi/include -I/opt/tt-metal/tt_metal/hw/ckernels/blackhole/metal/common -I/opt/tt-metal/tt_metal/hw/ckernels/blackhole/metal/llk_io -I/opt/tt-metal/tt_metal/hw/inc/internal/tt-1xx -I/opt/tt-metal/tt_metal/hw/inc/internal/tt-1xx/blackhole -I/opt/tt-metal/tt_metal/hw/inc/internal/tt-1xx/blackhole/blackhole_defines -I/opt/tt-metal/tt_metal/hw/inc/internal/tt-1xx/blackhole/noc -I/opt/tt-metal/tt_metal/tt-llk/tt_llk_blackhole/common/inc -I/opt/tt-metal/tt_metal/tt-llk/tt_llk_blackhole/llk_lib -I/opt/tt-metal/tt_metal/tt-llk/tt_llk_blackhole/llk_lib/hal -I/opt/tt-metal/tt_metal/hw/ckernels/blackhole/metal/llk_api -I/opt/tt-metal/tt_metal/hw/ckernels/blackhole/metal/llk_api/llk_sfpu -I/opt/tt-metal/tt_metal/hw/firmware/src/tt-1xx -I/opt/tt-metal/ttnn/cpp/ttnn/kernel/compute -include /sp/ttcache_prof/tt-metal-cache/pch/e13a6eedc934b130/pch.h -DIS_NOT_POW2_NUM_L1_BANKS=1 -DLOG_BASE_2_OF_NUM_DRAM_BANKS=3 -DNUM_DRAM_BANKS=8 -DNUM_L1_BANKS=110 -DPCIE_NOC_X=19 -DPCIE_NOC_Y=24 -DTENSIX_FIRMWARE -DLOCAL_MEM_EN=0 -DPROFILE_KERNEL=1 -DPROFILER_FULL_HOST_BUFFER_SIZE_PER_RISC=768000 -DPROCESSOR_INDEX=3 -DUCK_CHLKC_MATH -DCOMPILE_FOR_TRISC=1 -DPROGRAMMABLE_CORE_TYPE=0 -DARCH_BLACKHOLE -DDISPATCH_MESSAGE_ADDR=4290184248 -DKERNEL_BUILD -DFULL_KERNEL_NAME="tilize_metal2/8759904583879123110/" -include named_ct_arg_map_generated.h -c -o /sp/ttcache_prof/tt-metal-cache8908659371042919221/kernels/tilize_metal2/8759904583879123110/trisc1/trisck.2475656884148353978_1.o /opt/tt-metal/tt_metal/hw/firmware/src/tt-1xx/trisck.cc -MF /sp/ttcache_prof/tt-metal-cache8908659371042919221/kernels/tilize_metal2/8759904583879123110/trisc1/trisck.2475656884148353978_1.d
In file included from /opt/tt-metal/tt_metal/hw/firmware/src/tt-1xx/trisck.cc:16:
/opt/tt-metal/tt_metal/hw/firmware/src/tt-1xx/trisck.cc: In function 'uint32_t _start()':
/opt/tt-metal/tt_metal/tools/profiler/kernel_profiler.hpp:32:22: note: '#pragma message: TRISC-KERNEL,/opt/tt-metal/tt_metal/hw/firmware/src/tt-1xx/trisck.cc,89,KERNEL_PROFILER'
   32 | #define DO_PRAGMA(x) _Pragma(#x)
      |                      ^~~~~~~
/opt/tt-metal/tt_metal/tools/profiler/kernel_profiler.hpp:1047:5: note: in expansion of macro 'DO_PRAGMA'
 1047 |     DO_PRAGMA(message(PROFILER_MSG_NAME(name)));                               \
      |     ^~~~~~~~~
/opt/tt-metal/tt_metal/hw/firmware/src/tt-1xx/trisck.cc:89:5: note: in expansion of macro 'DeviceZoneScopedMainChildN'
   89 |     DeviceZoneScopedMainChildN("TRISC-KERNEL");
      |     ^~~~~~~~~~~~~~~~~~~~~~~~~~
Building ncrisc, compile step:
/opt/tt-metal/runtime/sfpi/compiler/bin/riscv-tt-elf-g++ -O2 -std=c++17 -ftt-nttp -ftt-constinit -ftt-consteval -ftt-no-dyninit -flto=1 -flto-partition=one -ffast-math -fno-finite-math-only -fsigned-zeros -fno-associative-math -fno-exceptions -fno-rtti -fno-use-cxa-atexit -g -MMD -Wall -Werror -Wno-error=deprecated-declarations -Wno-error=multistatement-macros -Wno-error=parentheses -Wno-error=unused-but-set-variable -Wno-unused-variable -Wno-unused-function --param=min-pagesize=0 -mcpu=tt-bh -fno-tree-loop-distribute-patterns -Winvalid-pch -Wno-error=invalid-pch -I. -I.. -I/opt/tt-metal/ -I/opt/tt-metal/ttnn -I/opt/tt-metal/ttnn/cpp -I/opt/tt-metal/tt_metal -I/opt/tt-metal/tt_metal/hw/inc -I/opt/tt-metal/tt_metal/tt-llk/common -I/opt/tt-metal/tt_metal/tt-llk/tools/include -I/opt/tt-metal/tt_metal/hostdevcommon/api -I/opt/tt-metal/tt_metal/api/ -I/opt/tt-metal/tt_metal/hw/ckernels/blackhole/metal/common -I/opt/tt-metal/tt_metal/hw/ckernels/blackhole/metal/llk_io -I/opt/tt-metal/tt_metal/hw/inc/internal/tt-1xx -I/opt/tt-metal/tt_metal/hw/inc/internal/tt-1xx/blackhole -I/opt/tt-metal/tt_metal/hw/inc/internal/tt-1xx/blackhole/blackhole_defines -I/opt/tt-metal/tt_metal/hw/inc/internal/tt-1xx/blackhole/noc -I/opt/tt-metal/tt_metal/tt-llk/tt_llk_blackhole/common/inc -I/opt/tt-metal/tt_metal/tt-llk/tt_llk_blackhole/llk_lib -I/opt/tt-metal/tt_metal/tt-llk/tt_llk_blackhole/llk_lib/hal -I/opt/tt-metal/tt_metal/hw/firmware/src/tt-1xx -I/opt/tt-metal/ttnn/cpp/ttnn/operations/eltwise/binary_ng/device/kernels/dataflow -include /sp/ttcache_prof/tt-metal-cache/pch/1b9e28ac75b7aabf/pch.h -DIS_NOT_POW2_NUM_L1_BANKS=1 -DLOG_BASE_2_OF_NUM_DRAM_BANKS=3 -DNUM_DRAM_BANKS=8 -DNUM_L1_BANKS=110 -DPCIE_NOC_X=19 -DPCIE_NOC_Y=24 -DTENSIX_FIRMWARE -DLOCAL_MEM_EN=0 -DPROFILE_KERNEL=1 -DPROFILER_FULL_HOST_BUFFER_SIZE_PER_RISC=768000 -DPROCESSOR_INDEX=1 -DCOMPILE_FOR_NCRISC -DPROGRAMMABLE_CORE_TYPE=0 -DARCH_BLACKHOLE -DDISPATCH_MESSAGE_ADDR=4290184248 -DKERNEL_BUILD -DBCAST_LLK=0 -DFILL_TILE_WITH_FIRST_COLUMN=fill_tile_with_first_column -DFILL_TILE_WITH_FIRST_COLUMN_B=fill_tile_with_first_column -DFILL_TILE_WITH_FIRST_COLUMN_RM=fill_tile_with_first_column_rm -DFILL_TILE_WITH_FIRST_ELEMENT=fill_tile_with_first_element<float> -DFILL_TILE_WITH_FIRST_ELEMENT_B=fill_tile_with_first_element<float> -DFILL_TILE_WITH_FIRST_ROW=fill_tile_with_first_row -DFILL_TILE_WITH_FIRST_ROW_B=fill_tile_with_first_row -DFILL_TILE_WITH_FIRST_ROW_RM=fill_tile_with_first_row_rm -DFILL_WITH_VALUE_FLOAT=fill_with_val<1024, float> -DFILL_WITH_VALUE_FLOAT_B=fill_with_val<1024, float> -DSRC_SHARDED=0 -DSRC_SHARDED_B=0 -DNOC_INDEX=0 -DNOC_MODE=0 -DFULL_KERNEL_NAME="reader_interleaved_no_bcast/16998650858648764584/" -DKERNEL_COMPILE_TIME_ARGS=2,4096,2,4096,0 -c -o /sp/ttcache_prof/tt-metal-cache8908659371042919221/kernels/reader_interleaved_no_bcast/16998650858648764584/ncrisc/ncrisck.2475656884148353978_1.o /opt/tt-metal/tt_metal/hw/firmware/src/tt-1xx/ncrisck.cc -MF /sp/ttcache_prof/tt-metal-cache8908659371042919221/kernels/reader_interleaved_no_bcast/16998650858648764584/ncrisc/ncrisck.2475656884148353978_1.d
In file included from /opt/tt-metal/tt_metal/hw/inc/api/dataflow/dataflow_api.h:24,
                 from /opt/tt-metal/tt_metal/hw/inc/internal/firmware_common.h:23,
                 from /opt/tt-metal/tt_metal/hw/firmware/src/tt-1xx/ncrisck.cc:17:
/opt/tt-metal/tt_metal/tools/profiler/kernel_profiler.hpp: In function 'void kernel_profiler::quick_push()':
/opt/tt-metal/tt_metal/tools/profiler/kernel_profiler.hpp:32:22: note: '#pragma message: PROFILER-NOC-QUICK-PUSH,/opt/tt-metal/tt_metal/tools/profiler/kernel_profiler.hpp,633,KERNEL_PROFILER'
   32 | #define DO_PRAGMA(x) _Pragma(#x)
      |                      ^~~~~~~
/opt/tt-metal/tt_metal/tools/profiler/kernel_profiler.hpp:42:5: note: in expansion of macro 'DO_PRAGMA'
   42 |     DO_PRAGMA(message(PROFILER_MSG_NAME(name))); \
      |     ^~~~~~~~~
/opt/tt-metal/tt_metal/tools/profiler/kernel_profiler.hpp:633:5: note: in expansion of macro 'SrcLocNameToHash'
  633 |     SrcLocNameToHash("PROFILER-NOC-QUICK-PUSH");
      |     ^~~~~~~~~~~~~~~~
/opt/tt-metal/tt_metal/hw/firmware/src/tt-1xx/ncrisck.cc: In function 'uint32_t _start()':
/opt/tt-metal/tt_metal/tools/profiler/kernel_profiler.hpp:32:22: note: '#pragma message: NCRISC-KERNEL,/opt/tt-metal/tt_metal/hw/firmware/src/tt-1xx/ncrisck.cc,70,KERNEL_PROFILER'
   32 | #define DO_PRAGMA(x) _Pragma(#x)
      |                      ^~~~~~~
/opt/tt-metal/tt_metal/tools/profiler/kernel_profiler.hpp:1047:5: note: in expansion of macro 'DO_PRAGMA'
 1047 |     DO_PRAGMA(message(PROFILER_MSG_NAME(name)));                               \
      |     ^~~~~~~~~
/opt/tt-metal/tt_metal/hw/firmware/src/tt-1xx/ncrisck.cc:70:5: note: in expansion of macro 'DeviceZoneScopedMainChildN'
   70 |     DeviceZoneScopedMainChildN("NCRISC-KERNEL");
      |     ^~~~~~~~~~~~~~~~~~~~~~~~~~
Building trisc2, compile step:
/opt/tt-metal/runtime/sfpi/compiler/bin/riscv-tt-elf-g++ -O3 -std=c++17 -ftt-nttp -ftt-constinit -ftt-consteval -ftt-no-dyninit -flto=1 -flto-partition=one -ffast-math -fno-finite-math-only -fsigned-zeros -fno-associative-math -fno-exceptions -fno-rtti -fno-use-cxa-atexit -g -MMD -Wall -Werror -Wno-error=deprecated-declarations -Wno-error=multistatement-macros -Wno-error=parentheses -Wno-error=unused-but-set-variable -Wno-unused-variable -Wno-unused-function --param=min-pagesize=0 -mcpu=tt-bh-tensix -Winvalid-pch -Wno-error=invalid-pch -I. -I.. -I/opt/tt-metal/ -I/opt/tt-metal/ttnn -I/opt/tt-metal/ttnn/cpp -I/opt/tt-metal/tt_metal -I/opt/tt-metal/tt_metal/hw/inc -I/opt/tt-metal/tt_metal/tt-llk/common -I/opt/tt-metal/tt_metal/tt-llk/tools/include -I/opt/tt-metal/tt_metal/hostdevcommon/api -I/opt/tt-metal/tt_metal/api/ -I/opt/tt-metal/runtime/sfpi/include -I/opt/tt-metal/tt_metal/hw/ckernels/blackhole/metal/common -I/opt/tt-metal/tt_metal/hw/ckernels/blackhole/metal/llk_io -I/opt/tt-metal/tt_metal/hw/inc/internal/tt-1xx -I/opt/tt-metal/tt_metal/hw/inc/internal/tt-1xx/blackhole -I/opt/tt-metal/tt_metal/hw/inc/internal/tt-1xx/blackhole/blackhole_defines -I/opt/tt-metal/tt_metal/hw/inc/internal/tt-1xx/blackhole/noc -I/opt/tt-metal/tt_metal/tt-llk/tt_llk_blackhole/common/inc -I/opt/tt-metal/tt_metal/tt-llk/tt_llk_blackhole/llk_lib -I/opt/tt-metal/tt_metal/tt-llk/tt_llk_blackhole/llk_lib/hal -I/opt/tt-metal/tt_metal/hw/ckernels/blackhole/metal/llk_api -I/opt/tt-metal/tt_metal/hw/ckernels/blackhole/metal/llk_api/llk_sfpu -I/opt/tt-metal/tt_metal/hw/firmware/src/tt-1xx -I/opt/tt-metal/ttnn/cpp/ttnn/operations/eltwise/binary_ng/device/kernels/compute -include /sp/ttcache_prof/tt-metal-cache/pch/e13a6eedc934b130/pch.h -DIS_NOT_POW2_NUM_L1_BANKS=1 -DLOG_BASE_2_OF_NUM_DRAM_BANKS=3 -DNUM_DRAM_BANKS=8 -DNUM_L1_BANKS=110 -DPCIE_NOC_X=19 -DPCIE_NOC_Y=24 -DTENSIX_FIRMWARE -DLOCAL_MEM_EN=0 -DPROFILE_KERNEL=1 -DPROFILER_FULL_HOST_BUFFER_SIZE_PER_RISC=768000 -DPROCESSOR_INDEX=4 -DUCK_CHLKC_PACK -DCOMPILE_FOR_TRISC=2 -DPROGRAMMABLE_CORE_TYPE=0 -DARCH_BLACKHOLE -DDISPATCH_MESSAGE_ADDR=4290184248 -DKERNEL_BUILD -DFULL_KERNEL_NAME="eltwise_binary_sfpu_scalar/730682219313858841/" -DKERNEL_COMPILE_TIME_ARGS=1,0 -c -o /sp/ttcache_prof/tt-metal-cache8908659371042919221/kernels/eltwise_binary_sfpu_scalar/730682219313858841/trisc2/trisck.2475656884148353978_1.o /opt/tt-metal/tt_metal/hw/firmware/src/tt-1xx/trisck.cc -MF /sp/ttcache_prof/tt-metal-cache8908659371042919221/kernels/eltwise_binary_sfpu_scalar/730682219313858841/trisc2/trisck.2475656884148353978_1.d
In file included from /opt/tt-metal/tt_metal/hw/ckernels/blackhole/metal/llk_io/llk_io_pack.h:14,
                 from /opt/tt-metal/tt_metal/hw/inc/api/compute/cb_api.h:12,
                 from /opt/tt-metal/tt_metal/hw/inc/api/compute/common.h:11,
                 from /opt/tt-metal/tt_metal/hw/inc/api/compute/eltwise_unary/eltwise_unary.h:7,
                 from /opt/tt-metal/ttnn/cpp/ttnn/operations/eltwise/binary_ng/device/kernels/compute/eltwise_binary_sfpu_scalar.cpp:8,
                 from ../chlkc_pack.cpp:4,
                 from /opt/tt-metal/tt_metal/hw/ckernels/blackhole/metal/common/chlkc_list.h:21,
                 from /opt/tt-metal/tt_metal/hw/firmware/src/tt-1xx/trisck.cc:14:
/opt/tt-metal/tt_metal/hw/ckernels/blackhole/metal/llk_io/llk_io_pack.h: In function 'void llk_wait_for_free_tiles(int32_t, int32_t)':
/opt/tt-metal/tt_metal/tools/profiler/kernel_profiler.hpp:32:22: note: '#pragma message: CB-COMPUTE-RESERVE-BACK,/opt/tt-metal/tt_metal/hw/ckernels/blackhole/metal/llk_io/llk_io_pack.h,21,KERNEL_PROFILER'
   32 | #define DO_PRAGMA(x) _Pragma(#x)
      |                      ^~~~~~~
/opt/tt-metal/tt_metal/tools/profiler/kernel_profiler.hpp:1057:5: note: in expansion of macro 'DO_PRAGMA'
 1057 |     DO_PRAGMA(message(PROFILER_MSG_NAME(name)));                               \
      |     ^~~~~~~~~
/opt/tt-metal/tt_metal/hw/ckernels/blackhole/metal/llk_io/llk_io_pack.h:21:5: note: in expansion of macro 'DeviceZoneScopedSumN2'
   21 |     DeviceZoneScopedSumN2("CB-COMPUTE-RESERVE-BACK");
      |     ^~~~~~~~~~~~~~~~~~~~~
/opt/tt-metal/tt_metal/hw/firmware/src/tt-1xx/trisck.cc: In function 'uint32_t _start()':
/opt/tt-metal/tt_metal/tools/profiler/kernel_profiler.hpp:32:22: note: '#pragma message: TRISC-KERNEL,/opt/tt-metal/tt_metal/hw/firmware/src/tt-1xx/trisck.cc,89,KERNEL_PROFILER'
   32 | #define DO_PRAGMA(x) _Pragma(#x)
      |                      ^~~~~~~
/opt/tt-metal/tt_metal/tools/profiler/kernel_profiler.hpp:1047:5: note: in expansion of macro 'DO_PRAGMA'
 1047 |     DO_PRAGMA(message(PROFILER_MSG_NAME(name)));                               \
      |     ^~~~~~~~~
/opt/tt-metal/tt_metal/hw/firmware/src/tt-1xx/trisck.cc:89:5: note: in expansion of macro 'DeviceZoneScopedMainChildN'
   89 |     DeviceZoneScopedMainChildN("TRISC-KERNEL");
      |     ^~~~~~~~~~~~~~~~~~~~~~~~~~
Building brisc, compile step:
/opt/tt-metal/runtime/sfpi/compiler/bin/riscv-tt-elf-g++ -O2 -std=c++17 -ftt-nttp -ftt-constinit -ftt-consteval -ftt-no-dyninit -flto=1 -flto-partition=one -ffast-math -fno-finite-math-only -fsigned-zeros -fno-associative-math -fno-exceptions -fno-rtti -fno-use-cxa-atexit -g -MMD -Wall -Werror -Wno-error=deprecated-declarations -Wno-error=multistatement-macros -Wno-error=parentheses -Wno-error=unused-but-set-variable -Wno-unused-variable -Wno-unused-function --param=min-pagesize=0 -mcpu=tt-bh -fno-tree-loop-distribute-patterns -Winvalid-pch -Wno-error=invalid-pch -I. -I.. -I/opt/tt-metal/ -I/opt/tt-metal/ttnn -I/opt/tt-metal/ttnn/cpp -I/opt/tt-metal/tt_metal -I/opt/tt-metal/tt_metal/hw/inc -I/opt/tt-metal/tt_metal/tt-llk/common -I/opt/tt-metal/tt_metal/tt-llk/tools/include -I/opt/tt-metal/tt_metal/hostdevcommon/api -I/opt/tt-metal/tt_metal/api/ -I/opt/tt-metal/tt_metal/hw/ckernels/blackhole/metal/common -I/opt/tt-metal/tt_metal/hw/ckernels/blackhole/metal/llk_io -I/opt/tt-metal/tt_metal/hw/inc/internal/tt-1xx -I/opt/tt-metal/tt_metal/hw/inc/internal/tt-1xx/blackhole -I/opt/tt-metal/tt_metal/hw/inc/internal/tt-1xx/blackhole/blackhole_defines -I/opt/tt-metal/tt_metal/hw/inc/internal/tt-1xx/blackhole/noc -I/opt/tt-metal/tt_metal/tt-llk/tt_llk_blackhole/common/inc -I/opt/tt-metal/tt_metal/tt-llk/tt_llk_blackhole/llk_lib -I/opt/tt-metal/tt_metal/tt-llk/tt_llk_blackhole/llk_lib/hal -I/opt/tt-metal/tt_metal/hw/firmware/src/tt-1xx -I/opt/tt-metal/ttnn/cpp/ttnn/operations/eltwise/binary_ng/device/kernels/dataflow -include /sp/ttcache_prof/tt-metal-cache/pch/1b9e28ac75b7aabf/pch.h -DIS_NOT_POW2_NUM_L1_BANKS=1 -DLOG_BASE_2_OF_NUM_DRAM_BANKS=3 -DNUM_DRAM_BANKS=8 -DNUM_L1_BANKS=110 -DPCIE_NOC_X=19 -DPCIE_NOC_Y=24 -DTENSIX_FIRMWARE -DLOCAL_MEM_EN=0 -DPROFILE_KERNEL=1 -DPROFILER_FULL_HOST_BUFFER_SIZE_PER_RISC=768000 -DPROCESSOR_INDEX=0 -DCOMPILE_FOR_BRISC -DPROGRAMMABLE_CORE_TYPE=0 -DARCH_BLACKHOLE -DDISPATCH_MESSAGE_ADDR=4290184248 -DKERNEL_BUILD -DDST_SHARDED=0 -DFILL_TILE_WITH_FIRST_COLUMN=fill_tile_with_first_column -DFILL_TILE_WITH_FIRST_COLUMN_B=fill_tile_with_first_column -DFILL_TILE_WITH_FIRST_COLUMN_RM=fill_tile_with_first_column_rm -DFILL_TILE_WITH_FIRST_ELEMENT=fill_tile_with_first_element<float> -DFILL_TILE_WITH_FIRST_ELEMENT_B=fill_tile_with_first_element<float> -DFILL_TILE_WITH_FIRST_ROW=fill_tile_with_first_row -DFILL_TILE_WITH_FIRST_ROW_B=fill_tile_with_first_row -DFILL_TILE_WITH_FIRST_ROW_RM=fill_tile_with_first_row_rm -DFILL_WITH_VALUE_FLOAT=fill_with_val<1024, float> -DFILL_WITH_VALUE_FLOAT_B=fill_with_val<1024, float> -DSRC_SHARDED=0 -DNOC_INDEX=1 -DNOC_MODE=0 -DFULL_KERNEL_NAME="writer_interleaved_scalar/8298344531308320122/" -DKERNEL_COMPILE_TIME_ARGS=2,4096,0 -c -o /sp/ttcache_prof/tt-metal-cache8908659371042919221/kernels/writer_interleaved_scalar/8298344531308320122/brisc/brisck.2475656884148353978_1.o /opt/tt-metal/tt_metal/hw/firmware/src/tt-1xx/brisck.cc -MF /sp/ttcache_prof/tt-metal-cache8908659371042919221/kernels/writer_interleaved_scalar/8298344531308320122/brisc/brisck.2475656884148353978_1.d
In file included from /opt/tt-metal/tt_metal/hw/inc/api/dataflow/dataflow_api.h:24,
                 from /opt/tt-metal/tt_metal/hw/inc/internal/firmware_common.h:23,
                 from /opt/tt-metal/tt_metal/hw/firmware/src/tt-1xx/brisck.cc:16:
/opt/tt-metal/tt_metal/tools/profiler/kernel_profiler.hpp: In function 'void kernel_profiler::finish_profiler(bool)':
/opt/tt-metal/tt_metal/tools/profiler/kernel_profiler.hpp:32:22: note: '#pragma message: PROFILER-NOC-FLUSH,/opt/tt-metal/tt_metal/tools/profiler/kernel_profiler.hpp,481,KERNEL_PROFILER'
   32 | #define DO_PRAGMA(x) _Pragma(#x)
      |                      ^~~~~~~
/opt/tt-metal/tt_metal/tools/profiler/kernel_profiler.hpp:42:5: note: in expansion of macro 'DO_PRAGMA'
   42 |     DO_PRAGMA(message(PROFILER_MSG_NAME(name))); \
      |     ^~~~~~~~~
/opt/tt-metal/tt_metal/tools/profiler/kernel_profiler.hpp:481:17: note: in expansion of macro 'SrcLocNameToHash'
  481 |                 SrcLocNameToHash("PROFILER-NOC-FLUSH");
      |                 ^~~~~~~~~~~~~~~~
/opt/tt-metal/tt_metal/tools/profiler/kernel_profiler.hpp:32:22: note: '#pragma message: PROFILER-DRAM-PUSH,/opt/tt-metal/tt_metal/tools/profiler/kernel_profiler.hpp,490,KERNEL_PROFILER'
   32 | #define DO_PRAGMA(x) _Pragma(#x)
      |                      ^~~~~~~
/opt/tt-metal/tt_metal/tools/profiler/kernel_profiler.hpp:42:5: note: in expansion of macro 'DO_PRAGMA'
   42 |     DO_PRAGMA(message(PROFILER_MSG_NAME(name))); \
      |     ^~~~~~~~~
/opt/tt-metal/tt_metal/tools/profiler/kernel_profiler.hpp:490:17: note: in expansion of macro 'SrcLocNameToHash'
  490 |                 SrcLocNameToHash("PROFILER-DRAM-PUSH");
      |                 ^~~~~~~~~~~~~~~~
/opt/tt-metal/tt_metal/tools/profiler/kernel_profiler.hpp: In function 'void kernel_profiler::quick_push()':
/opt/tt-metal/tt_metal/tools/profiler/kernel_profiler.hpp:32:22: note: '#pragma message: PROFILER-NOC-QUICK-PUSH,/opt/tt-metal/tt_metal/tools/profiler/kernel_profiler.hpp,633,KERNEL_PROFILER'
   32 | #define DO_PRAGMA(x) _Pragma(#x)
      |                      ^~~~~~~
/opt/tt-metal/tt_metal/tools/profiler/kernel_profiler.hpp:42:5: note: in expansion of macro 'DO_PRAGMA'
   42 |     DO_PRAGMA(message(PROFILER_MSG_NAME(name))); \
      |     ^~~~~~~~~
/opt/tt-metal/tt_metal/tools/profiler/kernel_profiler.hpp:633:5: note: in expansion of macro 'SrcLocNameToHash'
  633 |     SrcLocNameToHash("PROFILER-NOC-QUICK-PUSH");
      |     ^~~~~~~~~~~~~~~~
/opt/tt-metal/tt_metal/hw/firmware/src/tt-1xx/brisck.cc: In function 'uint32_t _start()':
/opt/tt-metal/tt_metal/tools/profiler/kernel_profiler.hpp:32:22: note: '#pragma message: BRISC-KERNEL,/opt/tt-metal/tt_metal/hw/firmware/src/tt-1xx/brisck.cc,77,KERNEL_PROFILER'
   32 | #define DO_PRAGMA(x) _Pragma(#x)
      |                      ^~~~~~~
/opt/tt-metal/tt_metal/tools/profiler/kernel_profiler.hpp:1047:5: note: in expansion of macro 'DO_PRAGMA'
 1047 |     DO_PRAGMA(message(PROFILER_MSG_NAME(name)));                               \
      |     ^~~~~~~~~
/opt/tt-metal/tt_metal/hw/firmware/src/tt-1xx/brisck.cc:77:9: note: in expansion of macro 'DeviceZoneScopedMainChildN'
   77 |         DeviceZoneScopedMainChildN("BRISC-KERNEL");
      |         ^~~~~~~~~~~~~~~~~~~~~~~~~~
Building trisc0, compile step:
/opt/tt-metal/runtime/sfpi/compiler/bin/riscv-tt-elf-g++ -O3 -std=c++17 -ftt-nttp -ftt-constinit -ftt-consteval -ftt-no-dyninit -flto=1 -flto-partition=one -ffast-math -fno-finite-math-only -fsigned-zeros -fno-associative-math -fno-exceptions -fno-rtti -fno-use-cxa-atexit -g -MMD -Wall -Werror -Wno-error=deprecated-declarations -Wno-error=multistatement-macros -Wno-error=parentheses -Wno-error=unused-but-set-variable -Wno-unused-variable -Wno-unused-function --param=min-pagesize=0 -mcpu=tt-bh-tensix -Winvalid-pch -Wno-error=invalid-pch -I. -I.. -I/opt/tt-metal/ -I/opt/tt-metal/ttnn -I/opt/tt-metal/ttnn/cpp -I/opt/tt-metal/tt_metal -I/opt/tt-metal/tt_metal/hw/inc -I/opt/tt-metal/tt_metal/tt-llk/common -I/opt/tt-metal/tt_metal/tt-llk/tools/include -I/opt/tt-metal/tt_metal/hostdevcommon/api -I/opt/tt-metal/tt_metal/api/ -I/opt/tt-metal/runtime/sfpi/include -I/opt/tt-metal/tt_metal/hw/ckernels/blackhole/metal/common -I/opt/tt-metal/tt_metal/hw/ckernels/blackhole/metal/llk_io -I/opt/tt-metal/tt_metal/hw/inc/internal/tt-1xx -I/opt/tt-metal/tt_metal/hw/inc/internal/tt-1xx/blackhole -I/opt/tt-metal/tt_metal/hw/inc/internal/tt-1xx/blackhole/blackhole_defines -I/opt/tt-metal/tt_metal/hw/inc/internal/tt-1xx/blackhole/noc -I/opt/tt-metal/tt_metal/tt-llk/tt_llk_blackhole/common/inc -I/opt/tt-metal/tt_metal/tt-llk/tt_llk_blackhole/llk_lib -I/opt/tt-metal/tt_metal/tt-llk/tt_llk_blackhole/llk_lib/hal -I/opt/tt-metal/tt_metal/hw/ckernels/blackhole/metal/llk_api -I/opt/tt-metal/tt_metal/hw/ckernels/blackhole/metal/llk_api/llk_sfpu -I/opt/tt-metal/tt_metal/hw/firmware/src/tt-1xx -I/opt/tt-metal/ttnn/cpp/ttnn/operations/eltwise/binary_ng/device/kernels/compute -include /sp/ttcache_prof/tt-metal-cache/pch/e13a6eedc934b130/pch.h -DIS_NOT_POW2_NUM_L1_BANKS=1 -DLOG_BASE_2_OF_NUM_DRAM_BANKS=3 -DNUM_DRAM_BANKS=8 -DNUM_L1_BANKS=110 -DPCIE_NOC_X=19 -DPCIE_NOC_Y=24 -DTENSIX_FIRMWARE -DLOCAL_MEM_EN=0 -DPROFILE_KERNEL=1 -DPROFILER_FULL_HOST_BUFFER_SIZE_PER_RISC=768000 -DPROCESSOR_INDEX=2 -DUCK_CHLKC_UNPACK -DCOMPILE_FOR_TRISC=0 -DPROGRAMMABLE_CORE_TYPE=0 -DARCH_BLACKHOLE -DDISPATCH_MESSAGE_ADDR=4290184248 -DKERNEL_BUILD -DFULL_KERNEL_NAME="eltwise_binary_sfpu_scalar/730682219313858841/" -DKERNEL_COMPILE_TIME_ARGS=1,0 -c -o /sp/ttcache_prof/tt-metal-cache8908659371042919221/kernels/eltwise_binary_sfpu_scalar/730682219313858841/trisc0/trisck.2475656884148353978_1.o /opt/tt-metal/tt_metal/hw/firmware/src/tt-1xx/trisck.cc -MF /sp/ttcache_prof/tt-metal-cache8908659371042919221/kernels/eltwise_binary_sfpu_scalar/730682219313858841/trisc0/trisck.2475656884148353978_1.d
In file included from /opt/tt-metal/tt_metal/hw/ckernels/blackhole/metal/llk_io/llk_io_unpack.h:13,
                 from /opt/tt-metal/tt_metal/hw/inc/api/compute/cb_api.h:15,
                 from /opt/tt-metal/tt_metal/hw/inc/api/compute/common.h:11,
                 from /opt/tt-metal/tt_metal/hw/inc/api/compute/eltwise_unary/eltwise_unary.h:7,
                 from /opt/tt-metal/ttnn/cpp/ttnn/operations/eltwise/binary_ng/device/kernels/compute/eltwise_binary_sfpu_scalar.cpp:8,
                 from ../chlkc_unpack.cpp:4,
                 from /opt/tt-metal/tt_metal/hw/ckernels/blackhole/metal/common/chlkc_list.h:26,
                 from /opt/tt-metal/tt_metal/hw/firmware/src/tt-1xx/trisck.cc:14:
/opt/tt-metal/tt_metal/hw/ckernels/blackhole/metal/llk_io/llk_io_unpack.h: In function 'void llk_wait_tiles(int, int32_t)':
/opt/tt-metal/tt_metal/tools/profiler/kernel_profiler.hpp:32:22: note: '#pragma message: CB-COMPUTE-WAIT-FRONT,/opt/tt-metal/tt_metal/hw/ckernels/blackhole/metal/llk_io/llk_io_unpack.h,19,KERNEL_PROFILER'
   32 | #define DO_PRAGMA(x) _Pragma(#x)
      |                      ^~~~~~~
/opt/tt-metal/tt_metal/tools/profiler/kernel_profiler.hpp:1052:5: note: in expansion of macro 'DO_PRAGMA'
 1052 |     DO_PRAGMA(message(PROFILER_MSG_NAME(name)));                               \
      |     ^~~~~~~~~
/opt/tt-metal/tt_metal/hw/ckernels/blackhole/metal/llk_io/llk_io_unpack.h:19:5: note: in expansion of macro 'DeviceZoneScopedSumN1'
   19 |     DeviceZoneScopedSumN1("CB-COMPUTE-WAIT-FRONT");
      |     ^~~~~~~~~~~~~~~~~~~~~
/opt/tt-metal/tt_metal/hw/firmware/src/tt-1xx/trisck.cc: In function 'uint32_t _start()':
/opt/tt-metal/tt_metal/tools/profiler/kernel_profiler.hpp:32:22: note: '#pragma message: TRISC-KERNEL,/opt/tt-metal/tt_metal/hw/firmware/src/tt-1xx/trisck.cc,89,KERNEL_PROFILER'
   32 | #define DO_PRAGMA(x) _Pragma(#x)
      |                      ^~~~~~~
/opt/tt-metal/tt_metal/tools/profiler/kernel_profiler.hpp:1047:5: note: in expansion of macro 'DO_PRAGMA'
 1047 |     DO_PRAGMA(message(PROFILER_MSG_NAME(name)));                               \
      |     ^~~~~~~~~
/opt/tt-metal/tt_metal/hw/firmware/src/tt-1xx/trisck.cc:89:5: note: in expansion of macro 'DeviceZoneScopedMainChildN'
   89 |     DeviceZoneScopedMainChildN("TRISC-KERNEL");
      |     ^~~~~~~~~~~~~~~~~~~~~~~~~~
Building trisc1, compile step:
/opt/tt-metal/runtime/sfpi/compiler/bin/riscv-tt-elf-g++ -O3 -std=c++17 -ftt-nttp -ftt-constinit -ftt-consteval -ftt-no-dyninit -flto=1 -flto-partition=one -ffast-math -fno-finite-math-only -fsigned-zeros -fno-associative-math -fno-exceptions -fno-rtti -fno-use-cxa-atexit -g -MMD -Wall -Werror -Wno-error=deprecated-declarations -Wno-error=multistatement-macros -Wno-error=parentheses -Wno-error=unused-but-set-variable -Wno-unused-variable -Wno-unused-function --param=min-pagesize=0 -mcpu=tt-bh-tensix -Winvalid-pch -Wno-error=invalid-pch -I. -I.. -I/opt/tt-metal/ -I/opt/tt-metal/ttnn -I/opt/tt-metal/ttnn/cpp -I/opt/tt-metal/tt_metal -I/opt/tt-metal/tt_metal/hw/inc -I/opt/tt-metal/tt_metal/tt-llk/common -I/opt/tt-metal/tt_metal/tt-llk/tools/include -I/opt/tt-metal/tt_metal/hostdevcommon/api -I/opt/tt-metal/tt_metal/api/ -I/opt/tt-metal/runtime/sfpi/include -I/opt/tt-metal/tt_metal/hw/ckernels/blackhole/metal/common -I/opt/tt-metal/tt_metal/hw/ckernels/blackhole/metal/llk_io -I/opt/tt-metal/tt_metal/hw/inc/internal/tt-1xx -I/opt/tt-metal/tt_metal/hw/inc/internal/tt-1xx/blackhole -I/opt/tt-metal/tt_metal/hw/inc/internal/tt-1xx/blackhole/blackhole_defines -I/opt/tt-metal/tt_metal/hw/inc/internal/tt-1xx/blackhole/noc -I/opt/tt-metal/tt_metal/tt-llk/tt_llk_blackhole/common/inc -I/opt/tt-metal/tt_metal/tt-llk/tt_llk_blackhole/llk_lib -I/opt/tt-metal/tt_metal/tt-llk/tt_llk_blackhole/llk_lib/hal -I/opt/tt-metal/tt_metal/hw/ckernels/blackhole/metal/llk_api -I/opt/tt-metal/tt_metal/hw/ckernels/blackhole/metal/llk_api/llk_sfpu -I/opt/tt-metal/tt_metal/hw/firmware/src/tt-1xx -I/opt/tt-metal/ttnn/cpp/ttnn/operations/eltwise/binary_ng/device/kernels/compute -include /sp/ttcache_prof/tt-metal-cache/pch/e13a6eedc934b130/pch.h -DIS_NOT_POW2_NUM_L1_BANKS=1 -DLOG_BASE_2_OF_NUM_DRAM_BANKS=3 -DNUM_DRAM_BANKS=8 -DNUM_L1_BANKS=110 -DPCIE_NOC_X=19 -DPCIE_NOC_Y=24 -DTENSIX_FIRMWARE -DLOCAL_MEM_EN=0 -DPROFILE_KERNEL=1 -DPROFILER_FULL_HOST_BUFFER_SIZE_PER_RISC=768000 -DPROCESSOR_INDEX=3 -DUCK_CHLKC_MATH -DCOMPILE_FOR_TRISC=1 -DPROGRAMMABLE_CORE_TYPE=0 -DARCH_BLACKHOLE -DDISPATCH_MESSAGE_ADDR=4290184248 -DKERNEL_BUILD -DFULL_KERNEL_NAME="eltwise_binary_sfpu_scalar/730682219313858841/" -DKERNEL_COMPILE_TIME_ARGS=1,0 -c -o /sp/ttcache_prof/tt-metal-cache8908659371042919221/kernels/eltwise_binary_sfpu_scalar/730682219313858841/trisc1/trisck.2475656884148353978_1.o /opt/tt-metal/tt_metal/hw/firmware/src/tt-1xx/trisck.cc -MF /sp/ttcache_prof/tt-metal-cache8908659371042919221/kernels/eltwise_binary_sfpu_scalar/730682219313858841/trisc1/trisck.2475656884148353978_1.d
In file included from /opt/tt-metal/tt_metal/hw/firmware/src/tt-1xx/trisck.cc:16:
/opt/tt-metal/tt_metal/hw/firmware/src/tt-1xx/trisck.cc: In function 'uint32_t _start()':
/opt/tt-metal/tt_metal/tools/profiler/kernel_profiler.hpp:32:22: note: '#pragma message: TRISC-KERNEL,/opt/tt-metal/tt_metal/hw/firmware/src/tt-1xx/trisck.cc,89,KERNEL_PROFILER'
   32 | #define DO_PRAGMA(x) _Pragma(#x)
      |                      ^~~~~~~
/opt/tt-metal/tt_metal/tools/profiler/kernel_profiler.hpp:1047:5: note: in expansion of macro 'DO_PRAGMA'
 1047 |     DO_PRAGMA(message(PROFILER_MSG_NAME(name)));                               \
      |     ^~~~~~~~~
/opt/tt-metal/tt_metal/hw/firmware/src/tt-1xx/trisck.cc:89:5: note: in expansion of macro 'DeviceZoneScopedMainChildN'
   89 |     DeviceZoneScopedMainChildN("TRISC-KERNEL");
      |     ^~~~~~~~~~~~~~~~~~~~~~~~~~
Building ncrisc, compile step:
/opt/tt-metal/runtime/sfpi/compiler/bin/riscv-tt-elf-g++ -O2 -std=c++17 -ftt-nttp -ftt-constinit -ftt-consteval -ftt-no-dyninit -flto=1 -flto-partition=one -ffast-math -fno-finite-math-only -fsigned-zeros -fno-associative-math -fno-exceptions -fno-rtti -fno-use-cxa-atexit -g -MMD -Wall -Werror -Wno-error=deprecated-declarations -Wno-error=multistatement-macros -Wno-error=parentheses -Wno-error=unused-but-set-variable -Wno-unused-variable -Wno-unused-function --param=min-pagesize=0 -mcpu=tt-bh -fno-tree-loop-distribute-patterns -Winvalid-pch -Wno-error=invalid-pch -I. -I.. -I/opt/tt-metal/ -I/opt/tt-metal/ttnn -I/opt/tt-metal/ttnn/cpp -I/opt/tt-metal/tt_metal -I/opt/tt-metal/tt_metal/hw/inc -I/opt/tt-metal/tt_metal/tt-llk/common -I/opt/tt-metal/tt_metal/tt-llk/tools/include -I/opt/tt-metal/tt_metal/hostdevcommon/api -I/opt/tt-metal/tt_metal/api/ -I/opt/tt-metal/tt_metal/hw/ckernels/blackhole/metal/common -I/opt/tt-metal/tt_metal/hw/ckernels/blackhole/metal/llk_io -I/opt/tt-metal/tt_metal/hw/inc/internal/tt-1xx -I/opt/tt-metal/tt_metal/hw/inc/internal/tt-1xx/blackhole -I/opt/tt-metal/tt_metal/hw/inc/internal/tt-1xx/blackhole/blackhole_defines -I/opt/tt-metal/tt_metal/hw/inc/internal/tt-1xx/blackhole/noc -I/opt/tt-metal/tt_metal/tt-llk/tt_llk_blackhole/common/inc -I/opt/tt-metal/tt_metal/tt-llk/tt_llk_blackhole/llk_lib -I/opt/tt-metal/tt_metal/tt-llk/tt_llk_blackhole/llk_lib/hal -I/opt/tt-metal/tt_metal/hw/firmware/src/tt-1xx -I/opt/tt-metal/ttnn/cpp/ttnn/operations/eltwise/unary/device/kernels/dataflow -include /sp/ttcache_prof/tt-metal-cache/pch/1b9e28ac75b7aabf/pch.h -DIS_NOT_POW2_NUM_L1_BANKS=1 -DLOG_BASE_2_OF_NUM_DRAM_BANKS=3 -DNUM_DRAM_BANKS=8 -DNUM_L1_BANKS=110 -DPCIE_NOC_X=19 -DPCIE_NOC_Y=24 -DTENSIX_FIRMWARE -DLOCAL_MEM_EN=0 -DPROFILE_KERNEL=1 -DPROFILER_FULL_HOST_BUFFER_SIZE_PER_RISC=768000 -DPROCESSOR_INDEX=1 -DCOMPILE_FOR_NCRISC -DPROGRAMMABLE_CORE_TYPE=0 -DARCH_BLACKHOLE -DDISPATCH_MESSAGE_ADDR=4290184248 -DKERNEL_BUILD -DRM_INTERLEAVED=0 -DSRC_SHARDED=0 -DNOC_INDEX=0 -DNOC_MODE=0 -DFULL_KERNEL_NAME="reader_unary/16069903084839455894/" -DKERNEL_COMPILE_TIME_ARGS=2,4096 -c -o /sp/ttcache_prof/tt-metal-cache8908659371042919221/kernels/reader_unary/16069903084839455894/ncrisc/ncrisck.2475656884148353978_1.o /opt/tt-metal/tt_metal/hw/firmware/src/tt-1xx/ncrisck.cc -MF /sp/ttcache_prof/tt-metal-cache8908659371042919221/kernels/reader_unary/16069903084839455894/ncrisc/ncrisck.2475656884148353978_1.d
In file included from /opt/tt-metal/tt_metal/hw/inc/api/dataflow/dataflow_api.h:24,
                 from /opt/tt-metal/tt_metal/hw/inc/internal/firmware_common.h:23,
                 from /opt/tt-metal/tt_metal/hw/firmware/src/tt-1xx/ncrisck.cc:17:
/opt/tt-metal/tt_metal/tools/profiler/kernel_profiler.hpp: In function 'void kernel_profiler::quick_push()':
/opt/tt-metal/tt_metal/tools/profiler/kernel_profiler.hpp:32:22: note: '#pragma message: PROFILER-NOC-QUICK-PUSH,/opt/tt-metal/tt_metal/tools/profiler/kernel_profiler.hpp,633,KERNEL_PROFILER'
   32 | #define DO_PRAGMA(x) _Pragma(#x)
      |                      ^~~~~~~
/opt/tt-metal/tt_metal/tools/profiler/kernel_profiler.hpp:42:5: note: in expansion of macro 'DO_PRAGMA'
   42 |     DO_PRAGMA(message(PROFILER_MSG_NAME(name))); \
      |     ^~~~~~~~~
/opt/tt-metal/tt_metal/tools/profiler/kernel_profiler.hpp:633:5: note: in expansion of macro 'SrcLocNameToHash'
  633 |     SrcLocNameToHash("PROFILER-NOC-QUICK-PUSH");
      |     ^~~~~~~~~~~~~~~~
/opt/tt-metal/tt_metal/hw/firmware/src/tt-1xx/ncrisck.cc: In function 'uint32_t _start()':
/opt/tt-metal/tt_metal/tools/profiler/kernel_profiler.hpp:32:22: note: '#pragma message: NCRISC-KERNEL,/opt/tt-metal/tt_metal/hw/firmware/src/tt-1xx/ncrisck.cc,70,KERNEL_PROFILER'
   32 | #define DO_PRAGMA(x) _Pragma(#x)
      |                      ^~~~~~~
/opt/tt-metal/tt_metal/tools/profiler/kernel_profiler.hpp:1047:5: note: in expansion of macro 'DO_PRAGMA'
 1047 |     DO_PRAGMA(message(PROFILER_MSG_NAME(name)));                               \
      |     ^~~~~~~~~
/opt/tt-metal/tt_metal/hw/firmware/src/tt-1xx/ncrisck.cc:70:5: note: in expansion of macro 'DeviceZoneScopedMainChildN'
   70 |     DeviceZoneScopedMainChildN("NCRISC-KERNEL");
      |     ^~~~~~~~~~~~~~~~~~~~~~~~~~
Building brisc, compile step:
/opt/tt-metal/runtime/sfpi/compiler/bin/riscv-tt-elf-g++ -O2 -std=c++17 -ftt-nttp -ftt-constinit -ftt-consteval -ftt-no-dyninit -flto=1 -flto-partition=one -ffast-math -fno-finite-math-only -fsigned-zeros -fno-associative-math -fno-exceptions -fno-rtti -fno-use-cxa-atexit -g -MMD -Wall -Werror -Wno-error=deprecated-declarations -Wno-error=multistatement-macros -Wno-error=parentheses -Wno-error=unused-but-set-variable -Wno-unused-variable -Wno-unused-function --param=min-pagesize=0 -mcpu=tt-bh -fno-tree-loop-distribute-patterns -Winvalid-pch -Wno-error=invalid-pch -I. -I.. -I/opt/tt-metal/ -I/opt/tt-metal/ttnn -I/opt/tt-metal/ttnn/cpp -I/opt/tt-metal/tt_metal -I/opt/tt-metal/tt_metal/hw/inc -I/opt/tt-metal/tt_metal/tt-llk/common -I/opt/tt-metal/tt_metal/tt-llk/tools/include -I/opt/tt-metal/tt_metal/hostdevcommon/api -I/opt/tt-metal/tt_metal/api/ -I/opt/tt-metal/tt_metal/hw/ckernels/blackhole/metal/common -I/opt/tt-metal/tt_metal/hw/ckernels/blackhole/metal/llk_io -I/opt/tt-metal/tt_metal/hw/inc/internal/tt-1xx -I/opt/tt-metal/tt_metal/hw/inc/internal/tt-1xx/blackhole -I/opt/tt-metal/tt_metal/hw/inc/internal/tt-1xx/blackhole/blackhole_defines -I/opt/tt-metal/tt_metal/hw/inc/internal/tt-1xx/blackhole/noc -I/opt/tt-metal/tt_metal/tt-llk/tt_llk_blackhole/common/inc -I/opt/tt-metal/tt_metal/tt-llk/tt_llk_blackhole/llk_lib -I/opt/tt-metal/tt_metal/tt-llk/tt_llk_blackhole/llk_lib/hal -I/opt/tt-metal/tt_metal/hw/firmware/src/tt-1xx -I/opt/tt-metal/ttnn/cpp/ttnn/operations/eltwise/unary/device/kernels/dataflow -include /sp/ttcache_prof/tt-metal-cache/pch/1b9e28ac75b7aabf/pch.h -DIS_NOT_POW2_NUM_L1_BANKS=1 -DLOG_BASE_2_OF_NUM_DRAM_BANKS=3 -DNUM_DRAM_BANKS=8 -DNUM_L1_BANKS=110 -DPCIE_NOC_X=19 -DPCIE_NOC_Y=24 -DTENSIX_FIRMWARE -DLOCAL_MEM_EN=0 -DPROFILE_KERNEL=1 -DPROFILER_FULL_HOST_BUFFER_SIZE_PER_RISC=768000 -DPROCESSOR_INDEX=0 -DCOMPILE_FOR_BRISC -DPROGRAMMABLE_CORE_TYPE=0 -DARCH_BLACKHOLE -DDISPATCH_MESSAGE_ADDR=4290184248 -DKERNEL_BUILD -DDST_SHARDED=0 -DRM_INTERLEAVED=0 -DNOC_INDEX=1 -DNOC_MODE=0 -DFULL_KERNEL_NAME="writer_unary/7240547924034195272/" -DKERNEL_COMPILE_TIME_ARGS=2,4096 -c -o /sp/ttcache_prof/tt-metal-cache8908659371042919221/kernels/writer_unary/7240547924034195272/brisc/brisck.2475656884148353978_1.o /opt/tt-metal/tt_metal/hw/firmware/src/tt-1xx/brisck.cc -MF /sp/ttcache_prof/tt-metal-cache8908659371042919221/kernels/writer_unary/7240547924034195272/brisc/brisck.2475656884148353978_1.d
In file included from /opt/tt-metal/tt_metal/hw/inc/api/dataflow/dataflow_api.h:24,
                 from /opt/tt-metal/tt_metal/hw/inc/internal/firmware_common.h:23,
                 from /opt/tt-metal/tt_metal/hw/firmware/src/tt-1xx/brisck.cc:16:
/opt/tt-metal/tt_metal/tools/profiler/kernel_profiler.hpp: In function 'void kernel_profiler::finish_profiler(bool)':
/opt/tt-metal/tt_metal/tools/profiler/kernel_profiler.hpp:32:22: note: '#pragma message: PROFILER-NOC-FLUSH,/opt/tt-metal/tt_metal/tools/profiler/kernel_profiler.hpp,481,KERNEL_PROFILER'
   32 | #define DO_PRAGMA(x) _Pragma(#x)
      |                      ^~~~~~~
/opt/tt-metal/tt_metal/tools/profiler/kernel_profiler.hpp:42:5: note: in expansion of macro 'DO_PRAGMA'
   42 |     DO_PRAGMA(message(PROFILER_MSG_NAME(name))); \
      |     ^~~~~~~~~
/opt/tt-metal/tt_metal/tools/profiler/kernel_profiler.hpp:481:17: note: in expansion of macro 'SrcLocNameToHash'
  481 |                 SrcLocNameToHash("PROFILER-NOC-FLUSH");
      |                 ^~~~~~~~~~~~~~~~
/opt/tt-metal/tt_metal/tools/profiler/kernel_profiler.hpp:32:22: note: '#pragma message: PROFILER-DRAM-PUSH,/opt/tt-metal/tt_metal/tools/profiler/kernel_profiler.hpp,490,KERNEL_PROFILER'
   32 | #define DO_PRAGMA(x) _Pragma(#x)
      |                      ^~~~~~~
/opt/tt-metal/tt_metal/tools/profiler/kernel_profiler.hpp:42:5: note: in expansion of macro 'DO_PRAGMA'
   42 |     DO_PRAGMA(message(PROFILER_MSG_NAME(name))); \
      |     ^~~~~~~~~
/opt/tt-metal/tt_metal/tools/profiler/kernel_profiler.hpp:490:17: note: in expansion of macro 'SrcLocNameToHash'
  490 |                 SrcLocNameToHash("PROFILER-DRAM-PUSH");
      |                 ^~~~~~~~~~~~~~~~
/opt/tt-metal/tt_metal/tools/profiler/kernel_profiler.hpp: In function 'void kernel_profiler::quick_push()':
/opt/tt-metal/tt_metal/tools/profiler/kernel_profiler.hpp:32:22: note: '#pragma message: PROFILER-NOC-QUICK-PUSH,/opt/tt-metal/tt_metal/tools/profiler/kernel_profiler.hpp,633,KERNEL_PROFILER'
   32 | #define DO_PRAGMA(x) _Pragma(#x)
      |                      ^~~~~~~
/opt/tt-metal/tt_metal/tools/profiler/kernel_profiler.hpp:42:5: note: in expansion of macro 'DO_PRAGMA'
   42 |     DO_PRAGMA(message(PROFILER_MSG_NAME(name))); \
      |     ^~~~~~~~~
/opt/tt-metal/tt_metal/tools/profiler/kernel_profiler.hpp:633:5: note: in expansion of macro 'SrcLocNameToHash'
  633 |     SrcLocNameToHash("PROFILER-NOC-QUICK-PUSH");
      |     ^~~~~~~~~~~~~~~~
/opt/tt-metal/tt_metal/hw/firmware/src/tt-1xx/brisck.cc: In function 'uint32_t _start()':
/opt/tt-metal/tt_metal/tools/profiler/kernel_profiler.hpp:32:22: note: '#pragma message: BRISC-KERNEL,/opt/tt-metal/tt_metal/hw/firmware/src/tt-1xx/brisck.cc,77,KERNEL_PROFILER'
   32 | #define DO_PRAGMA(x) _Pragma(#x)
      |                      ^~~~~~~
/opt/tt-metal/tt_metal/tools/profiler/kernel_profiler.hpp:1047:5: note: in expansion of macro 'DO_PRAGMA'
 1047 |     DO_PRAGMA(message(PROFILER_MSG_NAME(name)));                               \
      |     ^~~~~~~~~
/opt/tt-metal/tt_metal/hw/firmware/src/tt-1xx/brisck.cc:77:9: note: in expansion of macro 'DeviceZoneScopedMainChildN'
   77 |         DeviceZoneScopedMainChildN("BRISC-KERNEL");
      |         ^~~~~~~~~~~~~~~~~~~~~~~~~~
Building trisc2, compile step:
/opt/tt-metal/runtime/sfpi/compiler/bin/riscv-tt-elf-g++ -O3 -std=c++17 -ftt-nttp -ftt-constinit -ftt-consteval -ftt-no-dyninit -flto=1 -flto-partition=one -ffast-math -fno-finite-math-only -fsigned-zeros -fno-associative-math -fno-exceptions -fno-rtti -fno-use-cxa-atexit -g -MMD -Wall -Werror -Wno-error=deprecated-declarations -Wno-error=multistatement-macros -Wno-error=parentheses -Wno-error=unused-but-set-variable -Wno-unused-variable -Wno-unused-function --param=min-pagesize=0 -mcpu=tt-bh-tensix -Winvalid-pch -Wno-error=invalid-pch -I. -I.. -I/opt/tt-metal/ -I/opt/tt-metal/ttnn -I/opt/tt-metal/ttnn/cpp -I/opt/tt-metal/tt_metal -I/opt/tt-metal/tt_metal/hw/inc -I/opt/tt-metal/tt_metal/tt-llk/common -I/opt/tt-metal/tt_metal/tt-llk/tools/include -I/opt/tt-metal/tt_metal/hostdevcommon/api -I/opt/tt-metal/tt_metal/api/ -I/opt/tt-metal/runtime/sfpi/include -I/opt/tt-metal/tt_metal/hw/ckernels/blackhole/metal/common -I/opt/tt-metal/tt_metal/hw/ckernels/blackhole/metal/llk_io -I/opt/tt-metal/tt_metal/hw/inc/internal/tt-1xx -I/opt/tt-metal/tt_metal/hw/inc/internal/tt-1xx/blackhole -I/opt/tt-metal/tt_metal/hw/inc/internal/tt-1xx/blackhole/blackhole_defines -I/opt/tt-metal/tt_metal/hw/inc/internal/tt-1xx/blackhole/noc -I/opt/tt-metal/tt_metal/tt-llk/tt_llk_blackhole/common/inc -I/opt/tt-metal/tt_metal/tt-llk/tt_llk_blackhole/llk_lib -I/opt/tt-metal/tt_metal/tt-llk/tt_llk_blackhole/llk_lib/hal -I/opt/tt-metal/tt_metal/hw/ckernels/blackhole/metal/llk_api -I/opt/tt-metal/tt_metal/hw/ckernels/blackhole/metal/llk_api/llk_sfpu -I/opt/tt-metal/tt_metal/hw/firmware/src/tt-1xx -I/opt/tt-metal/ttnn/cpp/ttnn/operations/eltwise/unary/device/kernels/compute -include /sp/ttcache_prof/tt-metal-cache/pch/e13a6eedc934b130/pch.h -DIS_NOT_POW2_NUM_L1_BANKS=1 -DLOG_BASE_2_OF_NUM_DRAM_BANKS=3 -DNUM_DRAM_BANKS=8 -DNUM_L1_BANKS=110 -DPCIE_NOC_X=19 -DPCIE_NOC_Y=24 -DTENSIX_FIRMWARE -DLOCAL_MEM_EN=0 -DPROFILE_KERNEL=1 -DPROFILER_FULL_HOST_BUFFER_SIZE_PER_RISC=768000 -DPROCESSOR_INDEX=4 -DUCK_CHLKC_PACK -DCOMPILE_FOR_TRISC=2 -DPROGRAMMABLE_CORE_TYPE=0 -DARCH_BLACKHOLE -DDISPATCH_MESSAGE_ADDR=4290184248 -DKERNEL_BUILD -DFULL_KERNEL_NAME="eltwise_sfpu/13570242482777322424/" -DKERNEL_COMPILE_TIME_ARGS=0 -c -o /sp/ttcache_prof/tt-metal-cache8908659371042919221/kernels/eltwise_sfpu/13570242482777322424/trisc2/trisck.2475656884148353978_1.o /opt/tt-metal/tt_metal/hw/firmware/src/tt-1xx/trisck.cc -MF /sp/ttcache_prof/tt-metal-cache8908659371042919221/kernels/eltwise_sfpu/13570242482777322424/trisc2/trisck.2475656884148353978_1.d
In file included from /opt/tt-metal/tt_metal/hw/ckernels/blackhole/metal/llk_io/llk_io_pack.h:14,
                 from /opt/tt-metal/tt_metal/hw/inc/api/compute/cb_api.h:12,
                 from /opt/tt-metal/tt_metal/hw/inc/api/compute/common.h:11,
                 from /opt/tt-metal/ttnn/cpp/ttnn/operations/eltwise/unary/device/kernels/compute/eltwise_sfpu.cpp:6,
                 from ../chlkc_pack.cpp:4,
                 from /opt/tt-metal/tt_metal/hw/ckernels/blackhole/metal/common/chlkc_list.h:21,
                 from /opt/tt-metal/tt_metal/hw/firmware/src/tt-1xx/trisck.cc:14:
/opt/tt-metal/tt_metal/hw/ckernels/blackhole/metal/llk_io/llk_io_pack.h: In function 'void llk_wait_for_free_tiles(int32_t, int32_t)':
/opt/tt-metal/tt_metal/tools/profiler/kernel_profiler.hpp:32:22: note: '#pragma message: CB-COMPUTE-RESERVE-BACK,/opt/tt-metal/tt_metal/hw/ckernels/blackhole/metal/llk_io/llk_io_pack.h,21,KERNEL_PROFILER'
   32 | #define DO_PRAGMA(x) _Pragma(#x)
      |                      ^~~~~~~
/opt/tt-metal/tt_metal/tools/profiler/kernel_profiler.hpp:1057:5: note: in expansion of macro 'DO_PRAGMA'
 1057 |     DO_PRAGMA(message(PROFILER_MSG_NAME(name)));                               \
      |     ^~~~~~~~~
/opt/tt-metal/tt_metal/hw/ckernels/blackhole/metal/llk_io/llk_io_pack.h:21:5: note: in expansion of macro 'DeviceZoneScopedSumN2'
   21 |     DeviceZoneScopedSumN2("CB-COMPUTE-RESERVE-BACK");
      |     ^~~~~~~~~~~~~~~~~~~~~
/opt/tt-metal/tt_metal/hw/firmware/src/tt-1xx/trisck.cc: In function 'uint32_t _start()':
/opt/tt-metal/tt_metal/tools/profiler/kernel_profiler.hpp:32:22: note: '#pragma message: TRISC-KERNEL,/opt/tt-metal/tt_metal/hw/firmware/src/tt-1xx/trisck.cc,89,KERNEL_PROFILER'
   32 | #define DO_PRAGMA(x) _Pragma(#x)
      |                      ^~~~~~~
/opt/tt-metal/tt_metal/tools/profiler/kernel_profiler.hpp:1047:5: note: in expansion of macro 'DO_PRAGMA'
 1047 |     DO_PRAGMA(message(PROFILER_MSG_NAME(name)));                               \
      |     ^~~~~~~~~
/opt/tt-metal/tt_metal/hw/firmware/src/tt-1xx/trisck.cc:89:5: note: in expansion of macro 'DeviceZoneScopedMainChildN'
   89 |     DeviceZoneScopedMainChildN("TRISC-KERNEL");
      |     ^~~~~~~~~~~~~~~~~~~~~~~~~~
Building trisc0, compile step:
/opt/tt-metal/runtime/sfpi/compiler/bin/riscv-tt-elf-g++ -O3 -std=c++17 -ftt-nttp -ftt-constinit -ftt-consteval -ftt-no-dyninit -flto=1 -flto-partition=one -ffast-math -fno-finite-math-only -fsigned-zeros -fno-associative-math -fno-exceptions -fno-rtti -fno-use-cxa-atexit -g -MMD -Wall -Werror -Wno-error=deprecated-declarations -Wno-error=multistatement-macros -Wno-error=parentheses -Wno-error=unused-but-set-variable -Wno-unused-variable -Wno-unused-function --param=min-pagesize=0 -mcpu=tt-bh-tensix -Winvalid-pch -Wno-error=invalid-pch -I. -I.. -I/opt/tt-metal/ -I/opt/tt-metal/ttnn -I/opt/tt-metal/ttnn/cpp -I/opt/tt-metal/tt_metal -I/opt/tt-metal/tt_metal/hw/inc -I/opt/tt-metal/tt_metal/tt-llk/common -I/opt/tt-metal/tt_metal/tt-llk/tools/include -I/opt/tt-metal/tt_metal/hostdevcommon/api -I/opt/tt-metal/tt_metal/api/ -I/opt/tt-metal/runtime/sfpi/include -I/opt/tt-metal/tt_metal/hw/ckernels/blackhole/metal/common -I/opt/tt-metal/tt_metal/hw/ckernels/blackhole/metal/llk_io -I/opt/tt-metal/tt_metal/hw/inc/internal/tt-1xx -I/opt/tt-metal/tt_metal/hw/inc/internal/tt-1xx/blackhole -I/opt/tt-metal/tt_metal/hw/inc/internal/tt-1xx/blackhole/blackhole_defines -I/opt/tt-metal/tt_metal/hw/inc/internal/tt-1xx/blackhole/noc -I/opt/tt-metal/tt_metal/tt-llk/tt_llk_blackhole/common/inc -I/opt/tt-metal/tt_metal/tt-llk/tt_llk_blackhole/llk_lib -I/opt/tt-metal/tt_metal/tt-llk/tt_llk_blackhole/llk_lib/hal -I/opt/tt-metal/tt_metal/hw/ckernels/blackhole/metal/llk_api -I/opt/tt-metal/tt_metal/hw/ckernels/blackhole/metal/llk_api/llk_sfpu -I/opt/tt-metal/tt_metal/hw/firmware/src/tt-1xx -I/opt/tt-metal/ttnn/cpp/ttnn/operations/eltwise/unary/device/kernels/compute -include /sp/ttcache_prof/tt-metal-cache/pch/e13a6eedc934b130/pch.h -DIS_NOT_POW2_NUM_L1_BANKS=1 -DLOG_BASE_2_OF_NUM_DRAM_BANKS=3 -DNUM_DRAM_BANKS=8 -DNUM_L1_BANKS=110 -DPCIE_NOC_X=19 -DPCIE_NOC_Y=24 -DTENSIX_FIRMWARE -DLOCAL_MEM_EN=0 -DPROFILE_KERNEL=1 -DPROFILER_FULL_HOST_BUFFER_SIZE_PER_RISC=768000 -DPROCESSOR_INDEX=2 -DUCK_CHLKC_UNPACK -DCOMPILE_FOR_TRISC=0 -DPROGRAMMABLE_CORE_TYPE=0 -DARCH_BLACKHOLE -DDISPATCH_MESSAGE_ADDR=4290184248 -DKERNEL_BUILD -DFULL_KERNEL_NAME="eltwise_sfpu/13570242482777322424/" -DKERNEL_COMPILE_TIME_ARGS=0 -c -o /sp/ttcache_prof/tt-metal-cache8908659371042919221/kernels/eltwise_sfpu/13570242482777322424/trisc0/trisck.2475656884148353978_1.o /opt/tt-metal/tt_metal/hw/firmware/src/tt-1xx/trisck.cc -MF /sp/ttcache_prof/tt-metal-cache8908659371042919221/kernels/eltwise_sfpu/13570242482777322424/trisc0/trisck.2475656884148353978_1.d
In file included from /opt/tt-metal/tt_metal/hw/ckernels/blackhole/metal/llk_io/llk_io_unpack.h:13,
                 from /opt/tt-metal/tt_metal/hw/inc/api/compute/cb_api.h:15,
                 from /opt/tt-metal/tt_metal/hw/inc/api/compute/common.h:11,
                 from /opt/tt-metal/ttnn/cpp/ttnn/operations/eltwise/unary/device/kernels/compute/eltwise_sfpu.cpp:6,
                 from ../chlkc_unpack.cpp:4,
                 from /opt/tt-metal/tt_metal/hw/ckernels/blackhole/metal/common/chlkc_list.h:26,
                 from /opt/tt-metal/tt_metal/hw/firmware/src/tt-1xx/trisck.cc:14:
/opt/tt-metal/tt_metal/hw/ckernels/blackhole/metal/llk_io/llk_io_unpack.h: In function 'void llk_wait_tiles(int, int32_t)':
/opt/tt-metal/tt_metal/tools/profiler/kernel_profiler.hpp:32:22: note: '#pragma message: CB-COMPUTE-WAIT-FRONT,/opt/tt-metal/tt_metal/hw/ckernels/blackhole/metal/llk_io/llk_io_unpack.h,19,KERNEL_PROFILER'
   32 | #define DO_PRAGMA(x) _Pragma(#x)
      |                      ^~~~~~~
/opt/tt-metal/tt_metal/tools/profiler/kernel_profiler.hpp:1052:5: note: in expansion of macro 'DO_PRAGMA'
 1052 |     DO_PRAGMA(message(PROFILER_MSG_NAME(name)));                               \
      |     ^~~~~~~~~
/opt/tt-metal/tt_metal/hw/ckernels/blackhole/metal/llk_io/llk_io_unpack.h:19:5: note: in expansion of macro 'DeviceZoneScopedSumN1'
   19 |     DeviceZoneScopedSumN1("CB-COMPUTE-WAIT-FRONT");
      |     ^~~~~~~~~~~~~~~~~~~~~
/opt/tt-metal/tt_metal/hw/firmware/src/tt-1xx/trisck.cc: In function 'uint32_t _start()':
/opt/tt-metal/tt_metal/tools/profiler/kernel_profiler.hpp:32:22: note: '#pragma message: TRISC-KERNEL,/opt/tt-metal/tt_metal/hw/firmware/src/tt-1xx/trisck.cc,89,KERNEL_PROFILER'
   32 | #define DO_PRAGMA(x) _Pragma(#x)
      |                      ^~~~~~~
/opt/tt-metal/tt_metal/tools/profiler/kernel_profiler.hpp:1047:5: note: in expansion of macro 'DO_PRAGMA'
 1047 |     DO_PRAGMA(message(PROFILER_MSG_NAME(name)));                               \
      |     ^~~~~~~~~
/opt/tt-metal/tt_metal/hw/firmware/src/tt-1xx/trisck.cc:89:5: note: in expansion of macro 'DeviceZoneScopedMainChildN'
   89 |     DeviceZoneScopedMainChildN("TRISC-KERNEL");
      |     ^~~~~~~~~~~~~~~~~~~~~~~~~~
Building trisc1, compile step:
/opt/tt-metal/runtime/sfpi/compiler/bin/riscv-tt-elf-g++ -O3 -std=c++17 -ftt-nttp -ftt-constinit -ftt-consteval -ftt-no-dyninit -flto=1 -flto-partition=one -ffast-math -fno-finite-math-only -fsigned-zeros -fno-associative-math -fno-exceptions -fno-rtti -fno-use-cxa-atexit -g -MMD -Wall -Werror -Wno-error=deprecated-declarations -Wno-error=multistatement-macros -Wno-error=parentheses -Wno-error=unused-but-set-variable -Wno-unused-variable -Wno-unused-function --param=min-pagesize=0 -mcpu=tt-bh-tensix -Winvalid-pch -Wno-error=invalid-pch -I. -I.. -I/opt/tt-metal/ -I/opt/tt-metal/ttnn -I/opt/tt-metal/ttnn/cpp -I/opt/tt-metal/tt_metal -I/opt/tt-metal/tt_metal/hw/inc -I/opt/tt-metal/tt_metal/tt-llk/common -I/opt/tt-metal/tt_metal/tt-llk/tools/include -I/opt/tt-metal/tt_metal/hostdevcommon/api -I/opt/tt-metal/tt_metal/api/ -I/opt/tt-metal/runtime/sfpi/include -I/opt/tt-metal/tt_metal/hw/ckernels/blackhole/metal/common -I/opt/tt-metal/tt_metal/hw/ckernels/blackhole/metal/llk_io -I/opt/tt-metal/tt_metal/hw/inc/internal/tt-1xx -I/opt/tt-metal/tt_metal/hw/inc/internal/tt-1xx/blackhole -I/opt/tt-metal/tt_metal/hw/inc/internal/tt-1xx/blackhole/blackhole_defines -I/opt/tt-metal/tt_metal/hw/inc/internal/tt-1xx/blackhole/noc -I/opt/tt-metal/tt_metal/tt-llk/tt_llk_blackhole/common/inc -I/opt/tt-metal/tt_metal/tt-llk/tt_llk_blackhole/llk_lib -I/opt/tt-metal/tt_metal/tt-llk/tt_llk_blackhole/llk_lib/hal -I/opt/tt-metal/tt_metal/hw/ckernels/blackhole/metal/llk_api -I/opt/tt-metal/tt_metal/hw/ckernels/blackhole/metal/llk_api/llk_sfpu -I/opt/tt-metal/tt_metal/hw/firmware/src/tt-1xx -I/opt/tt-metal/ttnn/cpp/ttnn/operations/eltwise/unary/device/kernels/compute -include /sp/ttcache_prof/tt-metal-cache/pch/e13a6eedc934b130/pch.h -DIS_NOT_POW2_NUM_L1_BANKS=1 -DLOG_BASE_2_OF_NUM_DRAM_BANKS=3 -DNUM_DRAM_BANKS=8 -DNUM_L1_BANKS=110 -DPCIE_NOC_X=19 -DPCIE_NOC_Y=24 -DTENSIX_FIRMWARE -DLOCAL_MEM_EN=0 -DPROFILE_KERNEL=1 -DPROFILER_FULL_HOST_BUFFER_SIZE_PER_RISC=768000 -DPROCESSOR_INDEX=3 -DUCK_CHLKC_MATH -DCOMPILE_FOR_TRISC=1 -DPROGRAMMABLE_CORE_TYPE=0 -DARCH_BLACKHOLE -DDISPATCH_MESSAGE_ADDR=4290184248 -DKERNEL_BUILD -DFULL_KERNEL_NAME="eltwise_sfpu/13570242482777322424/" -DKERNEL_COMPILE_TIME_ARGS=0 -c -o /sp/ttcache_prof/tt-metal-cache8908659371042919221/kernels/eltwise_sfpu/13570242482777322424/trisc1/trisck.2475656884148353978_1.o /opt/tt-metal/tt_metal/hw/firmware/src/tt-1xx/trisck.cc -MF /sp/ttcache_prof/tt-metal-cache8908659371042919221/kernels/eltwise_sfpu/13570242482777322424/trisc1/trisck.2475656884148353978_1.d
In file included from /opt/tt-metal/tt_metal/hw/firmware/src/tt-1xx/trisck.cc:16:
/opt/tt-metal/tt_metal/hw/firmware/src/tt-1xx/trisck.cc: In function 'uint32_t _start()':
/opt/tt-metal/tt_metal/tools/profiler/kernel_profiler.hpp:32:22: note: '#pragma message: TRISC-KERNEL,/opt/tt-metal/tt_metal/hw/firmware/src/tt-1xx/trisck.cc,89,KERNEL_PROFILER'
   32 | #define DO_PRAGMA(x) _Pragma(#x)
      |                      ^~~~~~~
/opt/tt-metal/tt_metal/tools/profiler/kernel_profiler.hpp:1047:5: note: in expansion of macro 'DO_PRAGMA'
 1047 |     DO_PRAGMA(message(PROFILER_MSG_NAME(name)));                               \
      |     ^~~~~~~~~
/opt/tt-metal/tt_metal/hw/firmware/src/tt-1xx/trisck.cc:89:5: note: in expansion of macro 'DeviceZoneScopedMainChildN'
   89 |     DeviceZoneScopedMainChildN("TRISC-KERNEL");
      |     ^~~~~~~~~~~~~~~~~~~~~~~~~~
Building ncrisc, compile step:
/opt/tt-metal/runtime/sfpi/compiler/bin/riscv-tt-elf-g++ -O2 -std=c++17 -ftt-nttp -ftt-constinit -ftt-consteval -ftt-no-dyninit -flto=1 -flto-partition=one -ffast-math -fno-finite-math-only -fsigned-zeros -fno-associative-math -fno-exceptions -fno-rtti -fno-use-cxa-atexit -g -MMD -Wall -Werror -Wno-error=deprecated-declarations -Wno-error=multistatement-macros -Wno-error=parentheses -Wno-error=unused-but-set-variable -Wno-unused-variable -Wno-unused-function --param=min-pagesize=0 -mcpu=tt-bh -fno-tree-loop-distribute-patterns -Winvalid-pch -Wno-error=invalid-pch -I. -I.. -I/opt/tt-metal/ -I/opt/tt-metal/ttnn -I/opt/tt-metal/ttnn/cpp -I/opt/tt-metal/tt_metal -I/opt/tt-metal/tt_metal/hw/inc -I/opt/tt-metal/tt_metal/tt-llk/common -I/opt/tt-metal/tt_metal/tt-llk/tools/include -I/opt/tt-metal/tt_metal/hostdevcommon/api -I/opt/tt-metal/tt_metal/api/ -I/opt/tt-metal/tt_metal/hw/ckernels/blackhole/metal/common -I/opt/tt-metal/tt_metal/hw/ckernels/blackhole/metal/llk_io -I/opt/tt-metal/tt_metal/hw/inc/internal/tt-1xx -I/opt/tt-metal/tt_metal/hw/inc/internal/tt-1xx/blackhole -I/opt/tt-metal/tt_metal/hw/inc/internal/tt-1xx/blackhole/blackhole_defines -I/opt/tt-metal/tt_metal/hw/inc/internal/tt-1xx/blackhole/noc -I/opt/tt-metal/tt_metal/tt-llk/tt_llk_blackhole/common/inc -I/opt/tt-metal/tt_metal/tt-llk/tt_llk_blackhole/llk_lib -I/opt/tt-metal/tt_metal/tt-llk/tt_llk_blackhole/llk_lib/hal -I/opt/tt-metal/tt_metal/hw/firmware/src/tt-1xx -I/opt/tt-metal/ttnn/cpp/ttnn/operations/eltwise/binary_ng/device/kernels_ng/dataflow -include /sp/ttcache_prof/tt-metal-cache/pch/1b9e28ac75b7aabf/pch.h -DIS_NOT_POW2_NUM_L1_BANKS=1 -DLOG_BASE_2_OF_NUM_DRAM_BANKS=3 -DNUM_DRAM_BANKS=8 -DNUM_L1_BANKS=110 -DPCIE_NOC_X=19 -DPCIE_NOC_Y=24 -DTENSIX_FIRMWARE -DLOCAL_MEM_EN=0 -DPROFILE_KERNEL=1 -DPROFILER_FULL_HOST_BUFFER_SIZE_PER_RISC=768000 -DPROCESSOR_INDEX=1 -DCOMPILE_FOR_NCRISC -DPROGRAMMABLE_CORE_TYPE=0 -DARCH_BLACKHOLE -DDISPATCH_MESSAGE_ADDR=4290184248 -DKERNEL_BUILD -DBCAST_LLK=0 -DFILL_TILE_WITH_FIRST_COLUMN=fill_tile_with_first_column -DFILL_TILE_WITH_FIRST_COLUMN_B=fill_tile_with_first_column -DFILL_TILE_WITH_FIRST_COLUMN_RM=fill_tile_with_first_column_rm -DFILL_TILE_WITH_FIRST_ELEMENT=fill_tile_with_first_element<float> -DFILL_TILE_WITH_FIRST_ELEMENT_B=fill_tile_with_first_element<float> -DFILL_TILE_WITH_FIRST_ROW=fill_tile_with_first_row -DFILL_TILE_WITH_FIRST_ROW_B=fill_tile_with_first_row -DFILL_TILE_WITH_FIRST_ROW_RM=fill_tile_with_first_row_rm -DFILL_WITH_VALUE_FLOAT=fill_with_val<1024, float> -DFILL_WITH_VALUE_FLOAT_B=fill_with_val<1024, float> -DSRC_SHARDED=0 -DSRC_SHARDED_B=0 -DNOC_INDEX=0 -DNOC_MODE=0 -DFULL_KERNEL_NAME="reader_interleaved_no_bcast/11025976614297578985/" -DKERNEL_COMPILE_TIME_ARGS=2,4096,2,4096,0 -c -o /sp/ttcache_prof/tt-metal-cache8908659371042919221/kernels/reader_interleaved_no_bcast/11025976614297578985/ncrisc/ncrisck.2475656884148353978_1.o /opt/tt-metal/tt_metal/hw/firmware/src/tt-1xx/ncrisck.cc -MF /sp/ttcache_prof/tt-metal-cache8908659371042919221/kernels/reader_interleaved_no_bcast/11025976614297578985/ncrisc/ncrisck.2475656884148353978_1.d
In file included from /opt/tt-metal/tt_metal/hw/inc/api/dataflow/dataflow_api.h:24,
                 from /opt/tt-metal/tt_metal/hw/inc/internal/firmware_common.h:23,
                 from /opt/tt-metal/tt_metal/hw/firmware/src/tt-1xx/ncrisck.cc:17:
/opt/tt-metal/tt_metal/tools/profiler/kernel_profiler.hpp: In function 'void kernel_profiler::quick_push()':
/opt/tt-metal/tt_metal/tools/profiler/kernel_profiler.hpp:32:22: note: '#pragma message: PROFILER-NOC-QUICK-PUSH,/opt/tt-metal/tt_metal/tools/profiler/kernel_profiler.hpp,633,KERNEL_PROFILER'
   32 | #define DO_PRAGMA(x) _Pragma(#x)
      |                      ^~~~~~~
/opt/tt-metal/tt_metal/tools/profiler/kernel_profiler.hpp:42:5: note: in expansion of macro 'DO_PRAGMA'
   42 |     DO_PRAGMA(message(PROFILER_MSG_NAME(name))); \
      |     ^~~~~~~~~
/opt/tt-metal/tt_metal/tools/profiler/kernel_profiler.hpp:633:5: note: in expansion of macro 'SrcLocNameToHash'
  633 |     SrcLocNameToHash("PROFILER-NOC-QUICK-PUSH");
      |     ^~~~~~~~~~~~~~~~
/opt/tt-metal/tt_metal/hw/firmware/src/tt-1xx/ncrisck.cc: In function 'uint32_t _start()':
/opt/tt-metal/tt_metal/tools/profiler/kernel_profiler.hpp:32:22: note: '#pragma message: NCRISC-KERNEL,/opt/tt-metal/tt_metal/hw/firmware/src/tt-1xx/ncrisck.cc,70,KERNEL_PROFILER'
   32 | #define DO_PRAGMA(x) _Pragma(#x)
      |                      ^~~~~~~
/opt/tt-metal/tt_metal/tools/profiler/kernel_profiler.hpp:1047:5: note: in expansion of macro 'DO_PRAGMA'
 1047 |     DO_PRAGMA(message(PROFILER_MSG_NAME(name)));                               \
      |     ^~~~~~~~~
/opt/tt-metal/tt_metal/hw/firmware/src/tt-1xx/ncrisck.cc:70:5: note: in expansion of macro 'DeviceZoneScopedMainChildN'
   70 |     DeviceZoneScopedMainChildN("NCRISC-KERNEL");
      |     ^~~~~~~~~~~~~~~~~~~~~~~~~~
Building brisc, compile step:
/opt/tt-metal/runtime/sfpi/compiler/bin/riscv-tt-elf-g++ -O2 -std=c++17 -ftt-nttp -ftt-constinit -ftt-consteval -ftt-no-dyninit -flto=1 -flto-partition=one -ffast-math -fno-finite-math-only -fsigned-zeros -fno-associative-math -fno-exceptions -fno-rtti -fno-use-cxa-atexit -g -MMD -Wall -Werror -Wno-error=deprecated-declarations -Wno-error=multistatement-macros -Wno-error=parentheses -Wno-error=unused-but-set-variable -Wno-unused-variable -Wno-unused-function --param=min-pagesize=0 -mcpu=tt-bh -fno-tree-loop-distribute-patterns -Winvalid-pch -Wno-error=invalid-pch -I. -I.. -I/opt/tt-metal/ -I/opt/tt-metal/ttnn -I/opt/tt-metal/ttnn/cpp -I/opt/tt-metal/tt_metal -I/opt/tt-metal/tt_metal/hw/inc -I/opt/tt-metal/tt_metal/tt-llk/common -I/opt/tt-metal/tt_metal/tt-llk/tools/include -I/opt/tt-metal/tt_metal/hostdevcommon/api -I/opt/tt-metal/tt_metal/api/ -I/opt/tt-metal/tt_metal/hw/ckernels/blackhole/metal/common -I/opt/tt-metal/tt_metal/hw/ckernels/blackhole/metal/llk_io -I/opt/tt-metal/tt_metal/hw/inc/internal/tt-1xx -I/opt/tt-metal/tt_metal/hw/inc/internal/tt-1xx/blackhole -I/opt/tt-metal/tt_metal/hw/inc/internal/tt-1xx/blackhole/blackhole_defines -I/opt/tt-metal/tt_metal/hw/inc/internal/tt-1xx/blackhole/noc -I/opt/tt-metal/tt_metal/tt-llk/tt_llk_blackhole/common/inc -I/opt/tt-metal/tt_metal/tt-llk/tt_llk_blackhole/llk_lib -I/opt/tt-metal/tt_metal/tt-llk/tt_llk_blackhole/llk_lib/hal -I/opt/tt-metal/tt_metal/hw/firmware/src/tt-1xx -I/opt/tt-metal/ttnn/cpp/ttnn/operations/eltwise/binary_ng/device/kernels_ng/dataflow -include /sp/ttcache_prof/tt-metal-cache/pch/1b9e28ac75b7aabf/pch.h -DIS_NOT_POW2_NUM_L1_BANKS=1 -DLOG_BASE_2_OF_NUM_DRAM_BANKS=3 -DNUM_DRAM_BANKS=8 -DNUM_L1_BANKS=110 -DPCIE_NOC_X=19 -DPCIE_NOC_Y=24 -DTENSIX_FIRMWARE -DLOCAL_MEM_EN=0 -DPROFILE_KERNEL=1 -DPROFILER_FULL_HOST_BUFFER_SIZE_PER_RISC=768000 -DPROCESSOR_INDEX=0 -DCOMPILE_FOR_BRISC -DPROGRAMMABLE_CORE_TYPE=0 -DARCH_BLACKHOLE -DDISPATCH_MESSAGE_ADDR=4290184248 -DKERNEL_BUILD -DDST_SHARDED=0 -DFILL_TILE_WITH_FIRST_COLUMN=fill_tile_with_first_column -DFILL_TILE_WITH_FIRST_COLUMN_B=fill_tile_with_first_column -DFILL_TILE_WITH_FIRST_COLUMN_RM=fill_tile_with_first_column_rm -DFILL_TILE_WITH_FIRST_ELEMENT=fill_tile_with_first_element<float> -DFILL_TILE_WITH_FIRST_ELEMENT_B=fill_tile_with_first_element<float> -DFILL_TILE_WITH_FIRST_ROW=fill_tile_with_first_row -DFILL_TILE_WITH_FIRST_ROW_B=fill_tile_with_first_row -DFILL_TILE_WITH_FIRST_ROW_RM=fill_tile_with_first_row_rm -DFILL_WITH_VALUE_FLOAT=fill_with_val<1024, float> -DFILL_WITH_VALUE_FLOAT_B=fill_with_val<1024, float> -DSRC_SHARDED=0 -DNOC_INDEX=1 -DNOC_MODE=0 -DFULL_KERNEL_NAME="writer_interleaved_no_bcast/12365094334770705548/" -DKERNEL_COMPILE_TIME_ARGS=2,4096,0 -c -o /sp/ttcache_prof/tt-metal-cache8908659371042919221/kernels/writer_interleaved_no_bcast/12365094334770705548/brisc/brisck.2475656884148353978_1.o /opt/tt-metal/tt_metal/hw/firmware/src/tt-1xx/brisck.cc -MF /sp/ttcache_prof/tt-metal-cache8908659371042919221/kernels/writer_interleaved_no_bcast/12365094334770705548/brisc/brisck.2475656884148353978_1.d
In file included from /opt/tt-metal/tt_metal/hw/inc/api/dataflow/dataflow_api.h:24,
                 from /opt/tt-metal/tt_metal/hw/inc/internal/firmware_common.h:23,
                 from /opt/tt-metal/tt_metal/hw/firmware/src/tt-1xx/brisck.cc:16:
/opt/tt-metal/tt_metal/tools/profiler/kernel_profiler.hpp: In function 'void kernel_profiler::finish_profiler(bool)':
/opt/tt-metal/tt_metal/tools/profiler/kernel_profiler.hpp:32:22: note: '#pragma message: PROFILER-NOC-FLUSH,/opt/tt-metal/tt_metal/tools/profiler/kernel_profiler.hpp,481,KERNEL_PROFILER'
   32 | #define DO_PRAGMA(x) _Pragma(#x)
      |                      ^~~~~~~
/opt/tt-metal/tt_metal/tools/profiler/kernel_profiler.hpp:42:5: note: in expansion of macro 'DO_PRAGMA'
   42 |     DO_PRAGMA(message(PROFILER_MSG_NAME(name))); \
      |     ^~~~~~~~~
/opt/tt-metal/tt_metal/tools/profiler/kernel_profiler.hpp:481:17: note: in expansion of macro 'SrcLocNameToHash'
  481 |                 SrcLocNameToHash("PROFILER-NOC-FLUSH");
      |                 ^~~~~~~~~~~~~~~~
/opt/tt-metal/tt_metal/tools/profiler/kernel_profiler.hpp:32:22: note: '#pragma message: PROFILER-DRAM-PUSH,/opt/tt-metal/tt_metal/tools/profiler/kernel_profiler.hpp,490,KERNEL_PROFILER'
   32 | #define DO_PRAGMA(x) _Pragma(#x)
      |                      ^~~~~~~
/opt/tt-metal/tt_metal/tools/profiler/kernel_profiler.hpp:42:5: note: in expansion of macro 'DO_PRAGMA'
   42 |     DO_PRAGMA(message(PROFILER_MSG_NAME(name))); \
      |     ^~~~~~~~~
/opt/tt-metal/tt_metal/tools/profiler/kernel_profiler.hpp:490:17: note: in expansion of macro 'SrcLocNameToHash'
  490 |                 SrcLocNameToHash("PROFILER-DRAM-PUSH");
      |                 ^~~~~~~~~~~~~~~~
/opt/tt-metal/tt_metal/tools/profiler/kernel_profiler.hpp: In function 'void kernel_profiler::quick_push()':
/opt/tt-metal/tt_metal/tools/profiler/kernel_profiler.hpp:32:22: note: '#pragma message: PROFILER-NOC-QUICK-PUSH,/opt/tt-metal/tt_metal/tools/profiler/kernel_profiler.hpp,633,KERNEL_PROFILER'
   32 | #define DO_PRAGMA(x) _Pragma(#x)
      |                      ^~~~~~~
/opt/tt-metal/tt_metal/tools/profiler/kernel_profiler.hpp:42:5: note: in expansion of macro 'DO_PRAGMA'
   42 |     DO_PRAGMA(message(PROFILER_MSG_NAME(name))); \
      |     ^~~~~~~~~
/opt/tt-metal/tt_metal/tools/profiler/kernel_profiler.hpp:633:5: note: in expansion of macro 'SrcLocNameToHash'
  633 |     SrcLocNameToHash("PROFILER-NOC-QUICK-PUSH");
      |     ^~~~~~~~~~~~~~~~
/opt/tt-metal/tt_metal/hw/firmware/src/tt-1xx/brisck.cc: In function 'uint32_t _start()':
/opt/tt-metal/tt_metal/tools/profiler/kernel_profiler.hpp:32:22: note: '#pragma message: BRISC-KERNEL,/opt/tt-metal/tt_metal/hw/firmware/src/tt-1xx/brisck.cc,77,KERNEL_PROFILER'
   32 | #define DO_PRAGMA(x) _Pragma(#x)
      |                      ^~~~~~~
/opt/tt-metal/tt_metal/tools/profiler/kernel_profiler.hpp:1047:5: note: in expansion of macro 'DO_PRAGMA'
 1047 |     DO_PRAGMA(message(PROFILER_MSG_NAME(name)));                               \
      |     ^~~~~~~~~
/opt/tt-metal/tt_metal/hw/firmware/src/tt-1xx/brisck.cc:77:9: note: in expansion of macro 'DeviceZoneScopedMainChildN'
   77 |         DeviceZoneScopedMainChildN("BRISC-KERNEL");
      |         ^~~~~~~~~~~~~~~~~~~~~~~~~~
Building trisc2, compile step:
/opt/tt-metal/runtime/sfpi/compiler/bin/riscv-tt-elf-g++ -O3 -std=c++17 -ftt-nttp -ftt-constinit -ftt-consteval -ftt-no-dyninit -flto=1 -flto-partition=one -ffast-math -fno-finite-math-only -fsigned-zeros -fno-associative-math -fno-exceptions -fno-rtti -fno-use-cxa-atexit -g -MMD -Wall -Werror -Wno-error=deprecated-declarations -Wno-error=multistatement-macros -Wno-error=parentheses -Wno-error=unused-but-set-variable -Wno-unused-variable -Wno-unused-function --param=min-pagesize=0 -mcpu=tt-bh-tensix -Winvalid-pch -Wno-error=invalid-pch -I. -I.. -I/opt/tt-metal/ -I/opt/tt-metal/ttnn -I/opt/tt-metal/ttnn/cpp -I/opt/tt-metal/tt_metal -I/opt/tt-metal/tt_metal/hw/inc -I/opt/tt-metal/tt_metal/tt-llk/common -I/opt/tt-metal/tt_metal/tt-llk/tools/include -I/opt/tt-metal/tt_metal/hostdevcommon/api -I/opt/tt-metal/tt_metal/api/ -I/opt/tt-metal/runtime/sfpi/include -I/opt/tt-metal/tt_metal/hw/ckernels/blackhole/metal/common -I/opt/tt-metal/tt_metal/hw/ckernels/blackhole/metal/llk_io -I/opt/tt-metal/tt_metal/hw/inc/internal/tt-1xx -I/opt/tt-metal/tt_metal/hw/inc/internal/tt-1xx/blackhole -I/opt/tt-metal/tt_metal/hw/inc/internal/tt-1xx/blackhole/blackhole_defines -I/opt/tt-metal/tt_metal/hw/inc/internal/tt-1xx/blackhole/noc -I/opt/tt-metal/tt_metal/tt-llk/tt_llk_blackhole/common/inc -I/opt/tt-metal/tt_metal/tt-llk/tt_llk_blackhole/llk_lib -I/opt/tt-metal/tt_metal/tt-llk/tt_llk_blackhole/llk_lib/hal -I/opt/tt-metal/tt_metal/hw/ckernels/blackhole/metal/llk_api -I/opt/tt-metal/tt_metal/hw/ckernels/blackhole/metal/llk_api/llk_sfpu -I/opt/tt-metal/tt_metal/hw/firmware/src/tt-1xx -I/opt/tt-metal/ttnn/cpp/ttnn/operations/eltwise/binary_ng/device/kernels/compute -include /sp/ttcache_prof/tt-metal-cache/pch/e13a6eedc934b130/pch.h -DIS_NOT_POW2_NUM_L1_BANKS=1 -DLOG_BASE_2_OF_NUM_DRAM_BANKS=3 -DNUM_DRAM_BANKS=8 -DNUM_L1_BANKS=110 -DPCIE_NOC_X=19 -DPCIE_NOC_Y=24 -DTENSIX_FIRMWARE -DLOCAL_MEM_EN=0 -DPROFILE_KERNEL=1 -DPROFILER_FULL_HOST_BUFFER_SIZE_PER_RISC=768000 -DPROCESSOR_INDEX=4 -DUCK_CHLKC_PACK -DCOMPILE_FOR_TRISC=2 -DPROGRAMMABLE_CORE_TYPE=0 -DARCH_BLACKHOLE -DDISPATCH_MESSAGE_ADDR=4290184248 -DKERNEL_BUILD -DFULL_KERNEL_NAME="eltwise_binary_sfpu_no_bcast/10928341702463731236/" -DKERNEL_COMPILE_TIME_ARGS=1,0 -c -o /sp/ttcache_prof/tt-metal-cache8908659371042919221/kernels/eltwise_binary_sfpu_no_bcast/10928341702463731236/trisc2/trisck.2475656884148353978_1.o /opt/tt-metal/tt_metal/hw/firmware/src/tt-1xx/trisck.cc -MF /sp/ttcache_prof/tt-metal-cache8908659371042919221/kernels/eltwise_binary_sfpu_no_bcast/10928341702463731236/trisc2/trisck.2475656884148353978_1.d
In file included from /opt/tt-metal/tt_metal/hw/ckernels/blackhole/metal/llk_io/llk_io_pack.h:14,
                 from /opt/tt-metal/tt_metal/hw/inc/api/compute/cb_api.h:12,
                 from /opt/tt-metal/tt_metal/hw/inc/api/compute/common.h:11,
                 from /opt/tt-metal/tt_metal/hw/inc/api/compute/eltwise_unary/eltwise_unary.h:7,
                 from /opt/tt-metal/ttnn/cpp/ttnn/operations/eltwise/binary_ng/device/kernels/compute/eltwise_binary_sfpu_no_bcast.cpp:8,
                 from ../chlkc_pack.cpp:4,
                 from /opt/tt-metal/tt_metal/hw/ckernels/blackhole/metal/common/chlkc_list.h:21,
                 from /opt/tt-metal/tt_metal/hw/firmware/src/tt-1xx/trisck.cc:14:
/opt/tt-metal/tt_metal/hw/ckernels/blackhole/metal/llk_io/llk_io_pack.h: In function 'void llk_wait_for_free_tiles(int32_t, int32_t)':
/opt/tt-metal/tt_metal/tools/profiler/kernel_profiler.hpp:32:22: note: '#pragma message: CB-COMPUTE-RESERVE-BACK,/opt/tt-metal/tt_metal/hw/ckernels/blackhole/metal/llk_io/llk_io_pack.h,21,KERNEL_PROFILER'
   32 | #define DO_PRAGMA(x) _Pragma(#x)
      |                      ^~~~~~~
/opt/tt-metal/tt_metal/tools/profiler/kernel_profiler.hpp:1057:5: note: in expansion of macro 'DO_PRAGMA'
 1057 |     DO_PRAGMA(message(PROFILER_MSG_NAME(name)));                               \
      |     ^~~~~~~~~
/opt/tt-metal/tt_metal/hw/ckernels/blackhole/metal/llk_io/llk_io_pack.h:21:5: note: in expansion of macro 'DeviceZoneScopedSumN2'
   21 |     DeviceZoneScopedSumN2("CB-COMPUTE-RESERVE-BACK");
      |     ^~~~~~~~~~~~~~~~~~~~~
/opt/tt-metal/tt_metal/hw/firmware/src/tt-1xx/trisck.cc: In function 'uint32_t _start()':
/opt/tt-metal/tt_metal/tools/profiler/kernel_profiler.hpp:32:22: note: '#pragma message: TRISC-KERNEL,/opt/tt-metal/tt_metal/hw/firmware/src/tt-1xx/trisck.cc,89,KERNEL_PROFILER'
   32 | #define DO_PRAGMA(x) _Pragma(#x)
      |                      ^~~~~~~
/opt/tt-metal/tt_metal/tools/profiler/kernel_profiler.hpp:1047:5: note: in expansion of macro 'DO_PRAGMA'
 1047 |     DO_PRAGMA(message(PROFILER_MSG_NAME(name)));                               \
      |     ^~~~~~~~~
/opt/tt-metal/tt_metal/hw/firmware/src/tt-1xx/trisck.cc:89:5: note: in expansion of macro 'DeviceZoneScopedMainChildN'
   89 |     DeviceZoneScopedMainChildN("TRISC-KERNEL");
      |     ^~~~~~~~~~~~~~~~~~~~~~~~~~
Building trisc0, compile step:
/opt/tt-metal/runtime/sfpi/compiler/bin/riscv-tt-elf-g++ -O3 -std=c++17 -ftt-nttp -ftt-constinit -ftt-consteval -ftt-no-dyninit -flto=1 -flto-partition=one -ffast-math -fno-finite-math-only -fsigned-zeros -fno-associative-math -fno-exceptions -fno-rtti -fno-use-cxa-atexit -g -MMD -Wall -Werror -Wno-error=deprecated-declarations -Wno-error=multistatement-macros -Wno-error=parentheses -Wno-error=unused-but-set-variable -Wno-unused-variable -Wno-unused-function --param=min-pagesize=0 -mcpu=tt-bh-tensix -Winvalid-pch -Wno-error=invalid-pch -I. -I.. -I/opt/tt-metal/ -I/opt/tt-metal/ttnn -I/opt/tt-metal/ttnn/cpp -I/opt/tt-metal/tt_metal -I/opt/tt-metal/tt_metal/hw/inc -I/opt/tt-metal/tt_metal/tt-llk/common -I/opt/tt-metal/tt_metal/tt-llk/tools/include -I/opt/tt-metal/tt_metal/hostdevcommon/api -I/opt/tt-metal/tt_metal/api/ -I/opt/tt-metal/runtime/sfpi/include -I/opt/tt-metal/tt_metal/hw/ckernels/blackhole/metal/common -I/opt/tt-metal/tt_metal/hw/ckernels/blackhole/metal/llk_io -I/opt/tt-metal/tt_metal/hw/inc/internal/tt-1xx -I/opt/tt-metal/tt_metal/hw/inc/internal/tt-1xx/blackhole -I/opt/tt-metal/tt_metal/hw/inc/internal/tt-1xx/blackhole/blackhole_defines -I/opt/tt-metal/tt_metal/hw/inc/internal/tt-1xx/blackhole/noc -I/opt/tt-metal/tt_metal/tt-llk/tt_llk_blackhole/common/inc -I/opt/tt-metal/tt_metal/tt-llk/tt_llk_blackhole/llk_lib -I/opt/tt-metal/tt_metal/tt-llk/tt_llk_blackhole/llk_lib/hal -I/opt/tt-metal/tt_metal/hw/ckernels/blackhole/metal/llk_api -I/opt/tt-metal/tt_metal/hw/ckernels/blackhole/metal/llk_api/llk_sfpu -I/opt/tt-metal/tt_metal/hw/firmware/src/tt-1xx -I/opt/tt-metal/ttnn/cpp/ttnn/operations/eltwise/binary_ng/device/kernels/compute -include /sp/ttcache_prof/tt-metal-cache/pch/e13a6eedc934b130/pch.h -DIS_NOT_POW2_NUM_L1_BANKS=1 -DLOG_BASE_2_OF_NUM_DRAM_BANKS=3 -DNUM_DRAM_BANKS=8 -DNUM_L1_BANKS=110 -DPCIE_NOC_X=19 -DPCIE_NOC_Y=24 -DTENSIX_FIRMWARE -DLOCAL_MEM_EN=0 -DPROFILE_KERNEL=1 -DPROFILER_FULL_HOST_BUFFER_SIZE_PER_RISC=768000 -DPROCESSOR_INDEX=2 -DUCK_CHLKC_UNPACK -DCOMPILE_FOR_TRISC=0 -DPROGRAMMABLE_CORE_TYPE=0 -DARCH_BLACKHOLE -DDISPATCH_MESSAGE_ADDR=4290184248 -DKERNEL_BUILD -DFULL_KERNEL_NAME="eltwise_binary_sfpu_no_bcast/10928341702463731236/" -DKERNEL_COMPILE_TIME_ARGS=1,0 -c -o /sp/ttcache_prof/tt-metal-cache8908659371042919221/kernels/eltwise_binary_sfpu_no_bcast/10928341702463731236/trisc0/trisck.2475656884148353978_1.o /opt/tt-metal/tt_metal/hw/firmware/src/tt-1xx/trisck.cc -MF /sp/ttcache_prof/tt-metal-cache8908659371042919221/kernels/eltwise_binary_sfpu_no_bcast/10928341702463731236/trisc0/trisck.2475656884148353978_1.d
In file included from /opt/tt-metal/tt_metal/hw/ckernels/blackhole/metal/llk_io/llk_io_unpack.h:13,
                 from /opt/tt-metal/tt_metal/hw/inc/api/compute/cb_api.h:15,
                 from /opt/tt-metal/tt_metal/hw/inc/api/compute/common.h:11,
                 from /opt/tt-metal/tt_metal/hw/inc/api/compute/eltwise_unary/eltwise_unary.h:7,
                 from /opt/tt-metal/ttnn/cpp/ttnn/operations/eltwise/binary_ng/device/kernels/compute/eltwise_binary_sfpu_no_bcast.cpp:8,
                 from ../chlkc_unpack.cpp:4,
                 from /opt/tt-metal/tt_metal/hw/ckernels/blackhole/metal/common/chlkc_list.h:26,
                 from /opt/tt-metal/tt_metal/hw/firmware/src/tt-1xx/trisck.cc:14:
/opt/tt-metal/tt_metal/hw/ckernels/blackhole/metal/llk_io/llk_io_unpack.h: In function 'void llk_wait_tiles(int, int32_t)':
/opt/tt-metal/tt_metal/tools/profiler/kernel_profiler.hpp:32:22: note: '#pragma message: CB-COMPUTE-WAIT-FRONT,/opt/tt-metal/tt_metal/hw/ckernels/blackhole/metal/llk_io/llk_io_unpack.h,19,KERNEL_PROFILER'
   32 | #define DO_PRAGMA(x) _Pragma(#x)
      |                      ^~~~~~~
/opt/tt-metal/tt_metal/tools/profiler/kernel_profiler.hpp:1052:5: note: in expansion of macro 'DO_PRAGMA'
 1052 |     DO_PRAGMA(message(PROFILER_MSG_NAME(name)));                               \
      |     ^~~~~~~~~
/opt/tt-metal/tt_metal/hw/ckernels/blackhole/metal/llk_io/llk_io_unpack.h:19:5: note: in expansion of macro 'DeviceZoneScopedSumN1'
   19 |     DeviceZoneScopedSumN1("CB-COMPUTE-WAIT-FRONT");
      |     ^~~~~~~~~~~~~~~~~~~~~
/opt/tt-metal/tt_metal/hw/firmware/src/tt-1xx/trisck.cc: In function 'uint32_t _start()':
/opt/tt-metal/tt_metal/tools/profiler/kernel_profiler.hpp:32:22: note: '#pragma message: TRISC-KERNEL,/opt/tt-metal/tt_metal/hw/firmware/src/tt-1xx/trisck.cc,89,KERNEL_PROFILER'
   32 | #define DO_PRAGMA(x) _Pragma(#x)
      |                      ^~~~~~~
/opt/tt-metal/tt_metal/tools/profiler/kernel_profiler.hpp:1047:5: note: in expansion of macro 'DO_PRAGMA'
 1047 |     DO_PRAGMA(message(PROFILER_MSG_NAME(name)));                               \
      |     ^~~~~~~~~
/opt/tt-metal/tt_metal/hw/firmware/src/tt-1xx/trisck.cc:89:5: note: in expansion of macro 'DeviceZoneScopedMainChildN'
   89 |     DeviceZoneScopedMainChildN("TRISC-KERNEL");
      |     ^~~~~~~~~~~~~~~~~~~~~~~~~~
Building trisc1, compile step:
/opt/tt-metal/runtime/sfpi/compiler/bin/riscv-tt-elf-g++ -O3 -std=c++17 -ftt-nttp -ftt-constinit -ftt-consteval -ftt-no-dyninit -flto=1 -flto-partition=one -ffast-math -fno-finite-math-only -fsigned-zeros -fno-associative-math -fno-exceptions -fno-rtti -fno-use-cxa-atexit -g -MMD -Wall -Werror -Wno-error=deprecated-declarations -Wno-error=multistatement-macros -Wno-error=parentheses -Wno-error=unused-but-set-variable -Wno-unused-variable -Wno-unused-function --param=min-pagesize=0 -mcpu=tt-bh-tensix -Winvalid-pch -Wno-error=invalid-pch -I. -I.. -I/opt/tt-metal/ -I/opt/tt-metal/ttnn -I/opt/tt-metal/ttnn/cpp -I/opt/tt-metal/tt_metal -I/opt/tt-metal/tt_metal/hw/inc -I/opt/tt-metal/tt_metal/tt-llk/common -I/opt/tt-metal/tt_metal/tt-llk/tools/include -I/opt/tt-metal/tt_metal/hostdevcommon/api -I/opt/tt-metal/tt_metal/api/ -I/opt/tt-metal/runtime/sfpi/include -I/opt/tt-metal/tt_metal/hw/ckernels/blackhole/metal/common -I/opt/tt-metal/tt_metal/hw/ckernels/blackhole/metal/llk_io -I/opt/tt-metal/tt_metal/hw/inc/internal/tt-1xx -I/opt/tt-metal/tt_metal/hw/inc/internal/tt-1xx/blackhole -I/opt/tt-metal/tt_metal/hw/inc/internal/tt-1xx/blackhole/blackhole_defines -I/opt/tt-metal/tt_metal/hw/inc/internal/tt-1xx/blackhole/noc -I/opt/tt-metal/tt_metal/tt-llk/tt_llk_blackhole/common/inc -I/opt/tt-metal/tt_metal/tt-llk/tt_llk_blackhole/llk_lib -I/opt/tt-metal/tt_metal/tt-llk/tt_llk_blackhole/llk_lib/hal -I/opt/tt-metal/tt_metal/hw/ckernels/blackhole/metal/llk_api -I/opt/tt-metal/tt_metal/hw/ckernels/blackhole/metal/llk_api/llk_sfpu -I/opt/tt-metal/tt_metal/hw/firmware/src/tt-1xx -I/opt/tt-metal/ttnn/cpp/ttnn/operations/eltwise/binary_ng/device/kernels/compute -include /sp/ttcache_prof/tt-metal-cache/pch/e13a6eedc934b130/pch.h -DIS_NOT_POW2_NUM_L1_BANKS=1 -DLOG_BASE_2_OF_NUM_DRAM_BANKS=3 -DNUM_DRAM_BANKS=8 -DNUM_L1_BANKS=110 -DPCIE_NOC_X=19 -DPCIE_NOC_Y=24 -DTENSIX_FIRMWARE -DLOCAL_MEM_EN=0 -DPROFILE_KERNEL=1 -DPROFILER_FULL_HOST_BUFFER_SIZE_PER_RISC=768000 -DPROCESSOR_INDEX=3 -DUCK_CHLKC_MATH -DCOMPILE_FOR_TRISC=1 -DPROGRAMMABLE_CORE_TYPE=0 -DARCH_BLACKHOLE -DDISPATCH_MESSAGE_ADDR=4290184248 -DKERNEL_BUILD -DFULL_KERNEL_NAME="eltwise_binary_sfpu_no_bcast/10928341702463731236/" -DKERNEL_COMPILE_TIME_ARGS=1,0 -c -o /sp/ttcache_prof/tt-metal-cache8908659371042919221/kernels/eltwise_binary_sfpu_no_bcast/10928341702463731236/trisc1/trisck.2475656884148353978_1.o /opt/tt-metal/tt_metal/hw/firmware/src/tt-1xx/trisck.cc -MF /sp/ttcache_prof/tt-metal-cache8908659371042919221/kernels/eltwise_binary_sfpu_no_bcast/10928341702463731236/trisc1/trisck.2475656884148353978_1.d
In file included from /opt/tt-metal/tt_metal/hw/firmware/src/tt-1xx/trisck.cc:16:
/opt/tt-metal/tt_metal/hw/firmware/src/tt-1xx/trisck.cc: In function 'uint32_t _start()':
/opt/tt-metal/tt_metal/tools/profiler/kernel_profiler.hpp:32:22: note: '#pragma message: TRISC-KERNEL,/opt/tt-metal/tt_metal/hw/firmware/src/tt-1xx/trisck.cc,89,KERNEL_PROFILER'
   32 | #define DO_PRAGMA(x) _Pragma(#x)
      |                      ^~~~~~~
/opt/tt-metal/tt_metal/tools/profiler/kernel_profiler.hpp:1047:5: note: in expansion of macro 'DO_PRAGMA'
 1047 |     DO_PRAGMA(message(PROFILER_MSG_NAME(name)));                               \
      |     ^~~~~~~~~
/opt/tt-metal/tt_metal/hw/firmware/src/tt-1xx/trisck.cc:89:5: note: in expansion of macro 'DeviceZoneScopedMainChildN'
   89 |     DeviceZoneScopedMainChildN("TRISC-KERNEL");
      |     ^~~~~~~~~~~~~~~~~~~~~~~~~~
Building trisc2, compile step:
/opt/tt-metal/runtime/sfpi/compiler/bin/riscv-tt-elf-g++ -O3 -std=c++17 -ftt-nttp -ftt-constinit -ftt-consteval -ftt-no-dyninit -flto=1 -flto-partition=one -ffast-math -fno-finite-math-only -fsigned-zeros -fno-associative-math -fno-exceptions -fno-rtti -fno-use-cxa-atexit -g -MMD -Wall -Werror -Wno-error=deprecated-declarations -Wno-error=multistatement-macros -Wno-error=parentheses -Wno-error=unused-but-set-variable -Wno-unused-variable -Wno-unused-function --param=min-pagesize=0 -mcpu=tt-bh-tensix -Winvalid-pch -Wno-error=invalid-pch -I. -I.. -I/opt/tt-metal/ -I/opt/tt-metal/ttnn -I/opt/tt-metal/ttnn/cpp -I/opt/tt-metal/tt_metal -I/opt/tt-metal/tt_metal/hw/inc -I/opt/tt-metal/tt_metal/tt-llk/common -I/opt/tt-metal/tt_metal/tt-llk/tools/include -I/opt/tt-metal/tt_metal/hostdevcommon/api -I/opt/tt-metal/tt_metal/api/ -I/opt/tt-metal/runtime/sfpi/include -I/opt/tt-metal/tt_metal/hw/ckernels/blackhole/metal/common -I/opt/tt-metal/tt_metal/hw/ckernels/blackhole/metal/llk_io -I/opt/tt-metal/tt_metal/hw/inc/internal/tt-1xx -I/opt/tt-metal/tt_metal/hw/inc/internal/tt-1xx/blackhole -I/opt/tt-metal/tt_metal/hw/inc/internal/tt-1xx/blackhole/blackhole_defines -I/opt/tt-metal/tt_metal/hw/inc/internal/tt-1xx/blackhole/noc -I/opt/tt-metal/tt_metal/tt-llk/tt_llk_blackhole/common/inc -I/opt/tt-metal/tt_metal/tt-llk/tt_llk_blackhole/llk_lib -I/opt/tt-metal/tt_metal/tt-llk/tt_llk_blackhole/llk_lib/hal -I/opt/tt-metal/tt_metal/hw/ckernels/blackhole/metal/llk_api -I/opt/tt-metal/tt_metal/hw/ckernels/blackhole/metal/llk_api/llk_sfpu -I/opt/tt-metal/tt_metal/hw/firmware/src/tt-1xx -I/opt/tt-metal/ttnn/cpp/ttnn/operations/eltwise/unary/device/kernels/compute -include /sp/ttcache_prof/tt-metal-cache/pch/e13a6eedc934b130/pch.h -DIS_NOT_POW2_NUM_L1_BANKS=1 -DLOG_BASE_2_OF_NUM_DRAM_BANKS=3 -DNUM_DRAM_BANKS=8 -DNUM_L1_BANKS=110 -DPCIE_NOC_X=19 -DPCIE_NOC_Y=24 -DTENSIX_FIRMWARE -DLOCAL_MEM_EN=0 -DPROFILE_KERNEL=1 -DPROFILER_FULL_HOST_BUFFER_SIZE_PER_RISC=768000 -DPROCESSOR_INDEX=4 -DUCK_CHLKC_PACK -DCOMPILE_FOR_TRISC=2 -DPROGRAMMABLE_CORE_TYPE=0 -DARCH_BLACKHOLE -DDISPATCH_MESSAGE_ADDR=4290184248 -DKERNEL_BUILD -DFULL_KERNEL_NAME="eltwise_sfpu/4443618705694487530/" -DKERNEL_COMPILE_TIME_ARGS=0 -c -o /sp/ttcache_prof/tt-metal-cache8908659371042919221/kernels/eltwise_sfpu/4443618705694487530/trisc2/trisck.2475656884148353978_1.o /opt/tt-metal/tt_metal/hw/firmware/src/tt-1xx/trisck.cc -MF /sp/ttcache_prof/tt-metal-cache8908659371042919221/kernels/eltwise_sfpu/4443618705694487530/trisc2/trisck.2475656884148353978_1.d
In file included from /opt/tt-metal/tt_metal/hw/ckernels/blackhole/metal/llk_io/llk_io_pack.h:14,
                 from /opt/tt-metal/tt_metal/hw/inc/api/compute/cb_api.h:12,
                 from /opt/tt-metal/tt_metal/hw/inc/api/compute/common.h:11,
                 from /opt/tt-metal/ttnn/cpp/ttnn/operations/eltwise/unary/device/kernels/compute/eltwise_sfpu.cpp:6,
                 from ../chlkc_pack.cpp:4,
                 from /opt/tt-metal/tt_metal/hw/ckernels/blackhole/metal/common/chlkc_list.h:21,
                 from /opt/tt-metal/tt_metal/hw/firmware/src/tt-1xx/trisck.cc:14:
/opt/tt-metal/tt_metal/hw/ckernels/blackhole/metal/llk_io/llk_io_pack.h: In function 'void llk_wait_for_free_tiles(int32_t, int32_t)':
/opt/tt-metal/tt_metal/tools/profiler/kernel_profiler.hpp:32:22: note: '#pragma message: CB-COMPUTE-RESERVE-BACK,/opt/tt-metal/tt_metal/hw/ckernels/blackhole/metal/llk_io/llk_io_pack.h,21,KERNEL_PROFILER'
   32 | #define DO_PRAGMA(x) _Pragma(#x)
      |                      ^~~~~~~
/opt/tt-metal/tt_metal/tools/profiler/kernel_profiler.hpp:1057:5: note: in expansion of macro 'DO_PRAGMA'
 1057 |     DO_PRAGMA(message(PROFILER_MSG_NAME(name)));                               \
      |     ^~~~~~~~~
/opt/tt-metal/tt_metal/hw/ckernels/blackhole/metal/llk_io/llk_io_pack.h:21:5: note: in expansion of macro 'DeviceZoneScopedSumN2'
   21 |     DeviceZoneScopedSumN2("CB-COMPUTE-RESERVE-BACK");
      |     ^~~~~~~~~~~~~~~~~~~~~
/opt/tt-metal/tt_metal/hw/firmware/src/tt-1xx/trisck.cc: In function 'uint32_t _start()':
/opt/tt-metal/tt_metal/tools/profiler/kernel_profiler.hpp:32:22: note: '#pragma message: TRISC-KERNEL,/opt/tt-metal/tt_metal/hw/firmware/src/tt-1xx/trisck.cc,89,KERNEL_PROFILER'
   32 | #define DO_PRAGMA(x) _Pragma(#x)
      |                      ^~~~~~~
/opt/tt-metal/tt_metal/tools/profiler/kernel_profiler.hpp:1047:5: note: in expansion of macro 'DO_PRAGMA'
 1047 |     DO_PRAGMA(message(PROFILER_MSG_NAME(name)));                               \
      |     ^~~~~~~~~
/opt/tt-metal/tt_metal/hw/firmware/src/tt-1xx/trisck.cc:89:5: note: in expansion of macro 'DeviceZoneScopedMainChildN'
   89 |     DeviceZoneScopedMainChildN("TRISC-KERNEL");
      |     ^~~~~~~~~~~~~~~~~~~~~~~~~~
Building trisc0, compile step:
/opt/tt-metal/runtime/sfpi/compiler/bin/riscv-tt-elf-g++ -O3 -std=c++17 -ftt-nttp -ftt-constinit -ftt-consteval -ftt-no-dyninit -flto=1 -flto-partition=one -ffast-math -fno-finite-math-only -fsigned-zeros -fno-associative-math -fno-exceptions -fno-rtti -fno-use-cxa-atexit -g -MMD -Wall -Werror -Wno-error=deprecated-declarations -Wno-error=multistatement-macros -Wno-error=parentheses -Wno-error=unused-but-set-variable -Wno-unused-variable -Wno-unused-function --param=min-pagesize=0 -mcpu=tt-bh-tensix -Winvalid-pch -Wno-error=invalid-pch -I. -I.. -I/opt/tt-metal/ -I/opt/tt-metal/ttnn -I/opt/tt-metal/ttnn/cpp -I/opt/tt-metal/tt_metal -I/opt/tt-metal/tt_metal/hw/inc -I/opt/tt-metal/tt_metal/tt-llk/common -I/opt/tt-metal/tt_metal/tt-llk/tools/include -I/opt/tt-metal/tt_metal/hostdevcommon/api -I/opt/tt-metal/tt_metal/api/ -I/opt/tt-metal/runtime/sfpi/include -I/opt/tt-metal/tt_metal/hw/ckernels/blackhole/metal/common -I/opt/tt-metal/tt_metal/hw/ckernels/blackhole/metal/llk_io -I/opt/tt-metal/tt_metal/hw/inc/internal/tt-1xx -I/opt/tt-metal/tt_metal/hw/inc/internal/tt-1xx/blackhole -I/opt/tt-metal/tt_metal/hw/inc/internal/tt-1xx/blackhole/blackhole_defines -I/opt/tt-metal/tt_metal/hw/inc/internal/tt-1xx/blackhole/noc -I/opt/tt-metal/tt_metal/tt-llk/tt_llk_blackhole/common/inc -I/opt/tt-metal/tt_metal/tt-llk/tt_llk_blackhole/llk_lib -I/opt/tt-metal/tt_metal/tt-llk/tt_llk_blackhole/llk_lib/hal -I/opt/tt-metal/tt_metal/hw/ckernels/blackhole/metal/llk_api -I/opt/tt-metal/tt_metal/hw/ckernels/blackhole/metal/llk_api/llk_sfpu -I/opt/tt-metal/tt_metal/hw/firmware/src/tt-1xx -I/opt/tt-metal/ttnn/cpp/ttnn/operations/eltwise/unary/device/kernels/compute -include /sp/ttcache_prof/tt-metal-cache/pch/e13a6eedc934b130/pch.h -DIS_NOT_POW2_NUM_L1_BANKS=1 -DLOG_BASE_2_OF_NUM_DRAM_BANKS=3 -DNUM_DRAM_BANKS=8 -DNUM_L1_BANKS=110 -DPCIE_NOC_X=19 -DPCIE_NOC_Y=24 -DTENSIX_FIRMWARE -DLOCAL_MEM_EN=0 -DPROFILE_KERNEL=1 -DPROFILER_FULL_HOST_BUFFER_SIZE_PER_RISC=768000 -DPROCESSOR_INDEX=2 -DUCK_CHLKC_UNPACK -DCOMPILE_FOR_TRISC=0 -DPROGRAMMABLE_CORE_TYPE=0 -DARCH_BLACKHOLE -DDISPATCH_MESSAGE_ADDR=4290184248 -DKERNEL_BUILD -DFULL_KERNEL_NAME="eltwise_sfpu/4443618705694487530/" -DKERNEL_COMPILE_TIME_ARGS=0 -c -o /sp/ttcache_prof/tt-metal-cache8908659371042919221/kernels/eltwise_sfpu/4443618705694487530/trisc0/trisck.2475656884148353978_1.o /opt/tt-metal/tt_metal/hw/firmware/src/tt-1xx/trisck.cc -MF /sp/ttcache_prof/tt-metal-cache8908659371042919221/kernels/eltwise_sfpu/4443618705694487530/trisc0/trisck.2475656884148353978_1.d
In file included from /opt/tt-metal/tt_metal/hw/ckernels/blackhole/metal/llk_io/llk_io_unpack.h:13,
                 from /opt/tt-metal/tt_metal/hw/inc/api/compute/cb_api.h:15,
                 from /opt/tt-metal/tt_metal/hw/inc/api/compute/common.h:11,
                 from /opt/tt-metal/ttnn/cpp/ttnn/operations/eltwise/unary/device/kernels/compute/eltwise_sfpu.cpp:6,
                 from ../chlkc_unpack.cpp:4,
                 from /opt/tt-metal/tt_metal/hw/ckernels/blackhole/metal/common/chlkc_list.h:26,
                 from /opt/tt-metal/tt_metal/hw/firmware/src/tt-1xx/trisck.cc:14:
/opt/tt-metal/tt_metal/hw/ckernels/blackhole/metal/llk_io/llk_io_unpack.h: In function 'void llk_wait_tiles(int, int32_t)':
/opt/tt-metal/tt_metal/tools/profiler/kernel_profiler.hpp:32:22: note: '#pragma message: CB-COMPUTE-WAIT-FRONT,/opt/tt-metal/tt_metal/hw/ckernels/blackhole/metal/llk_io/llk_io_unpack.h,19,KERNEL_PROFILER'
   32 | #define DO_PRAGMA(x) _Pragma(#x)
      |                      ^~~~~~~
/opt/tt-metal/tt_metal/tools/profiler/kernel_profiler.hpp:1052:5: note: in expansion of macro 'DO_PRAGMA'
 1052 |     DO_PRAGMA(message(PROFILER_MSG_NAME(name)));                               \
      |     ^~~~~~~~~
/opt/tt-metal/tt_metal/hw/ckernels/blackhole/metal/llk_io/llk_io_unpack.h:19:5: note: in expansion of macro 'DeviceZoneScopedSumN1'
   19 |     DeviceZoneScopedSumN1("CB-COMPUTE-WAIT-FRONT");
      |     ^~~~~~~~~~~~~~~~~~~~~
/opt/tt-metal/tt_metal/hw/firmware/src/tt-1xx/trisck.cc: In function 'uint32_t _start()':
/opt/tt-metal/tt_metal/tools/profiler/kernel_profiler.hpp:32:22: note: '#pragma message: TRISC-KERNEL,/opt/tt-metal/tt_metal/hw/firmware/src/tt-1xx/trisck.cc,89,KERNEL_PROFILER'
   32 | #define DO_PRAGMA(x) _Pragma(#x)
      |                      ^~~~~~~
/opt/tt-metal/tt_metal/tools/profiler/kernel_profiler.hpp:1047:5: note: in expansion of macro 'DO_PRAGMA'
 1047 |     DO_PRAGMA(message(PROFILER_MSG_NAME(name)));                               \
      |     ^~~~~~~~~
/opt/tt-metal/tt_metal/hw/firmware/src/tt-1xx/trisck.cc:89:5: note: in expansion of macro 'DeviceZoneScopedMainChildN'
   89 |     DeviceZoneScopedMainChildN("TRISC-KERNEL");
      |     ^~~~~~~~~~~~~~~~~~~~~~~~~~
Building trisc1, compile step:
/opt/tt-metal/runtime/sfpi/compiler/bin/riscv-tt-elf-g++ -O3 -std=c++17 -ftt-nttp -ftt-constinit -ftt-consteval -ftt-no-dyninit -flto=1 -flto-partition=one -ffast-math -fno-finite-math-only -fsigned-zeros -fno-associative-math -fno-exceptions -fno-rtti -fno-use-cxa-atexit -g -MMD -Wall -Werror -Wno-error=deprecated-declarations -Wno-error=multistatement-macros -Wno-error=parentheses -Wno-error=unused-but-set-variable -Wno-unused-variable -Wno-unused-function --param=min-pagesize=0 -mcpu=tt-bh-tensix -Winvalid-pch -Wno-error=invalid-pch -I. -I.. -I/opt/tt-metal/ -I/opt/tt-metal/ttnn -I/opt/tt-metal/ttnn/cpp -I/opt/tt-metal/tt_metal -I/opt/tt-metal/tt_metal/hw/inc -I/opt/tt-metal/tt_metal/tt-llk/common -I/opt/tt-metal/tt_metal/tt-llk/tools/include -I/opt/tt-metal/tt_metal/hostdevcommon/api -I/opt/tt-metal/tt_metal/api/ -I/opt/tt-metal/runtime/sfpi/include -I/opt/tt-metal/tt_metal/hw/ckernels/blackhole/metal/common -I/opt/tt-metal/tt_metal/hw/ckernels/blackhole/metal/llk_io -I/opt/tt-metal/tt_metal/hw/inc/internal/tt-1xx -I/opt/tt-metal/tt_metal/hw/inc/internal/tt-1xx/blackhole -I/opt/tt-metal/tt_metal/hw/inc/internal/tt-1xx/blackhole/blackhole_defines -I/opt/tt-metal/tt_metal/hw/inc/internal/tt-1xx/blackhole/noc -I/opt/tt-metal/tt_metal/tt-llk/tt_llk_blackhole/common/inc -I/opt/tt-metal/tt_metal/tt-llk/tt_llk_blackhole/llk_lib -I/opt/tt-metal/tt_metal/tt-llk/tt_llk_blackhole/llk_lib/hal -I/opt/tt-metal/tt_metal/hw/ckernels/blackhole/metal/llk_api -I/opt/tt-metal/tt_metal/hw/ckernels/blackhole/metal/llk_api/llk_sfpu -I/opt/tt-metal/tt_metal/hw/firmware/src/tt-1xx -I/opt/tt-metal/ttnn/cpp/ttnn/operations/eltwise/unary/device/kernels/compute -include /sp/ttcache_prof/tt-metal-cache/pch/e13a6eedc934b130/pch.h -DIS_NOT_POW2_NUM_L1_BANKS=1 -DLOG_BASE_2_OF_NUM_DRAM_BANKS=3 -DNUM_DRAM_BANKS=8 -DNUM_L1_BANKS=110 -DPCIE_NOC_X=19 -DPCIE_NOC_Y=24 -DTENSIX_FIRMWARE -DLOCAL_MEM_EN=0 -DPROFILE_KERNEL=1 -DPROFILER_FULL_HOST_BUFFER_SIZE_PER_RISC=768000 -DPROCESSOR_INDEX=3 -DUCK_CHLKC_MATH -DCOMPILE_FOR_TRISC=1 -DPROGRAMMABLE_CORE_TYPE=0 -DARCH_BLACKHOLE -DDISPATCH_MESSAGE_ADDR=4290184248 -DKERNEL_BUILD -DFULL_KERNEL_NAME="eltwise_sfpu/4443618705694487530/" -DKERNEL_COMPILE_TIME_ARGS=0 -c -o /sp/ttcache_prof/tt-metal-cache8908659371042919221/kernels/eltwise_sfpu/4443618705694487530/trisc1/trisck.2475656884148353978_1.o /opt/tt-metal/tt_metal/hw/firmware/src/tt-1xx/trisck.cc -MF /sp/ttcache_prof/tt-metal-cache8908659371042919221/kernels/eltwise_sfpu/4443618705694487530/trisc1/trisck.2475656884148353978_1.d
In file included from /opt/tt-metal/tt_metal/hw/firmware/src/tt-1xx/trisck.cc:16:
/opt/tt-metal/tt_metal/hw/firmware/src/tt-1xx/trisck.cc: In function 'uint32_t _start()':
/opt/tt-metal/tt_metal/tools/profiler/kernel_profiler.hpp:32:22: note: '#pragma message: TRISC-KERNEL,/opt/tt-metal/tt_metal/hw/firmware/src/tt-1xx/trisck.cc,89,KERNEL_PROFILER'
   32 | #define DO_PRAGMA(x) _Pragma(#x)
      |                      ^~~~~~~
/opt/tt-metal/tt_metal/tools/profiler/kernel_profiler.hpp:1047:5: note: in expansion of macro 'DO_PRAGMA'
 1047 |     DO_PRAGMA(message(PROFILER_MSG_NAME(name)));                               \
      |     ^~~~~~~~~
/opt/tt-metal/tt_metal/hw/firmware/src/tt-1xx/trisck.cc:89:5: note: in expansion of macro 'DeviceZoneScopedMainChildN'
   89 |     DeviceZoneScopedMainChildN("TRISC-KERNEL");
      |     ^~~~~~~~~~~~~~~~~~~~~~~~~~
Building brisc, compile step:
/opt/tt-metal/runtime/sfpi/compiler/bin/riscv-tt-elf-g++ -O2 -std=c++17 -ftt-nttp -ftt-constinit -ftt-consteval -ftt-no-dyninit -flto=1 -flto-partition=one -ffast-math -fno-finite-math-only -fsigned-zeros -fno-associative-math -fno-exceptions -fno-rtti -fno-use-cxa-atexit -g -MMD -Wall -Werror -Wno-error=deprecated-declarations -Wno-error=multistatement-macros -Wno-error=parentheses -Wno-error=unused-but-set-variable -Wno-unused-variable -Wno-unused-function --param=min-pagesize=0 -mcpu=tt-bh -fno-tree-loop-distribute-patterns -Winvalid-pch -Wno-error=invalid-pch -I. -I.. -I/opt/tt-metal/ -I/opt/tt-metal/ttnn -I/opt/tt-metal/ttnn/cpp -I/opt/tt-metal/tt_metal -I/opt/tt-metal/tt_metal/hw/inc -I/opt/tt-metal/tt_metal/tt-llk/common -I/opt/tt-metal/tt_metal/tt-llk/tools/include -I/opt/tt-metal/tt_metal/hostdevcommon/api -I/opt/tt-metal/tt_metal/api/ -I/opt/tt-metal/tt_metal/hw/ckernels/blackhole/metal/common -I/opt/tt-metal/tt_metal/hw/ckernels/blackhole/metal/llk_io -I/opt/tt-metal/tt_metal/hw/inc/internal/tt-1xx -I/opt/tt-metal/tt_metal/hw/inc/internal/tt-1xx/blackhole -I/opt/tt-metal/tt_metal/hw/inc/internal/tt-1xx/blackhole/blackhole_defines -I/opt/tt-metal/tt_metal/hw/inc/internal/tt-1xx/blackhole/noc -I/opt/tt-metal/tt_metal/tt-llk/tt_llk_blackhole/common/inc -I/opt/tt-metal/tt_metal/tt-llk/tt_llk_blackhole/llk_lib -I/opt/tt-metal/tt_metal/tt-llk/tt_llk_blackhole/llk_lib/hal -I/opt/tt-metal/tt_metal/hw/firmware/src/tt-1xx -I/opt/tt-metal/ttnn/cpp/ttnn/operations/eltwise/unary/device/kernels/dataflow -include /sp/ttcache_prof/tt-metal-cache/pch/1b9e28ac75b7aabf/pch.h -DIS_NOT_POW2_NUM_L1_BANKS=1 -DLOG_BASE_2_OF_NUM_DRAM_BANKS=3 -DNUM_DRAM_BANKS=8 -DNUM_L1_BANKS=110 -DPCIE_NOC_X=19 -DPCIE_NOC_Y=24 -DTENSIX_FIRMWARE -DLOCAL_MEM_EN=0 -DPROFILE_KERNEL=1 -DPROFILER_FULL_HOST_BUFFER_SIZE_PER_RISC=768000 -DPROCESSOR_INDEX=0 -DCOMPILE_FOR_BRISC -DPROGRAMMABLE_CORE_TYPE=0 -DARCH_BLACKHOLE -DDISPATCH_MESSAGE_ADDR=4290184248 -DKERNEL_BUILD -DNOC_INDEX=1 -DNOC_MODE=0 -DFULL_KERNEL_NAME="writer_unary_interleaved_start_id_wh/10757946961007474875/" -DKERNEL_COMPILE_TIME_ARGS=2,4096 -include named_ct_arg_map_generated.h -c -o /sp/ttcache_prof/tt-metal-cache8908659371042919221/kernels/writer_unary_interleaved_start_id_wh/10757946961007474875/brisc/brisck.2475656884148353978_1.o /opt/tt-metal/tt_metal/hw/firmware/src/tt-1xx/brisck.cc -MF /sp/ttcache_prof/tt-metal-cache8908659371042919221/kernels/writer_unary_interleaved_start_id_wh/10757946961007474875/brisc/brisck.2475656884148353978_1.d
In file included from /opt/tt-metal/tt_metal/hw/inc/api/dataflow/dataflow_api.h:24,
                 from /opt/tt-metal/tt_metal/hw/inc/internal/firmware_common.h:23,
                 from /opt/tt-metal/tt_metal/hw/firmware/src/tt-1xx/brisck.cc:16:
/opt/tt-metal/tt_metal/tools/profiler/kernel_profiler.hpp: In function 'void kernel_profiler::finish_profiler(bool)':
/opt/tt-metal/tt_metal/tools/profiler/kernel_profiler.hpp:32:22: note: '#pragma message: PROFILER-NOC-FLUSH,/opt/tt-metal/tt_metal/tools/profiler/kernel_profiler.hpp,481,KERNEL_PROFILER'
   32 | #define DO_PRAGMA(x) _Pragma(#x)
      |                      ^~~~~~~
/opt/tt-metal/tt_metal/tools/profiler/kernel_profiler.hpp:42:5: note: in expansion of macro 'DO_PRAGMA'
   42 |     DO_PRAGMA(message(PROFILER_MSG_NAME(name))); \
      |     ^~~~~~~~~
/opt/tt-metal/tt_metal/tools/profiler/kernel_profiler.hpp:481:17: note: in expansion of macro 'SrcLocNameToHash'
  481 |                 SrcLocNameToHash("PROFILER-NOC-FLUSH");
      |                 ^~~~~~~~~~~~~~~~
/opt/tt-metal/tt_metal/tools/profiler/kernel_profiler.hpp:32:22: note: '#pragma message: PROFILER-DRAM-PUSH,/opt/tt-metal/tt_metal/tools/profiler/kernel_profiler.hpp,490,KERNEL_PROFILER'
   32 | #define DO_PRAGMA(x) _Pragma(#x)
      |                      ^~~~~~~
/opt/tt-metal/tt_metal/tools/profiler/kernel_profiler.hpp:42:5: note: in expansion of macro 'DO_PRAGMA'
   42 |     DO_PRAGMA(message(PROFILER_MSG_NAME(name))); \
      |     ^~~~~~~~~
/opt/tt-metal/tt_metal/tools/profiler/kernel_profiler.hpp:490:17: note: in expansion of macro 'SrcLocNameToHash'
  490 |                 SrcLocNameToHash("PROFILER-DRAM-PUSH");
      |                 ^~~~~~~~~~~~~~~~
/opt/tt-metal/tt_metal/tools/profiler/kernel_profiler.hpp: In function 'void kernel_profiler::quick_push()':
/opt/tt-metal/tt_metal/tools/profiler/kernel_profiler.hpp:32:22: note: '#pragma message: PROFILER-NOC-QUICK-PUSH,/opt/tt-metal/tt_metal/tools/profiler/kernel_profiler.hpp,633,KERNEL_PROFILER'
   32 | #define DO_PRAGMA(x) _Pragma(#x)
      |                      ^~~~~~~
/opt/tt-metal/tt_metal/tools/profiler/kernel_profiler.hpp:42:5: note: in expansion of macro 'DO_PRAGMA'
   42 |     DO_PRAGMA(message(PROFILER_MSG_NAME(name))); \
      |     ^~~~~~~~~
/opt/tt-metal/tt_metal/tools/profiler/kernel_profiler.hpp:633:5: note: in expansion of macro 'SrcLocNameToHash'
  633 |     SrcLocNameToHash("PROFILER-NOC-QUICK-PUSH");
      |     ^~~~~~~~~~~~~~~~
/opt/tt-metal/tt_metal/hw/firmware/src/tt-1xx/brisck.cc: In function 'uint32_t _start()':
/opt/tt-metal/tt_metal/tools/profiler/kernel_profiler.hpp:32:22: note: '#pragma message: BRISC-KERNEL,/opt/tt-metal/tt_metal/hw/firmware/src/tt-1xx/brisck.cc,77,KERNEL_PROFILER'
   32 | #define DO_PRAGMA(x) _Pragma(#x)
      |                      ^~~~~~~
/opt/tt-metal/tt_metal/tools/profiler/kernel_profiler.hpp:1047:5: note: in expansion of macro 'DO_PRAGMA'
 1047 |     DO_PRAGMA(message(PROFILER_MSG_NAME(name)));                               \
      |     ^~~~~~~~~
/opt/tt-metal/tt_metal/hw/firmware/src/tt-1xx/brisck.cc:77:9: note: in expansion of macro 'DeviceZoneScopedMainChildN'
   77 |         DeviceZoneScopedMainChildN("BRISC-KERNEL");
      |         ^~~~~~~~~~~~~~~~~~~~~~~~~~
Building ncrisc, compile step:
/opt/tt-metal/runtime/sfpi/compiler/bin/riscv-tt-elf-g++ -O2 -std=c++17 -ftt-nttp -ftt-constinit -ftt-consteval -ftt-no-dyninit -flto=1 -flto-partition=one -ffast-math -fno-finite-math-only -fsigned-zeros -fno-associative-math -fno-exceptions -fno-rtti -fno-use-cxa-atexit -g -MMD -Wall -Werror -Wno-error=deprecated-declarations -Wno-error=multistatement-macros -Wno-error=parentheses -Wno-error=unused-but-set-variable -Wno-unused-variable -Wno-unused-function --param=min-pagesize=0 -mcpu=tt-bh -fno-tree-loop-distribute-patterns -Winvalid-pch -Wno-error=invalid-pch -I. -I.. -I/opt/tt-metal/ -I/opt/tt-metal/ttnn -I/opt/tt-metal/ttnn/cpp -I/opt/tt-metal/tt_metal -I/opt/tt-metal/tt_metal/hw/inc -I/opt/tt-metal/tt_metal/tt-llk/common -I/opt/tt-metal/tt_metal/tt-llk/tools/include -I/opt/tt-metal/tt_metal/hostdevcommon/api -I/opt/tt-metal/tt_metal/api/ -I/opt/tt-metal/tt_metal/hw/ckernels/blackhole/metal/common -I/opt/tt-metal/tt_metal/hw/ckernels/blackhole/metal/llk_io -I/opt/tt-metal/tt_metal/hw/inc/internal/tt-1xx -I/opt/tt-metal/tt_metal/hw/inc/internal/tt-1xx/blackhole -I/opt/tt-metal/tt_metal/hw/inc/internal/tt-1xx/blackhole/blackhole_defines -I/opt/tt-metal/tt_metal/hw/inc/internal/tt-1xx/blackhole/noc -I/opt/tt-metal/tt_metal/tt-llk/tt_llk_blackhole/common/inc -I/opt/tt-metal/tt_metal/tt-llk/tt_llk_blackhole/llk_lib -I/opt/tt-metal/tt_metal/tt-llk/tt_llk_blackhole/llk_lib/hal -I/opt/tt-metal/tt_metal/hw/firmware/src/tt-1xx -I/opt/tt-metal/ttnn/cpp/ttnn/operations/data_movement/tilize_with_val_padding/device/kernels/dataflow -include /sp/ttcache_prof/tt-metal-cache/pch/1b9e28ac75b7aabf/pch.h -DIS_NOT_POW2_NUM_L1_BANKS=1 -DLOG_BASE_2_OF_NUM_DRAM_BANKS=3 -DNUM_DRAM_BANKS=8 -DNUM_L1_BANKS=110 -DPCIE_NOC_X=19 -DPCIE_NOC_Y=24 -DTENSIX_FIRMWARE -DLOCAL_MEM_EN=0 -DPROFILE_KERNEL=1 -DPROFILER_FULL_HOST_BUFFER_SIZE_PER_RISC=768000 -DPROCESSOR_INDEX=1 -DCOMPILE_FOR_NCRISC -DPROGRAMMABLE_CORE_TYPE=0 -DARCH_BLACKHOLE -DDISPATCH_MESSAGE_ADDR=4290184248 -DKERNEL_BUILD -DNOC_INDEX=0 -DNOC_MODE=0 -DFULL_KERNEL_NAME="reader_unary_pad_multicore_both_dims/13221282733238785999/" -DKERNEL_COMPILE_TIME_ARGS=2,8192 -include named_ct_arg_map_generated.h -c -o /sp/ttcache_prof/tt-metal-cache8908659371042919221/kernels/reader_unary_pad_multicore_both_dims/13221282733238785999/ncrisc/ncrisck.2475656884148353978_1.o /opt/tt-metal/tt_metal/hw/firmware/src/tt-1xx/ncrisck.cc -MF /sp/ttcache_prof/tt-metal-cache8908659371042919221/kernels/reader_unary_pad_multicore_both_dims/13221282733238785999/ncrisc/ncrisck.2475656884148353978_1.d
In file included from /opt/tt-metal/tt_metal/hw/inc/api/dataflow/dataflow_api.h:24,
                 from /opt/tt-metal/tt_metal/hw/inc/internal/firmware_common.h:23,
                 from /opt/tt-metal/tt_metal/hw/firmware/src/tt-1xx/ncrisck.cc:17:
/opt/tt-metal/tt_metal/tools/profiler/kernel_profiler.hpp: In function 'void kernel_profiler::quick_push()':
/opt/tt-metal/tt_metal/tools/profiler/kernel_profiler.hpp:32:22: note: '#pragma message: PROFILER-NOC-QUICK-PUSH,/opt/tt-metal/tt_metal/tools/profiler/kernel_profiler.hpp,633,KERNEL_PROFILER'
   32 | #define DO_PRAGMA(x) _Pragma(#x)
      |                      ^~~~~~~
/opt/tt-metal/tt_metal/tools/profiler/kernel_profiler.hpp:42:5: note: in expansion of macro 'DO_PRAGMA'
   42 |     DO_PRAGMA(message(PROFILER_MSG_NAME(name))); \
      |     ^~~~~~~~~
/opt/tt-metal/tt_metal/tools/profiler/kernel_profiler.hpp:633:5: note: in expansion of macro 'SrcLocNameToHash'
  633 |     SrcLocNameToHash("PROFILER-NOC-QUICK-PUSH");
      |     ^~~~~~~~~~~~~~~~
/opt/tt-metal/tt_metal/hw/firmware/src/tt-1xx/ncrisck.cc: In function 'uint32_t _start()':
/opt/tt-metal/tt_metal/tools/profiler/kernel_profiler.hpp:32:22: note: '#pragma message: NCRISC-KERNEL,/opt/tt-metal/tt_metal/hw/firmware/src/tt-1xx/ncrisck.cc,70,KERNEL_PROFILER'
   32 | #define DO_PRAGMA(x) _Pragma(#x)
      |                      ^~~~~~~
/opt/tt-metal/tt_metal/tools/profiler/kernel_profiler.hpp:1047:5: note: in expansion of macro 'DO_PRAGMA'
 1047 |     DO_PRAGMA(message(PROFILER_MSG_NAME(name)));                               \
      |     ^~~~~~~~~
/opt/tt-metal/tt_metal/hw/firmware/src/tt-1xx/ncrisck.cc:70:5: note: in expansion of macro 'DeviceZoneScopedMainChildN'
   70 |     DeviceZoneScopedMainChildN("NCRISC-KERNEL");
      |     ^~~~~~~~~~~~~~~~~~~~~~~~~~
Building trisc2, compile step:
/opt/tt-metal/runtime/sfpi/compiler/bin/riscv-tt-elf-g++ -O3 -std=c++17 -ftt-nttp -ftt-constinit -ftt-consteval -ftt-no-dyninit -flto=1 -flto-partition=one -ffast-math -fno-finite-math-only -fsigned-zeros -fno-associative-math -fno-exceptions -fno-rtti -fno-use-cxa-atexit -g -MMD -Wall -Werror -Wno-error=deprecated-declarations -Wno-error=multistatement-macros -Wno-error=parentheses -Wno-error=unused-but-set-variable -Wno-unused-variable -Wno-unused-function --param=min-pagesize=0 -mcpu=tt-bh-tensix -Winvalid-pch -Wno-error=invalid-pch -I. -I.. -I/opt/tt-metal/ -I/opt/tt-metal/ttnn -I/opt/tt-metal/ttnn/cpp -I/opt/tt-metal/tt_metal -I/opt/tt-metal/tt_metal/hw/inc -I/opt/tt-metal/tt_metal/tt-llk/common -I/opt/tt-metal/tt_metal/tt-llk/tools/include -I/opt/tt-metal/tt_metal/hostdevcommon/api -I/opt/tt-metal/tt_metal/api/ -I/opt/tt-metal/runtime/sfpi/include -I/opt/tt-metal/tt_metal/hw/ckernels/blackhole/metal/common -I/opt/tt-metal/tt_metal/hw/ckernels/blackhole/metal/llk_io -I/opt/tt-metal/tt_metal/hw/inc/internal/tt-1xx -I/opt/tt-metal/tt_metal/hw/inc/internal/tt-1xx/blackhole -I/opt/tt-metal/tt_metal/hw/inc/internal/tt-1xx/blackhole/blackhole_defines -I/opt/tt-metal/tt_metal/hw/inc/internal/tt-1xx/blackhole/noc -I/opt/tt-metal/tt_metal/tt-llk/tt_llk_blackhole/common/inc -I/opt/tt-metal/tt_metal/tt-llk/tt_llk_blackhole/llk_lib -I/opt/tt-metal/tt_metal/tt-llk/tt_llk_blackhole/llk_lib/hal -I/opt/tt-metal/tt_metal/hw/ckernels/blackhole/metal/llk_api -I/opt/tt-metal/tt_metal/hw/ckernels/blackhole/metal/llk_api/llk_sfpu -I/opt/tt-metal/tt_metal/hw/firmware/src/tt-1xx -I/opt/tt-metal/ttnn/cpp/ttnn/operations/data_movement/tilize/device/kernels/compute -include /sp/ttcache_prof/tt-metal-cache/pch/e13a6eedc934b130/pch.h -DIS_NOT_POW2_NUM_L1_BANKS=1 -DLOG_BASE_2_OF_NUM_DRAM_BANKS=3 -DNUM_DRAM_BANKS=8 -DNUM_L1_BANKS=110 -DPCIE_NOC_X=19 -DPCIE_NOC_Y=24 -DTENSIX_FIRMWARE -DLOCAL_MEM_EN=0 -DPROFILE_KERNEL=1 -DPROFILER_FULL_HOST_BUFFER_SIZE_PER_RISC=768000 -DPROCESSOR_INDEX=4 -DUCK_CHLKC_PACK -DCOMPILE_FOR_TRISC=2 -DPROGRAMMABLE_CORE_TYPE=0 -DARCH_BLACKHOLE -DDISPATCH_MESSAGE_ADDR=4290184248 -DKERNEL_BUILD -DFULL_KERNEL_NAME="tilize_wh/4758342879884325341/" -include named_ct_arg_map_generated.h -c -o /sp/ttcache_prof/tt-metal-cache8908659371042919221/kernels/tilize_wh/4758342879884325341/trisc2/trisck.2475656884148353978_1.o /opt/tt-metal/tt_metal/hw/firmware/src/tt-1xx/trisck.cc -MF /sp/ttcache_prof/tt-metal-cache8908659371042919221/kernels/tilize_wh/4758342879884325341/trisc2/trisck.2475656884148353978_1.d
In file included from /opt/tt-metal/tt_metal/hw/ckernels/blackhole/metal/llk_io/llk_io_pack.h:14,
                 from /opt/tt-metal/tt_metal/hw/inc/internal/tt-1xx/dataflow_buffer.inl:15,
                 from /opt/tt-metal/tt_metal/hw/inc/api/dataflow/dataflow_buffer.h:523,
                 from ../kernel_bindings_generated.h:6,
                 from ../chlkc_pack.cpp:2,
                 from /opt/tt-metal/tt_metal/hw/ckernels/blackhole/metal/common/chlkc_list.h:21,
                 from /opt/tt-metal/tt_metal/hw/firmware/src/tt-1xx/trisck.cc:14:
/opt/tt-metal/tt_metal/hw/ckernels/blackhole/metal/llk_io/llk_io_pack.h: In function 'void llk_wait_for_free_tiles(int32_t, int32_t)':
/opt/tt-metal/tt_metal/tools/profiler/kernel_profiler.hpp:32:22: note: '#pragma message: CB-COMPUTE-RESERVE-BACK,/opt/tt-metal/tt_metal/hw/ckernels/blackhole/metal/llk_io/llk_io_pack.h,21,KERNEL_PROFILER'
   32 | #define DO_PRAGMA(x) _Pragma(#x)
      |                      ^~~~~~~
/opt/tt-metal/tt_metal/tools/profiler/kernel_profiler.hpp:1057:5: note: in expansion of macro 'DO_PRAGMA'
 1057 |     DO_PRAGMA(message(PROFILER_MSG_NAME(name)));                               \
      |     ^~~~~~~~~
/opt/tt-metal/tt_metal/hw/ckernels/blackhole/metal/llk_io/llk_io_pack.h:21:5: note: in expansion of macro 'DeviceZoneScopedSumN2'
   21 |     DeviceZoneScopedSumN2("CB-COMPUTE-RESERVE-BACK");
      |     ^~~~~~~~~~~~~~~~~~~~~
/opt/tt-metal/tt_metal/hw/firmware/src/tt-1xx/trisck.cc: In function 'uint32_t _start()':
/opt/tt-metal/tt_metal/tools/profiler/kernel_profiler.hpp:32:22: note: '#pragma message: TRISC-KERNEL,/opt/tt-metal/tt_metal/hw/firmware/src/tt-1xx/trisck.cc,89,KERNEL_PROFILER'
   32 | #define DO_PRAGMA(x) _Pragma(#x)
      |                      ^~~~~~~
/opt/tt-metal/tt_metal/tools/profiler/kernel_profiler.hpp:1047:5: note: in expansion of macro 'DO_PRAGMA'
 1047 |     DO_PRAGMA(message(PROFILER_MSG_NAME(name)));                               \
      |     ^~~~~~~~~
/opt/tt-metal/tt_metal/hw/firmware/src/tt-1xx/trisck.cc:89:5: note: in expansion of macro 'DeviceZoneScopedMainChildN'
   89 |     DeviceZoneScopedMainChildN("TRISC-KERNEL");
      |     ^~~~~~~~~~~~~~~~~~~~~~~~~~
Building trisc0, compile step:
/opt/tt-metal/runtime/sfpi/compiler/bin/riscv-tt-elf-g++ -O3 -std=c++17 -ftt-nttp -ftt-constinit -ftt-consteval -ftt-no-dyninit -flto=1 -flto-partition=one -ffast-math -fno-finite-math-only -fsigned-zeros -fno-associative-math -fno-exceptions -fno-rtti -fno-use-cxa-atexit -g -MMD -Wall -Werror -Wno-error=deprecated-declarations -Wno-error=multistatement-macros -Wno-error=parentheses -Wno-error=unused-but-set-variable -Wno-unused-variable -Wno-unused-function --param=min-pagesize=0 -mcpu=tt-bh-tensix -Winvalid-pch -Wno-error=invalid-pch -I. -I.. -I/opt/tt-metal/ -I/opt/tt-metal/ttnn -I/opt/tt-metal/ttnn/cpp -I/opt/tt-metal/tt_metal -I/opt/tt-metal/tt_metal/hw/inc -I/opt/tt-metal/tt_metal/tt-llk/common -I/opt/tt-metal/tt_metal/tt-llk/tools/include -I/opt/tt-metal/tt_metal/hostdevcommon/api -I/opt/tt-metal/tt_metal/api/ -I/opt/tt-metal/runtime/sfpi/include -I/opt/tt-metal/tt_metal/hw/ckernels/blackhole/metal/common -I/opt/tt-metal/tt_metal/hw/ckernels/blackhole/metal/llk_io -I/opt/tt-metal/tt_metal/hw/inc/internal/tt-1xx -I/opt/tt-metal/tt_metal/hw/inc/internal/tt-1xx/blackhole -I/opt/tt-metal/tt_metal/hw/inc/internal/tt-1xx/blackhole/blackhole_defines -I/opt/tt-metal/tt_metal/hw/inc/internal/tt-1xx/blackhole/noc -I/opt/tt-metal/tt_metal/tt-llk/tt_llk_blackhole/common/inc -I/opt/tt-metal/tt_metal/tt-llk/tt_llk_blackhole/llk_lib -I/opt/tt-metal/tt_metal/tt-llk/tt_llk_blackhole/llk_lib/hal -I/opt/tt-metal/tt_metal/hw/ckernels/blackhole/metal/llk_api -I/opt/tt-metal/tt_metal/hw/ckernels/blackhole/metal/llk_api/llk_sfpu -I/opt/tt-metal/tt_metal/hw/firmware/src/tt-1xx -I/opt/tt-metal/ttnn/cpp/ttnn/operations/data_movement/tilize/device/kernels/compute -include /sp/ttcache_prof/tt-metal-cache/pch/e13a6eedc934b130/pch.h -DIS_NOT_POW2_NUM_L1_BANKS=1 -DLOG_BASE_2_OF_NUM_DRAM_BANKS=3 -DNUM_DRAM_BANKS=8 -DNUM_L1_BANKS=110 -DPCIE_NOC_X=19 -DPCIE_NOC_Y=24 -DTENSIX_FIRMWARE -DLOCAL_MEM_EN=0 -DPROFILE_KERNEL=1 -DPROFILER_FULL_HOST_BUFFER_SIZE_PER_RISC=768000 -DPROCESSOR_INDEX=2 -DUCK_CHLKC_UNPACK -DCOMPILE_FOR_TRISC=0 -DPROGRAMMABLE_CORE_TYPE=0 -DARCH_BLACKHOLE -DDISPATCH_MESSAGE_ADDR=4290184248 -DKERNEL_BUILD -DFULL_KERNEL_NAME="tilize_wh/4758342879884325341/" -include named_ct_arg_map_generated.h -c -o /sp/ttcache_prof/tt-metal-cache8908659371042919221/kernels/tilize_wh/4758342879884325341/trisc0/trisck.2475656884148353978_1.o /opt/tt-metal/tt_metal/hw/firmware/src/tt-1xx/trisck.cc -MF /sp/ttcache_prof/tt-metal-cache8908659371042919221/kernels/tilize_wh/4758342879884325341/trisc0/trisck.2475656884148353978_1.d
In file included from /opt/tt-metal/tt_metal/hw/ckernels/blackhole/metal/llk_io/llk_io_unpack.h:13,
                 from /opt/tt-metal/tt_metal/hw/inc/internal/tt-1xx/dataflow_buffer.inl:18,
                 from /opt/tt-metal/tt_metal/hw/inc/api/dataflow/dataflow_buffer.h:523,
                 from ../kernel_bindings_generated.h:6,
                 from ../chlkc_unpack.cpp:2,
                 from /opt/tt-metal/tt_metal/hw/ckernels/blackhole/metal/common/chlkc_list.h:26,
                 from /opt/tt-metal/tt_metal/hw/firmware/src/tt-1xx/trisck.cc:14:
/opt/tt-metal/tt_metal/hw/ckernels/blackhole/metal/llk_io/llk_io_unpack.h: In function 'void llk_wait_tiles(int, int32_t)':
/opt/tt-metal/tt_metal/tools/profiler/kernel_profiler.hpp:32:22: note: '#pragma message: CB-COMPUTE-WAIT-FRONT,/opt/tt-metal/tt_metal/hw/ckernels/blackhole/metal/llk_io/llk_io_unpack.h,19,KERNEL_PROFILER'
   32 | #define DO_PRAGMA(x) _Pragma(#x)
      |                      ^~~~~~~
/opt/tt-metal/tt_metal/tools/profiler/kernel_profiler.hpp:1052:5: note: in expansion of macro 'DO_PRAGMA'
 1052 |     DO_PRAGMA(message(PROFILER_MSG_NAME(name)));                               \
      |     ^~~~~~~~~
/opt/tt-metal/tt_metal/hw/ckernels/blackhole/metal/llk_io/llk_io_unpack.h:19:5: note: in expansion of macro 'DeviceZoneScopedSumN1'
   19 |     DeviceZoneScopedSumN1("CB-COMPUTE-WAIT-FRONT");
      |     ^~~~~~~~~~~~~~~~~~~~~
/opt/tt-metal/tt_metal/hw/firmware/src/tt-1xx/trisck.cc: In function 'uint32_t _start()':
/opt/tt-metal/tt_metal/tools/profiler/kernel_profiler.hpp:32:22: note: '#pragma message: TRISC-KERNEL,/opt/tt-metal/tt_metal/hw/firmware/src/tt-1xx/trisck.cc,89,KERNEL_PROFILER'
   32 | #define DO_PRAGMA(x) _Pragma(#x)
      |                      ^~~~~~~
/opt/tt-metal/tt_metal/tools/profiler/kernel_profiler.hpp:1047:5: note: in expansion of macro 'DO_PRAGMA'
 1047 |     DO_PRAGMA(message(PROFILER_MSG_NAME(name)));                               \
      |     ^~~~~~~~~
/opt/tt-metal/tt_metal/hw/firmware/src/tt-1xx/trisck.cc:89:5: note: in expansion of macro 'DeviceZoneScopedMainChildN'
   89 |     DeviceZoneScopedMainChildN("TRISC-KERNEL");
      |     ^~~~~~~~~~~~~~~~~~~~~~~~~~
Building trisc1, compile step:
/opt/tt-metal/runtime/sfpi/compiler/bin/riscv-tt-elf-g++ -O3 -std=c++17 -ftt-nttp -ftt-constinit -ftt-consteval -ftt-no-dyninit -flto=1 -flto-partition=one -ffast-math -fno-finite-math-only -fsigned-zeros -fno-associative-math -fno-exceptions -fno-rtti -fno-use-cxa-atexit -g -MMD -Wall -Werror -Wno-error=deprecated-declarations -Wno-error=multistatement-macros -Wno-error=parentheses -Wno-error=unused-but-set-variable -Wno-unused-variable -Wno-unused-function --param=min-pagesize=0 -mcpu=tt-bh-tensix -Winvalid-pch -Wno-error=invalid-pch -I. -I.. -I/opt/tt-metal/ -I/opt/tt-metal/ttnn -I/opt/tt-metal/ttnn/cpp -I/opt/tt-metal/tt_metal -I/opt/tt-metal/tt_metal/hw/inc -I/opt/tt-metal/tt_metal/tt-llk/common -I/opt/tt-metal/tt_metal/tt-llk/tools/include -I/opt/tt-metal/tt_metal/hostdevcommon/api -I/opt/tt-metal/tt_metal/api/ -I/opt/tt-metal/runtime/sfpi/include -I/opt/tt-metal/tt_metal/hw/ckernels/blackhole/metal/common -I/opt/tt-metal/tt_metal/hw/ckernels/blackhole/metal/llk_io -I/opt/tt-metal/tt_metal/hw/inc/internal/tt-1xx -I/opt/tt-metal/tt_metal/hw/inc/internal/tt-1xx/blackhole -I/opt/tt-metal/tt_metal/hw/inc/internal/tt-1xx/blackhole/blackhole_defines -I/opt/tt-metal/tt_metal/hw/inc/internal/tt-1xx/blackhole/noc -I/opt/tt-metal/tt_metal/tt-llk/tt_llk_blackhole/common/inc -I/opt/tt-metal/tt_metal/tt-llk/tt_llk_blackhole/llk_lib -I/opt/tt-metal/tt_metal/tt-llk/tt_llk_blackhole/llk_lib/hal -I/opt/tt-metal/tt_metal/hw/ckernels/blackhole/metal/llk_api -I/opt/tt-metal/tt_metal/hw/ckernels/blackhole/metal/llk_api/llk_sfpu -I/opt/tt-metal/tt_metal/hw/firmware/src/tt-1xx -I/opt/tt-metal/ttnn/cpp/ttnn/operations/data_movement/tilize/device/kernels/compute -include /sp/ttcache_prof/tt-metal-cache/pch/e13a6eedc934b130/pch.h -DIS_NOT_POW2_NUM_L1_BANKS=1 -DLOG_BASE_2_OF_NUM_DRAM_BANKS=3 -DNUM_DRAM_BANKS=8 -DNUM_L1_BANKS=110 -DPCIE_NOC_X=19 -DPCIE_NOC_Y=24 -DTENSIX_FIRMWARE -DLOCAL_MEM_EN=0 -DPROFILE_KERNEL=1 -DPROFILER_FULL_HOST_BUFFER_SIZE_PER_RISC=768000 -DPROCESSOR_INDEX=3 -DUCK_CHLKC_MATH -DCOMPILE_FOR_TRISC=1 -DPROGRAMMABLE_CORE_TYPE=0 -DARCH_BLACKHOLE -DDISPATCH_MESSAGE_ADDR=4290184248 -DKERNEL_BUILD -DFULL_KERNEL_NAME="tilize_wh/4758342879884325341/" -include named_ct_arg_map_generated.h -c -o /sp/ttcache_prof/tt-metal-cache8908659371042919221/kernels/tilize_wh/4758342879884325341/trisc1/trisck.2475656884148353978_1.o /opt/tt-metal/tt_metal/hw/firmware/src/tt-1xx/trisck.cc -MF /sp/ttcache_prof/tt-metal-cache8908659371042919221/kernels/tilize_wh/4758342879884325341/trisc1/trisck.2475656884148353978_1.d
In file included from /opt/tt-metal/tt_metal/hw/firmware/src/tt-1xx/trisck.cc:16:
/opt/tt-metal/tt_metal/hw/firmware/src/tt-1xx/trisck.cc: In function 'uint32_t _start()':
/opt/tt-metal/tt_metal/tools/profiler/kernel_profiler.hpp:32:22: note: '#pragma message: TRISC-KERNEL,/opt/tt-metal/tt_metal/hw/firmware/src/tt-1xx/trisck.cc,89,KERNEL_PROFILER'
   32 | #define DO_PRAGMA(x) _Pragma(#x)
      |                      ^~~~~~~
/opt/tt-metal/tt_metal/tools/profiler/kernel_profiler.hpp:1047:5: note: in expansion of macro 'DO_PRAGMA'
 1047 |     DO_PRAGMA(message(PROFILER_MSG_NAME(name)));                               \
      |     ^~~~~~~~~
/opt/tt-metal/tt_metal/hw/firmware/src/tt-1xx/trisck.cc:89:5: note: in expansion of macro 'DeviceZoneScopedMainChildN'
   89 |     DeviceZoneScopedMainChildN("TRISC-KERNEL");
      |     ^~~~~~~~~~~~~~~~~~~~~~~~~~
Building ncrisc, compile step:
/opt/tt-metal/runtime/sfpi/compiler/bin/riscv-tt-elf-g++ -O2 -std=c++17 -ftt-nttp -ftt-constinit -ftt-consteval -ftt-no-dyninit -flto=1 -flto-partition=one -ffast-math -fno-finite-math-only -fsigned-zeros -fno-associative-math -fno-exceptions -fno-rtti -fno-use-cxa-atexit -g -MMD -Wall -Werror -Wno-error=deprecated-declarations -Wno-error=multistatement-macros -Wno-error=parentheses -Wno-error=unused-but-set-variable -Wno-unused-variable -Wno-unused-function --param=min-pagesize=0 -mcpu=tt-bh -fno-tree-loop-distribute-patterns -Winvalid-pch -Wno-error=invalid-pch -I. -I.. -I/opt/tt-metal/ -I/opt/tt-metal/ttnn -I/opt/tt-metal/ttnn/cpp -I/opt/tt-metal/tt_metal -I/opt/tt-metal/tt_metal/hw/inc -I/opt/tt-metal/tt_metal/tt-llk/common -I/opt/tt-metal/tt_metal/tt-llk/tools/include -I/opt/tt-metal/tt_metal/hostdevcommon/api -I/opt/tt-metal/tt_metal/api/ -I/opt/tt-metal/tt_metal/hw/ckernels/blackhole/metal/common -I/opt/tt-metal/tt_metal/hw/ckernels/blackhole/metal/llk_io -I/opt/tt-metal/tt_metal/hw/inc/internal/tt-1xx -I/opt/tt-metal/tt_metal/hw/inc/internal/tt-1xx/blackhole -I/opt/tt-metal/tt_metal/hw/inc/internal/tt-1xx/blackhole/blackhole_defines -I/opt/tt-metal/tt_metal/hw/inc/internal/tt-1xx/blackhole/noc -I/opt/tt-metal/tt_metal/tt-llk/tt_llk_blackhole/common/inc -I/opt/tt-metal/tt_metal/tt-llk/tt_llk_blackhole/llk_lib -I/opt/tt-metal/tt_metal/tt-llk/tt_llk_blackhole/llk_lib/hal -I/opt/tt-metal/tt_metal/hw/firmware/src/tt-1xx -I/opt/tt-metal/ttnn/cpp/ttnn/operations/data_movement/reshape_view/device/device/dataflow -include /sp/ttcache_prof/tt-metal-cache/pch/1b9e28ac75b7aabf/pch.h -DIS_NOT_POW2_NUM_L1_BANKS=1 -DLOG_BASE_2_OF_NUM_DRAM_BANKS=3 -DNUM_DRAM_BANKS=8 -DNUM_L1_BANKS=110 -DPCIE_NOC_X=19 -DPCIE_NOC_Y=24 -DTENSIX_FIRMWARE -DLOCAL_MEM_EN=0 -DPROFILE_KERNEL=1 -DPROFILER_FULL_HOST_BUFFER_SIZE_PER_RISC=768000 -DPROCESSOR_INDEX=1 -DCOMPILE_FOR_NCRISC -DPROGRAMMABLE_CORE_TYPE=0 -DARCH_BLACKHOLE -DDISPATCH_MESSAGE_ADDR=4290184248 -DKERNEL_BUILD -DNOC_INDEX=0 -DNOC_MODE=0 -DFULL_KERNEL_NAME="reader_reshape_tiled/249850124724423725/" -DKERNEL_COMPILE_TIME_ARGS=2,4096,2,512 -include named_ct_arg_map_generated.h -c -o /sp/ttcache_prof/tt-metal-cache8908659371042919221/kernels/reader_reshape_tiled/249850124724423725/ncrisc/ncrisck.2475656884148353978_1.o /opt/tt-metal/tt_metal/hw/firmware/src/tt-1xx/ncrisck.cc -MF /sp/ttcache_prof/tt-metal-cache8908659371042919221/kernels/reader_reshape_tiled/249850124724423725/ncrisc/ncrisck.2475656884148353978_1.d
In file included from /opt/tt-metal/tt_metal/hw/inc/api/dataflow/dataflow_api.h:24,
                 from /opt/tt-metal/tt_metal/hw/inc/internal/firmware_common.h:23,
                 from /opt/tt-metal/tt_metal/hw/firmware/src/tt-1xx/ncrisck.cc:17:
/opt/tt-metal/tt_metal/tools/profiler/kernel_profiler.hpp: In function 'void kernel_profiler::quick_push()':
/opt/tt-metal/tt_metal/tools/profiler/kernel_profiler.hpp:32:22: note: '#pragma message: PROFILER-NOC-QUICK-PUSH,/opt/tt-metal/tt_metal/tools/profiler/kernel_profiler.hpp,633,KERNEL_PROFILER'
   32 | #define DO_PRAGMA(x) _Pragma(#x)
      |                      ^~~~~~~
/opt/tt-metal/tt_metal/tools/profiler/kernel_profiler.hpp:42:5: note: in expansion of macro 'DO_PRAGMA'
   42 |     DO_PRAGMA(message(PROFILER_MSG_NAME(name))); \
      |     ^~~~~~~~~
/opt/tt-metal/tt_metal/tools/profiler/kernel_profiler.hpp:633:5: note: in expansion of macro 'SrcLocNameToHash'
  633 |     SrcLocNameToHash("PROFILER-NOC-QUICK-PUSH");
      |     ^~~~~~~~~~~~~~~~
/opt/tt-metal/tt_metal/hw/firmware/src/tt-1xx/ncrisck.cc: In function 'uint32_t _start()':
/opt/tt-metal/tt_metal/tools/profiler/kernel_profiler.hpp:32:22: note: '#pragma message: NCRISC-KERNEL,/opt/tt-metal/tt_metal/hw/firmware/src/tt-1xx/ncrisck.cc,70,KERNEL_PROFILER'
   32 | #define DO_PRAGMA(x) _Pragma(#x)
      |                      ^~~~~~~
/opt/tt-metal/tt_metal/tools/profiler/kernel_profiler.hpp:1047:5: note: in expansion of macro 'DO_PRAGMA'
 1047 |     DO_PRAGMA(message(PROFILER_MSG_NAME(name)));                               \
      |     ^~~~~~~~~
/opt/tt-metal/tt_metal/hw/firmware/src/tt-1xx/ncrisck.cc:70:5: note: in expansion of macro 'DeviceZoneScopedMainChildN'
   70 |     DeviceZoneScopedMainChildN("NCRISC-KERNEL");
      |     ^~~~~~~~~~~~~~~~~~~~~~~~~~
Building brisc, compile step:
/opt/tt-metal/runtime/sfpi/compiler/bin/riscv-tt-elf-g++ -O2 -std=c++17 -ftt-nttp -ftt-constinit -ftt-consteval -ftt-no-dyninit -flto=1 -flto-partition=one -ffast-math -fno-finite-math-only -fsigned-zeros -fno-associative-math -fno-exceptions -fno-rtti -fno-use-cxa-atexit -g -MMD -Wall -Werror -Wno-error=deprecated-declarations -Wno-error=multistatement-macros -Wno-error=parentheses -Wno-error=unused-but-set-variable -Wno-unused-variable -Wno-unused-function --param=min-pagesize=0 -mcpu=tt-bh -fno-tree-loop-distribute-patterns -Winvalid-pch -Wno-error=invalid-pch -I. -I.. -I/opt/tt-metal/ -I/opt/tt-metal/ttnn -I/opt/tt-metal/ttnn/cpp -I/opt/tt-metal/tt_metal -I/opt/tt-metal/tt_metal/hw/inc -I/opt/tt-metal/tt_metal/tt-llk/common -I/opt/tt-metal/tt_metal/tt-llk/tools/include -I/opt/tt-metal/tt_metal/hostdevcommon/api -I/opt/tt-metal/tt_metal/api/ -I/opt/tt-metal/tt_metal/hw/ckernels/blackhole/metal/common -I/opt/tt-metal/tt_metal/hw/ckernels/blackhole/metal/llk_io -I/opt/tt-metal/tt_metal/hw/inc/internal/tt-1xx -I/opt/tt-metal/tt_metal/hw/inc/internal/tt-1xx/blackhole -I/opt/tt-metal/tt_metal/hw/inc/internal/tt-1xx/blackhole/blackhole_defines -I/opt/tt-metal/tt_metal/hw/inc/internal/tt-1xx/blackhole/noc -I/opt/tt-metal/tt_metal/tt-llk/tt_llk_blackhole/common/inc -I/opt/tt-metal/tt_metal/tt-llk/tt_llk_blackhole/llk_lib -I/opt/tt-metal/tt_metal/tt-llk/tt_llk_blackhole/llk_lib/hal -I/opt/tt-metal/tt_metal/hw/firmware/src/tt-1xx -I/opt/tt-metal/ttnn/cpp/ttnn/operations/data_movement/reshape_view/device/device/dataflow -include /sp/ttcache_prof/tt-metal-cache/pch/1b9e28ac75b7aabf/pch.h -DIS_NOT_POW2_NUM_L1_BANKS=1 -DLOG_BASE_2_OF_NUM_DRAM_BANKS=3 -DNUM_DRAM_BANKS=8 -DNUM_L1_BANKS=110 -DPCIE_NOC_X=19 -DPCIE_NOC_Y=24 -DTENSIX_FIRMWARE -DLOCAL_MEM_EN=0 -DPROFILE_KERNEL=1 -DPROFILER_FULL_HOST_BUFFER_SIZE_PER_RISC=768000 -DPROCESSOR_INDEX=0 -DCOMPILE_FOR_BRISC -DPROGRAMMABLE_CORE_TYPE=0 -DARCH_BLACKHOLE -DDISPATCH_MESSAGE_ADDR=4290184248 -DKERNEL_BUILD -DNOC_INDEX=1 -DNOC_MODE=0 -DFULL_KERNEL_NAME="writer_reshape_tiled/5322333206949252116/" -DKERNEL_COMPILE_TIME_ARGS=2,4096 -include named_ct_arg_map_generated.h -c -o /sp/ttcache_prof/tt-metal-cache8908659371042919221/kernels/writer_reshape_tiled/5322333206949252116/brisc/brisck.2475656884148353978_1.o /opt/tt-metal/tt_metal/hw/firmware/src/tt-1xx/brisck.cc -MF /sp/ttcache_prof/tt-metal-cache8908659371042919221/kernels/writer_reshape_tiled/5322333206949252116/brisc/brisck.2475656884148353978_1.d
In file included from /opt/tt-metal/tt_metal/hw/inc/api/dataflow/dataflow_api.h:24,
                 from /opt/tt-metal/tt_metal/hw/inc/internal/firmware_common.h:23,
                 from /opt/tt-metal/tt_metal/hw/firmware/src/tt-1xx/brisck.cc:16:
/opt/tt-metal/tt_metal/tools/profiler/kernel_profiler.hpp: In function 'void kernel_profiler::finish_profiler(bool)':
/opt/tt-metal/tt_metal/tools/profiler/kernel_profiler.hpp:32:22: note: '#pragma message: PROFILER-NOC-FLUSH,/opt/tt-metal/tt_metal/tools/profiler/kernel_profiler.hpp,481,KERNEL_PROFILER'
   32 | #define DO_PRAGMA(x) _Pragma(#x)
      |                      ^~~~~~~
/opt/tt-metal/tt_metal/tools/profiler/kernel_profiler.hpp:42:5: note: in expansion of macro 'DO_PRAGMA'
   42 |     DO_PRAGMA(message(PROFILER_MSG_NAME(name))); \
      |     ^~~~~~~~~
/opt/tt-metal/tt_metal/tools/profiler/kernel_profiler.hpp:481:17: note: in expansion of macro 'SrcLocNameToHash'
  481 |                 SrcLocNameToHash("PROFILER-NOC-FLUSH");
      |                 ^~~~~~~~~~~~~~~~
/opt/tt-metal/tt_metal/tools/profiler/kernel_profiler.hpp:32:22: note: '#pragma message: PROFILER-DRAM-PUSH,/opt/tt-metal/tt_metal/tools/profiler/kernel_profiler.hpp,490,KERNEL_PROFILER'
   32 | #define DO_PRAGMA(x) _Pragma(#x)
      |                      ^~~~~~~
/opt/tt-metal/tt_metal/tools/profiler/kernel_profiler.hpp:42:5: note: in expansion of macro 'DO_PRAGMA'
   42 |     DO_PRAGMA(message(PROFILER_MSG_NAME(name))); \
      |     ^~~~~~~~~
/opt/tt-metal/tt_metal/tools/profiler/kernel_profiler.hpp:490:17: note: in expansion of macro 'SrcLocNameToHash'
  490 |                 SrcLocNameToHash("PROFILER-DRAM-PUSH");
      |                 ^~~~~~~~~~~~~~~~
/opt/tt-metal/tt_metal/tools/profiler/kernel_profiler.hpp: In function 'void kernel_profiler::quick_push()':
/opt/tt-metal/tt_metal/tools/profiler/kernel_profiler.hpp:32:22: note: '#pragma message: PROFILER-NOC-QUICK-PUSH,/opt/tt-metal/tt_metal/tools/profiler/kernel_profiler.hpp,633,KERNEL_PROFILER'
   32 | #define DO_PRAGMA(x) _Pragma(#x)
      |                      ^~~~~~~
/opt/tt-metal/tt_metal/tools/profiler/kernel_profiler.hpp:42:5: note: in expansion of macro 'DO_PRAGMA'
   42 |     DO_PRAGMA(message(PROFILER_MSG_NAME(name))); \
      |     ^~~~~~~~~
/opt/tt-metal/tt_metal/tools/profiler/kernel_profiler.hpp:633:5: note: in expansion of macro 'SrcLocNameToHash'
  633 |     SrcLocNameToHash("PROFILER-NOC-QUICK-PUSH");
      |     ^~~~~~~~~~~~~~~~
/opt/tt-metal/tt_metal/hw/firmware/src/tt-1xx/brisck.cc: In function 'uint32_t _start()':
/opt/tt-metal/tt_metal/tools/profiler/kernel_profiler.hpp:32:22: note: '#pragma message: BRISC-KERNEL,/opt/tt-metal/tt_metal/hw/firmware/src/tt-1xx/brisck.cc,77,KERNEL_PROFILER'
   32 | #define DO_PRAGMA(x) _Pragma(#x)
      |                      ^~~~~~~
/opt/tt-metal/tt_metal/tools/profiler/kernel_profiler.hpp:1047:5: note: in expansion of macro 'DO_PRAGMA'
 1047 |     DO_PRAGMA(message(PROFILER_MSG_NAME(name)));                               \
      |     ^~~~~~~~~
/opt/tt-metal/tt_metal/hw/firmware/src/tt-1xx/brisck.cc:77:9: note: in expansion of macro 'DeviceZoneScopedMainChildN'
   77 |         DeviceZoneScopedMainChildN("BRISC-KERNEL");
      |         ^~~~~~~~~~~~~~~~~~~~~~~~~~
Building ncrisc, compile step:
/opt/tt-metal/runtime/sfpi/compiler/bin/riscv-tt-elf-g++ -O2 -std=c++17 -ftt-nttp -ftt-constinit -ftt-consteval -ftt-no-dyninit -flto=1 -flto-partition=one -ffast-math -fno-finite-math-only -fsigned-zeros -fno-associative-math -fno-exceptions -fno-rtti -fno-use-cxa-atexit -g -MMD -Wall -Werror -Wno-error=deprecated-declarations -Wno-error=multistatement-macros -Wno-error=parentheses -Wno-error=unused-but-set-variable -Wno-unused-variable -Wno-unused-function --param=min-pagesize=0 -mcpu=tt-bh -fno-tree-loop-distribute-patterns -Winvalid-pch -Wno-error=invalid-pch -I. -I.. -I/opt/tt-metal/ -I/opt/tt-metal/ttnn -I/opt/tt-metal/ttnn/cpp -I/opt/tt-metal/tt_metal -I/opt/tt-metal/tt_metal/hw/inc -I/opt/tt-metal/tt_metal/tt-llk/common -I/opt/tt-metal/tt_metal/tt-llk/tools/include -I/opt/tt-metal/tt_metal/hostdevcommon/api -I/opt/tt-metal/tt_metal/api/ -I/opt/tt-metal/tt_metal/hw/ckernels/blackhole/metal/common -I/opt/tt-metal/tt_metal/hw/ckernels/blackhole/metal/llk_io -I/opt/tt-metal/tt_metal/hw/inc/internal/tt-1xx -I/opt/tt-metal/tt_metal/hw/inc/internal/tt-1xx/blackhole -I/opt/tt-metal/tt_metal/hw/inc/internal/tt-1xx/blackhole/blackhole_defines -I/opt/tt-metal/tt_metal/hw/inc/internal/tt-1xx/blackhole/noc -I/opt/tt-metal/tt_metal/tt-llk/tt_llk_blackhole/common/inc -I/opt/tt-metal/tt_metal/tt-llk/tt_llk_blackhole/llk_lib -I/opt/tt-metal/tt_metal/tt-llk/tt_llk_blackhole/llk_lib/hal -I/opt/tt-metal/tt_metal/hw/firmware/src/tt-1xx -I/opt/tt-metal/ttnn/cpp/ttnn/operations/eltwise/binary_ng/device/kernels_ng/dataflow -include /sp/ttcache_prof/tt-metal-cache/pch/1b9e28ac75b7aabf/pch.h -DIS_NOT_POW2_NUM_L1_BANKS=1 -DLOG_BASE_2_OF_NUM_DRAM_BANKS=3 -DNUM_DRAM_BANKS=8 -DNUM_L1_BANKS=110 -DPCIE_NOC_X=19 -DPCIE_NOC_Y=24 -DTENSIX_FIRMWARE -DLOCAL_MEM_EN=0 -DPROFILE_KERNEL=1 -DPROFILER_FULL_HOST_BUFFER_SIZE_PER_RISC=768000 -DPROCESSOR_INDEX=1 -DCOMPILE_FOR_NCRISC -DPROGRAMMABLE_CORE_TYPE=0 -DARCH_BLACKHOLE -DDISPATCH_MESSAGE_ADDR=4290184248 -DKERNEL_BUILD -DBCAST_LLK=0 -DFILL_TILE_WITH_FIRST_COLUMN=fill_tile_with_first_column -DFILL_TILE_WITH_FIRST_COLUMN_B=fill_tile_with_first_column -DFILL_TILE_WITH_FIRST_COLUMN_RM=fill_tile_with_first_column_rm -DFILL_TILE_WITH_FIRST_ELEMENT=fill_tile_with_first_element<float> -DFILL_TILE_WITH_FIRST_ELEMENT_B=fill_tile_with_first_element<float> -DFILL_TILE_WITH_FIRST_ROW=fill_tile_with_first_row -DFILL_TILE_WITH_FIRST_ROW_B=fill_tile_with_first_row -DFILL_TILE_WITH_FIRST_ROW_RM=fill_tile_with_first_row_rm -DFILL_WITH_VALUE_FLOAT=fill_with_val<1024, float> -DFILL_WITH_VALUE_FLOAT_B=fill_with_val<1024, float> -DSRC_BCAST_COL=1 -DSRC_BCAST_ROW_B=1 -DSRC_SHARDED=0 -DSRC_SHARDED_B=0 -DNOC_INDEX=0 -DNOC_MODE=0 -DFULL_KERNEL_NAME="reader_interleaved_row_col_mixed_bcast/3086261037816533223/" -DKERNEL_COMPILE_TIME_ARGS=2,4096,2,4096,0 -c -o /sp/ttcache_prof/tt-metal-cache8908659371042919221/kernels/reader_interleaved_row_col_mixed_bcast/3086261037816533223/ncrisc/ncrisck.2475656884148353978_1.o /opt/tt-metal/tt_metal/hw/firmware/src/tt-1xx/ncrisck.cc -MF /sp/ttcache_prof/tt-metal-cache8908659371042919221/kernels/reader_interleaved_row_col_mixed_bcast/3086261037816533223/ncrisc/ncrisck.2475656884148353978_1.d
In file included from /opt/tt-metal/tt_metal/hw/inc/api/dataflow/dataflow_api.h:24,
                 from /opt/tt-metal/tt_metal/hw/inc/internal/firmware_common.h:23,
                 from /opt/tt-metal/tt_metal/hw/firmware/src/tt-1xx/ncrisck.cc:17:
/opt/tt-metal/tt_metal/tools/profiler/kernel_profiler.hpp: In function 'void kernel_profiler::quick_push()':
/opt/tt-metal/tt_metal/tools/profiler/kernel_profiler.hpp:32:22: note: '#pragma message: PROFILER-NOC-QUICK-PUSH,/opt/tt-metal/tt_metal/tools/profiler/kernel_profiler.hpp,633,KERNEL_PROFILER'
   32 | #define DO_PRAGMA(x) _Pragma(#x)
      |                      ^~~~~~~
/opt/tt-metal/tt_metal/tools/profiler/kernel_profiler.hpp:42:5: note: in expansion of macro 'DO_PRAGMA'
   42 |     DO_PRAGMA(message(PROFILER_MSG_NAME(name))); \
      |     ^~~~~~~~~
/opt/tt-metal/tt_metal/tools/profiler/kernel_profiler.hpp:633:5: note: in expansion of macro 'SrcLocNameToHash'
  633 |     SrcLocNameToHash("PROFILER-NOC-QUICK-PUSH");
      |     ^~~~~~~~~~~~~~~~
/opt/tt-metal/tt_metal/hw/firmware/src/tt-1xx/ncrisck.cc: In function 'uint32_t _start()':
/opt/tt-metal/tt_metal/tools/profiler/kernel_profiler.hpp:32:22: note: '#pragma message: NCRISC-KERNEL,/opt/tt-metal/tt_metal/hw/firmware/src/tt-1xx/ncrisck.cc,70,KERNEL_PROFILER'
   32 | #define DO_PRAGMA(x) _Pragma(#x)
      |                      ^~~~~~~
/opt/tt-metal/tt_metal/tools/profiler/kernel_profiler.hpp:1047:5: note: in expansion of macro 'DO_PRAGMA'
 1047 |     DO_PRAGMA(message(PROFILER_MSG_NAME(name)));                               \
      |     ^~~~~~~~~
/opt/tt-metal/tt_metal/hw/firmware/src/tt-1xx/ncrisck.cc:70:5: note: in expansion of macro 'DeviceZoneScopedMainChildN'
   70 |     DeviceZoneScopedMainChildN("NCRISC-KERNEL");
      |     ^~~~~~~~~~~~~~~~~~~~~~~~~~
Building brisc, compile step:
/opt/tt-metal/runtime/sfpi/compiler/bin/riscv-tt-elf-g++ -O2 -std=c++17 -ftt-nttp -ftt-constinit -ftt-consteval -ftt-no-dyninit -flto=1 -flto-partition=one -ffast-math -fno-finite-math-only -fsigned-zeros -fno-associative-math -fno-exceptions -fno-rtti -fno-use-cxa-atexit -g -MMD -Wall -Werror -Wno-error=deprecated-declarations -Wno-error=multistatement-macros -Wno-error=parentheses -Wno-error=unused-but-set-variable -Wno-unused-variable -Wno-unused-function --param=min-pagesize=0 -mcpu=tt-bh -fno-tree-loop-distribute-patterns -Winvalid-pch -Wno-error=invalid-pch -I. -I.. -I/opt/tt-metal/ -I/opt/tt-metal/ttnn -I/opt/tt-metal/ttnn/cpp -I/opt/tt-metal/tt_metal -I/opt/tt-metal/tt_metal/hw/inc -I/opt/tt-metal/tt_metal/tt-llk/common -I/opt/tt-metal/tt_metal/tt-llk/tools/include -I/opt/tt-metal/tt_metal/hostdevcommon/api -I/opt/tt-metal/tt_metal/api/ -I/opt/tt-metal/tt_metal/hw/ckernels/blackhole/metal/common -I/opt/tt-metal/tt_metal/hw/ckernels/blackhole/metal/llk_io -I/opt/tt-metal/tt_metal/hw/inc/internal/tt-1xx -I/opt/tt-metal/tt_metal/hw/inc/internal/tt-1xx/blackhole -I/opt/tt-metal/tt_metal/hw/inc/internal/tt-1xx/blackhole/blackhole_defines -I/opt/tt-metal/tt_metal/hw/inc/internal/tt-1xx/blackhole/noc -I/opt/tt-metal/tt_metal/tt-llk/tt_llk_blackhole/common/inc -I/opt/tt-metal/tt_metal/tt-llk/tt_llk_blackhole/llk_lib -I/opt/tt-metal/tt_metal/tt-llk/tt_llk_blackhole/llk_lib/hal -I/opt/tt-metal/tt_metal/hw/firmware/src/tt-1xx -I/opt/tt-metal/ttnn/cpp/ttnn/operations/eltwise/binary_ng/device/kernels_ng/dataflow -include /sp/ttcache_prof/tt-metal-cache/pch/1b9e28ac75b7aabf/pch.h -DIS_NOT_POW2_NUM_L1_BANKS=1 -DLOG_BASE_2_OF_NUM_DRAM_BANKS=3 -DNUM_DRAM_BANKS=8 -DNUM_L1_BANKS=110 -DPCIE_NOC_X=19 -DPCIE_NOC_Y=24 -DTENSIX_FIRMWARE -DLOCAL_MEM_EN=0 -DPROFILE_KERNEL=1 -DPROFILER_FULL_HOST_BUFFER_SIZE_PER_RISC=768000 -DPROCESSOR_INDEX=0 -DCOMPILE_FOR_BRISC -DPROGRAMMABLE_CORE_TYPE=0 -DARCH_BLACKHOLE -DDISPATCH_MESSAGE_ADDR=4290184248 -DKERNEL_BUILD -DDST_SHARDED=0 -DFILL_TILE_WITH_FIRST_COLUMN=fill_tile_with_first_column -DFILL_TILE_WITH_FIRST_COLUMN_B=fill_tile_with_first_column -DFILL_TILE_WITH_FIRST_COLUMN_RM=fill_tile_with_first_column_rm -DFILL_TILE_WITH_FIRST_ELEMENT=fill_tile_with_first_element<float> -DFILL_TILE_WITH_FIRST_ELEMENT_B=fill_tile_with_first_element<float> -DFILL_TILE_WITH_FIRST_ROW=fill_tile_with_first_row -DFILL_TILE_WITH_FIRST_ROW_B=fill_tile_with_first_row -DFILL_TILE_WITH_FIRST_ROW_RM=fill_tile_with_first_row_rm -DFILL_WITH_VALUE_FLOAT=fill_with_val<1024, float> -DFILL_WITH_VALUE_FLOAT_B=fill_with_val<1024, float> -DSRC_SHARDED=0 -DNOC_INDEX=1 -DNOC_MODE=0 -DFULL_KERNEL_NAME="writer_interleaved_no_bcast/3907453886821874592/" -DKERNEL_COMPILE_TIME_ARGS=2,4096,0 -c -o /sp/ttcache_prof/tt-metal-cache8908659371042919221/kernels/writer_interleaved_no_bcast/3907453886821874592/brisc/brisck.2475656884148353978_1.o /opt/tt-metal/tt_metal/hw/firmware/src/tt-1xx/brisck.cc -MF /sp/ttcache_prof/tt-metal-cache8908659371042919221/kernels/writer_interleaved_no_bcast/3907453886821874592/brisc/brisck.2475656884148353978_1.d
In file included from /opt/tt-metal/tt_metal/hw/inc/api/dataflow/dataflow_api.h:24,
                 from /opt/tt-metal/tt_metal/hw/inc/internal/firmware_common.h:23,
                 from /opt/tt-metal/tt_metal/hw/firmware/src/tt-1xx/brisck.cc:16:
/opt/tt-metal/tt_metal/tools/profiler/kernel_profiler.hpp: In function 'void kernel_profiler::finish_profiler(bool)':
/opt/tt-metal/tt_metal/tools/profiler/kernel_profiler.hpp:32:22: note: '#pragma message: PROFILER-NOC-FLUSH,/opt/tt-metal/tt_metal/tools/profiler/kernel_profiler.hpp,481,KERNEL_PROFILER'
   32 | #define DO_PRAGMA(x) _Pragma(#x)
      |                      ^~~~~~~
/opt/tt-metal/tt_metal/tools/profiler/kernel_profiler.hpp:42:5: note: in expansion of macro 'DO_PRAGMA'
   42 |     DO_PRAGMA(message(PROFILER_MSG_NAME(name))); \
      |     ^~~~~~~~~
/opt/tt-metal/tt_metal/tools/profiler/kernel_profiler.hpp:481:17: note: in expansion of macro 'SrcLocNameToHash'
  481 |                 SrcLocNameToHash("PROFILER-NOC-FLUSH");
      |                 ^~~~~~~~~~~~~~~~
/opt/tt-metal/tt_metal/tools/profiler/kernel_profiler.hpp:32:22: note: '#pragma message: PROFILER-DRAM-PUSH,/opt/tt-metal/tt_metal/tools/profiler/kernel_profiler.hpp,490,KERNEL_PROFILER'
   32 | #define DO_PRAGMA(x) _Pragma(#x)
      |                      ^~~~~~~
/opt/tt-metal/tt_metal/tools/profiler/kernel_profiler.hpp:42:5: note: in expansion of macro 'DO_PRAGMA'
   42 |     DO_PRAGMA(message(PROFILER_MSG_NAME(name))); \
      |     ^~~~~~~~~
/opt/tt-metal/tt_metal/tools/profiler/kernel_profiler.hpp:490:17: note: in expansion of macro 'SrcLocNameToHash'
  490 |                 SrcLocNameToHash("PROFILER-DRAM-PUSH");
      |                 ^~~~~~~~~~~~~~~~
/opt/tt-metal/tt_metal/tools/profiler/kernel_profiler.hpp: In function 'void kernel_profiler::quick_push()':
/opt/tt-metal/tt_metal/tools/profiler/kernel_profiler.hpp:32:22: note: '#pragma message: PROFILER-NOC-QUICK-PUSH,/opt/tt-metal/tt_metal/tools/profiler/kernel_profiler.hpp,633,KERNEL_PROFILER'
   32 | #define DO_PRAGMA(x) _Pragma(#x)
      |                      ^~~~~~~
/opt/tt-metal/tt_metal/tools/profiler/kernel_profiler.hpp:42:5: note: in expansion of macro 'DO_PRAGMA'
   42 |     DO_PRAGMA(message(PROFILER_MSG_NAME(name))); \
      |     ^~~~~~~~~
/opt/tt-metal/tt_metal/tools/profiler/kernel_profiler.hpp:633:5: note: in expansion of macro 'SrcLocNameToHash'
  633 |     SrcLocNameToHash("PROFILER-NOC-QUICK-PUSH");
      |     ^~~~~~~~~~~~~~~~
/opt/tt-metal/tt_metal/hw/firmware/src/tt-1xx/brisck.cc: In function 'uint32_t _start()':
/opt/tt-metal/tt_metal/tools/profiler/kernel_profiler.hpp:32:22: note: '#pragma message: BRISC-KERNEL,/opt/tt-metal/tt_metal/hw/firmware/src/tt-1xx/brisck.cc,77,KERNEL_PROFILER'
   32 | #define DO_PRAGMA(x) _Pragma(#x)
      |                      ^~~~~~~
/opt/tt-metal/tt_metal/tools/profiler/kernel_profiler.hpp:1047:5: note: in expansion of macro 'DO_PRAGMA'
 1047 |     DO_PRAGMA(message(PROFILER_MSG_NAME(name)));                               \
      |     ^~~~~~~~~
/opt/tt-metal/tt_metal/hw/firmware/src/tt-1xx/brisck.cc:77:9: note: in expansion of macro 'DeviceZoneScopedMainChildN'
   77 |         DeviceZoneScopedMainChildN("BRISC-KERNEL");
      |         ^~~~~~~~~~~~~~~~~~~~~~~~~~
Building trisc2, compile step:
/opt/tt-metal/runtime/sfpi/compiler/bin/riscv-tt-elf-g++ -O3 -std=c++17 -ftt-nttp -ftt-constinit -ftt-consteval -ftt-no-dyninit -flto=1 -flto-partition=one -ffast-math -fno-finite-math-only -fsigned-zeros -fno-associative-math -fno-exceptions -fno-rtti -fno-use-cxa-atexit -g -MMD -Wall -Werror -Wno-error=deprecated-declarations -Wno-error=multistatement-macros -Wno-error=parentheses -Wno-error=unused-but-set-variable -Wno-unused-variable -Wno-unused-function --param=min-pagesize=0 -mcpu=tt-bh-tensix -Winvalid-pch -Wno-error=invalid-pch -I. -I.. -I/opt/tt-metal/ -I/opt/tt-metal/ttnn -I/opt/tt-metal/ttnn/cpp -I/opt/tt-metal/tt_metal -I/opt/tt-metal/tt_metal/hw/inc -I/opt/tt-metal/tt_metal/tt-llk/common -I/opt/tt-metal/tt_metal/tt-llk/tools/include -I/opt/tt-metal/tt_metal/hostdevcommon/api -I/opt/tt-metal/tt_metal/api/ -I/opt/tt-metal/runtime/sfpi/include -I/opt/tt-metal/tt_metal/hw/ckernels/blackhole/metal/common -I/opt/tt-metal/tt_metal/hw/ckernels/blackhole/metal/llk_io -I/opt/tt-metal/tt_metal/hw/inc/internal/tt-1xx -I/opt/tt-metal/tt_metal/hw/inc/internal/tt-1xx/blackhole -I/opt/tt-metal/tt_metal/hw/inc/internal/tt-1xx/blackhole/blackhole_defines -I/opt/tt-metal/tt_metal/hw/inc/internal/tt-1xx/blackhole/noc -I/opt/tt-metal/tt_metal/tt-llk/tt_llk_blackhole/common/inc -I/opt/tt-metal/tt_metal/tt-llk/tt_llk_blackhole/llk_lib -I/opt/tt-metal/tt_metal/tt-llk/tt_llk_blackhole/llk_lib/hal -I/opt/tt-metal/tt_metal/hw/ckernels/blackhole/metal/llk_api -I/opt/tt-metal/tt_metal/hw/ckernels/blackhole/metal/llk_api/llk_sfpu -I/opt/tt-metal/tt_metal/hw/firmware/src/tt-1xx -I/opt/tt-metal/ttnn/cpp/ttnn/operations/eltwise/binary_ng/device/kernels/compute -include /sp/ttcache_prof/tt-metal-cache/pch/e13a6eedc934b130/pch.h -DIS_NOT_POW2_NUM_L1_BANKS=1 -DLOG_BASE_2_OF_NUM_DRAM_BANKS=3 -DNUM_DRAM_BANKS=8 -DNUM_L1_BANKS=110 -DPCIE_NOC_X=19 -DPCIE_NOC_Y=24 -DTENSIX_FIRMWARE -DLOCAL_MEM_EN=0 -DPROFILE_KERNEL=1 -DPROFILER_FULL_HOST_BUFFER_SIZE_PER_RISC=768000 -DPROCESSOR_INDEX=4 -DUCK_CHLKC_PACK -DCOMPILE_FOR_TRISC=2 -DPROGRAMMABLE_CORE_TYPE=0 -DARCH_BLACKHOLE -DDISPATCH_MESSAGE_ADDR=4290184248 -DKERNEL_BUILD -DFULL_KERNEL_NAME="eltwise_binary_sfpu/90327613149436123/" -DKERNEL_COMPILE_TIME_ARGS=1,0 -c -o /sp/ttcache_prof/tt-metal-cache8908659371042919221/kernels/eltwise_binary_sfpu/90327613149436123/trisc2/trisck.2475656884148353978_1.o /opt/tt-metal/tt_metal/hw/firmware/src/tt-1xx/trisck.cc -MF /sp/ttcache_prof/tt-metal-cache8908659371042919221/kernels/eltwise_binary_sfpu/90327613149436123/trisc2/trisck.2475656884148353978_1.d
In file included from /opt/tt-metal/tt_metal/hw/ckernels/blackhole/metal/llk_io/llk_io_pack.h:14,
                 from /opt/tt-metal/tt_metal/hw/inc/api/compute/cb_api.h:12,
                 from /opt/tt-metal/tt_metal/hw/inc/api/compute/common.h:11,
                 from /opt/tt-metal/tt_metal/hw/inc/api/compute/eltwise_unary/eltwise_unary.h:7,
                 from /opt/tt-metal/ttnn/cpp/ttnn/operations/eltwise/binary_ng/device/kernels/compute/eltwise_binary_sfpu.cpp:8,
                 from ../chlkc_pack.cpp:4,
                 from /opt/tt-metal/tt_metal/hw/ckernels/blackhole/metal/common/chlkc_list.h:21,
                 from /opt/tt-metal/tt_metal/hw/firmware/src/tt-1xx/trisck.cc:14:
/opt/tt-metal/tt_metal/hw/ckernels/blackhole/metal/llk_io/llk_io_pack.h: In function 'void llk_wait_for_free_tiles(int32_t, int32_t)':
/opt/tt-metal/tt_metal/tools/profiler/kernel_profiler.hpp:32:22: note: '#pragma message: CB-COMPUTE-RESERVE-BACK,/opt/tt-metal/tt_metal/hw/ckernels/blackhole/metal/llk_io/llk_io_pack.h,21,KERNEL_PROFILER'
   32 | #define DO_PRAGMA(x) _Pragma(#x)
      |                      ^~~~~~~
/opt/tt-metal/tt_metal/tools/profiler/kernel_profiler.hpp:1057:5: note: in expansion of macro 'DO_PRAGMA'
 1057 |     DO_PRAGMA(message(PROFILER_MSG_NAME(name)));                               \
      |     ^~~~~~~~~
/opt/tt-metal/tt_metal/hw/ckernels/blackhole/metal/llk_io/llk_io_pack.h:21:5: note: in expansion of macro 'DeviceZoneScopedSumN2'
   21 |     DeviceZoneScopedSumN2("CB-COMPUTE-RESERVE-BACK");
      |     ^~~~~~~~~~~~~~~~~~~~~
/opt/tt-metal/tt_metal/hw/firmware/src/tt-1xx/trisck.cc: In function 'uint32_t _start()':
/opt/tt-metal/tt_metal/tools/profiler/kernel_profiler.hpp:32:22: note: '#pragma message: TRISC-KERNEL,/opt/tt-metal/tt_metal/hw/firmware/src/tt-1xx/trisck.cc,89,KERNEL_PROFILER'
   32 | #define DO_PRAGMA(x) _Pragma(#x)
      |                      ^~~~~~~
/opt/tt-metal/tt_metal/tools/profiler/kernel_profiler.hpp:1047:5: note: in expansion of macro 'DO_PRAGMA'
 1047 |     DO_PRAGMA(message(PROFILER_MSG_NAME(name)));                               \
      |     ^~~~~~~~~
/opt/tt-metal/tt_metal/hw/firmware/src/tt-1xx/trisck.cc:89:5: note: in expansion of macro 'DeviceZoneScopedMainChildN'
   89 |     DeviceZoneScopedMainChildN("TRISC-KERNEL");
      |     ^~~~~~~~~~~~~~~~~~~~~~~~~~
Building trisc0, compile step:
/opt/tt-metal/runtime/sfpi/compiler/bin/riscv-tt-elf-g++ -O3 -std=c++17 -ftt-nttp -ftt-constinit -ftt-consteval -ftt-no-dyninit -flto=1 -flto-partition=one -ffast-math -fno-finite-math-only -fsigned-zeros -fno-associative-math -fno-exceptions -fno-rtti -fno-use-cxa-atexit -g -MMD -Wall -Werror -Wno-error=deprecated-declarations -Wno-error=multistatement-macros -Wno-error=parentheses -Wno-error=unused-but-set-variable -Wno-unused-variable -Wno-unused-function --param=min-pagesize=0 -mcpu=tt-bh-tensix -Winvalid-pch -Wno-error=invalid-pch -I. -I.. -I/opt/tt-metal/ -I/opt/tt-metal/ttnn -I/opt/tt-metal/ttnn/cpp -I/opt/tt-metal/tt_metal -I/opt/tt-metal/tt_metal/hw/inc -I/opt/tt-metal/tt_metal/tt-llk/common -I/opt/tt-metal/tt_metal/tt-llk/tools/include -I/opt/tt-metal/tt_metal/hostdevcommon/api -I/opt/tt-metal/tt_metal/api/ -I/opt/tt-metal/runtime/sfpi/include -I/opt/tt-metal/tt_metal/hw/ckernels/blackhole/metal/common -I/opt/tt-metal/tt_metal/hw/ckernels/blackhole/metal/llk_io -I/opt/tt-metal/tt_metal/hw/inc/internal/tt-1xx -I/opt/tt-metal/tt_metal/hw/inc/internal/tt-1xx/blackhole -I/opt/tt-metal/tt_metal/hw/inc/internal/tt-1xx/blackhole/blackhole_defines -I/opt/tt-metal/tt_metal/hw/inc/internal/tt-1xx/blackhole/noc -I/opt/tt-metal/tt_metal/tt-llk/tt_llk_blackhole/common/inc -I/opt/tt-metal/tt_metal/tt-llk/tt_llk_blackhole/llk_lib -I/opt/tt-metal/tt_metal/tt-llk/tt_llk_blackhole/llk_lib/hal -I/opt/tt-metal/tt_metal/hw/ckernels/blackhole/metal/llk_api -I/opt/tt-metal/tt_metal/hw/ckernels/blackhole/metal/llk_api/llk_sfpu -I/opt/tt-metal/tt_metal/hw/firmware/src/tt-1xx -I/opt/tt-metal/ttnn/cpp/ttnn/operations/eltwise/binary_ng/device/kernels/compute -include /sp/ttcache_prof/tt-metal-cache/pch/e13a6eedc934b130/pch.h -DIS_NOT_POW2_NUM_L1_BANKS=1 -DLOG_BASE_2_OF_NUM_DRAM_BANKS=3 -DNUM_DRAM_BANKS=8 -DNUM_L1_BANKS=110 -DPCIE_NOC_X=19 -DPCIE_NOC_Y=24 -DTENSIX_FIRMWARE -DLOCAL_MEM_EN=0 -DPROFILE_KERNEL=1 -DPROFILER_FULL_HOST_BUFFER_SIZE_PER_RISC=768000 -DPROCESSOR_INDEX=2 -DUCK_CHLKC_UNPACK -DCOMPILE_FOR_TRISC=0 -DPROGRAMMABLE_CORE_TYPE=0 -DARCH_BLACKHOLE -DDISPATCH_MESSAGE_ADDR=4290184248 -DKERNEL_BUILD -DFULL_KERNEL_NAME="eltwise_binary_sfpu/90327613149436123/" -DKERNEL_COMPILE_TIME_ARGS=1,0 -c -o /sp/ttcache_prof/tt-metal-cache8908659371042919221/kernels/eltwise_binary_sfpu/90327613149436123/trisc0/trisck.2475656884148353978_1.o /opt/tt-metal/tt_metal/hw/firmware/src/tt-1xx/trisck.cc -MF /sp/ttcache_prof/tt-metal-cache8908659371042919221/kernels/eltwise_binary_sfpu/90327613149436123/trisc0/trisck.2475656884148353978_1.d
In file included from /opt/tt-metal/tt_metal/hw/ckernels/blackhole/metal/llk_io/llk_io_unpack.h:13,
                 from /opt/tt-metal/tt_metal/hw/inc/api/compute/cb_api.h:15,
                 from /opt/tt-metal/tt_metal/hw/inc/api/compute/common.h:11,
                 from /opt/tt-metal/tt_metal/hw/inc/api/compute/eltwise_unary/eltwise_unary.h:7,
                 from /opt/tt-metal/ttnn/cpp/ttnn/operations/eltwise/binary_ng/device/kernels/compute/eltwise_binary_sfpu.cpp:8,
                 from ../chlkc_unpack.cpp:4,
                 from /opt/tt-metal/tt_metal/hw/ckernels/blackhole/metal/common/chlkc_list.h:26,
                 from /opt/tt-metal/tt_metal/hw/firmware/src/tt-1xx/trisck.cc:14:
/opt/tt-metal/tt_metal/hw/ckernels/blackhole/metal/llk_io/llk_io_unpack.h: In function 'void llk_wait_tiles(int, int32_t)':
/opt/tt-metal/tt_metal/tools/profiler/kernel_profiler.hpp:32:22: note: '#pragma message: CB-COMPUTE-WAIT-FRONT,/opt/tt-metal/tt_metal/hw/ckernels/blackhole/metal/llk_io/llk_io_unpack.h,19,KERNEL_PROFILER'
   32 | #define DO_PRAGMA(x) _Pragma(#x)
      |                      ^~~~~~~
/opt/tt-metal/tt_metal/tools/profiler/kernel_profiler.hpp:1052:5: note: in expansion of macro 'DO_PRAGMA'
 1052 |     DO_PRAGMA(message(PROFILER_MSG_NAME(name)));                               \
      |     ^~~~~~~~~
/opt/tt-metal/tt_metal/hw/ckernels/blackhole/metal/llk_io/llk_io_unpack.h:19:5: note: in expansion of macro 'DeviceZoneScopedSumN1'
   19 |     DeviceZoneScopedSumN1("CB-COMPUTE-WAIT-FRONT");
      |     ^~~~~~~~~~~~~~~~~~~~~
/opt/tt-metal/tt_metal/hw/firmware/src/tt-1xx/trisck.cc: In function 'uint32_t _start()':
/opt/tt-metal/tt_metal/tools/profiler/kernel_profiler.hpp:32:22: note: '#pragma message: TRISC-KERNEL,/opt/tt-metal/tt_metal/hw/firmware/src/tt-1xx/trisck.cc,89,KERNEL_PROFILER'
   32 | #define DO_PRAGMA(x) _Pragma(#x)
      |                      ^~~~~~~
/opt/tt-metal/tt_metal/tools/profiler/kernel_profiler.hpp:1047:5: note: in expansion of macro 'DO_PRAGMA'
 1047 |     DO_PRAGMA(message(PROFILER_MSG_NAME(name)));                               \
      |     ^~~~~~~~~
/opt/tt-metal/tt_metal/hw/firmware/src/tt-1xx/trisck.cc:89:5: note: in expansion of macro 'DeviceZoneScopedMainChildN'
   89 |     DeviceZoneScopedMainChildN("TRISC-KERNEL");
      |     ^~~~~~~~~~~~~~~~~~~~~~~~~~
Building trisc1, compile step:
/opt/tt-metal/runtime/sfpi/compiler/bin/riscv-tt-elf-g++ -O3 -std=c++17 -ftt-nttp -ftt-constinit -ftt-consteval -ftt-no-dyninit -flto=1 -flto-partition=one -ffast-math -fno-finite-math-only -fsigned-zeros -fno-associative-math -fno-exceptions -fno-rtti -fno-use-cxa-atexit -g -MMD -Wall -Werror -Wno-error=deprecated-declarations -Wno-error=multistatement-macros -Wno-error=parentheses -Wno-error=unused-but-set-variable -Wno-unused-variable -Wno-unused-function --param=min-pagesize=0 -mcpu=tt-bh-tensix -Winvalid-pch -Wno-error=invalid-pch -I. -I.. -I/opt/tt-metal/ -I/opt/tt-metal/ttnn -I/opt/tt-metal/ttnn/cpp -I/opt/tt-metal/tt_metal -I/opt/tt-metal/tt_metal/hw/inc -I/opt/tt-metal/tt_metal/tt-llk/common -I/opt/tt-metal/tt_metal/tt-llk/tools/include -I/opt/tt-metal/tt_metal/hostdevcommon/api -I/opt/tt-metal/tt_metal/api/ -I/opt/tt-metal/runtime/sfpi/include -I/opt/tt-metal/tt_metal/hw/ckernels/blackhole/metal/common -I/opt/tt-metal/tt_metal/hw/ckernels/blackhole/metal/llk_io -I/opt/tt-metal/tt_metal/hw/inc/internal/tt-1xx -I/opt/tt-metal/tt_metal/hw/inc/internal/tt-1xx/blackhole -I/opt/tt-metal/tt_metal/hw/inc/internal/tt-1xx/blackhole/blackhole_defines -I/opt/tt-metal/tt_metal/hw/inc/internal/tt-1xx/blackhole/noc -I/opt/tt-metal/tt_metal/tt-llk/tt_llk_blackhole/common/inc -I/opt/tt-metal/tt_metal/tt-llk/tt_llk_blackhole/llk_lib -I/opt/tt-metal/tt_metal/tt-llk/tt_llk_blackhole/llk_lib/hal -I/opt/tt-metal/tt_metal/hw/ckernels/blackhole/metal/llk_api -I/opt/tt-metal/tt_metal/hw/ckernels/blackhole/metal/llk_api/llk_sfpu -I/opt/tt-metal/tt_metal/hw/firmware/src/tt-1xx -I/opt/tt-metal/ttnn/cpp/ttnn/operations/eltwise/binary_ng/device/kernels/compute -include /sp/ttcache_prof/tt-metal-cache/pch/e13a6eedc934b130/pch.h -DIS_NOT_POW2_NUM_L1_BANKS=1 -DLOG_BASE_2_OF_NUM_DRAM_BANKS=3 -DNUM_DRAM_BANKS=8 -DNUM_L1_BANKS=110 -DPCIE_NOC_X=19 -DPCIE_NOC_Y=24 -DTENSIX_FIRMWARE -DLOCAL_MEM_EN=0 -DPROFILE_KERNEL=1 -DPROFILER_FULL_HOST_BUFFER_SIZE_PER_RISC=768000 -DPROCESSOR_INDEX=3 -DUCK_CHLKC_MATH -DCOMPILE_FOR_TRISC=1 -DPROGRAMMABLE_CORE_TYPE=0 -DARCH_BLACKHOLE -DDISPATCH_MESSAGE_ADDR=4290184248 -DKERNEL_BUILD -DFULL_KERNEL_NAME="eltwise_binary_sfpu/90327613149436123/" -DKERNEL_COMPILE_TIME_ARGS=1,0 -c -o /sp/ttcache_prof/tt-metal-cache8908659371042919221/kernels/eltwise_binary_sfpu/90327613149436123/trisc1/trisck.2475656884148353978_1.o /opt/tt-metal/tt_metal/hw/firmware/src/tt-1xx/trisck.cc -MF /sp/ttcache_prof/tt-metal-cache8908659371042919221/kernels/eltwise_binary_sfpu/90327613149436123/trisc1/trisck.2475656884148353978_1.d
In file included from /opt/tt-metal/tt_metal/hw/firmware/src/tt-1xx/trisck.cc:16:
/opt/tt-metal/tt_metal/hw/firmware/src/tt-1xx/trisck.cc: In function 'uint32_t _start()':
/opt/tt-metal/tt_metal/tools/profiler/kernel_profiler.hpp:32:22: note: '#pragma message: TRISC-KERNEL,/opt/tt-metal/tt_metal/hw/firmware/src/tt-1xx/trisck.cc,89,KERNEL_PROFILER'
   32 | #define DO_PRAGMA(x) _Pragma(#x)
      |                      ^~~~~~~
/opt/tt-metal/tt_metal/tools/profiler/kernel_profiler.hpp:1047:5: note: in expansion of macro 'DO_PRAGMA'
 1047 |     DO_PRAGMA(message(PROFILER_MSG_NAME(name)));                               \
      |     ^~~~~~~~~
/opt/tt-metal/tt_metal/hw/firmware/src/tt-1xx/trisck.cc:89:5: note: in expansion of macro 'DeviceZoneScopedMainChildN'
   89 |     DeviceZoneScopedMainChildN("TRISC-KERNEL");
      |     ^~~~~~~~~~~~~~~~~~~~~~~~~~
Building trisc2, compile step:
/opt/tt-metal/runtime/sfpi/compiler/bin/riscv-tt-elf-g++ -O3 -std=c++17 -ftt-nttp -ftt-constinit -ftt-consteval -ftt-no-dyninit -flto=1 -flto-partition=one -ffast-math -fno-finite-math-only -fsigned-zeros -fno-associative-math -fno-exceptions -fno-rtti -fno-use-cxa-atexit -g -MMD -Wall -Werror -Wno-error=deprecated-declarations -Wno-error=multistatement-macros -Wno-error=parentheses -Wno-error=unused-but-set-variable -Wno-unused-variable -Wno-unused-function --param=min-pagesize=0 -mcpu=tt-bh-tensix -Winvalid-pch -Wno-error=invalid-pch -I. -I.. -I/opt/tt-metal/ -I/opt/tt-metal/ttnn -I/opt/tt-metal/ttnn/cpp -I/opt/tt-metal/tt_metal -I/opt/tt-metal/tt_metal/hw/inc -I/opt/tt-metal/tt_metal/tt-llk/common -I/opt/tt-metal/tt_metal/tt-llk/tools/include -I/opt/tt-metal/tt_metal/hostdevcommon/api -I/opt/tt-metal/tt_metal/api/ -I/opt/tt-metal/runtime/sfpi/include -I/opt/tt-metal/tt_metal/hw/ckernels/blackhole/metal/common -I/opt/tt-metal/tt_metal/hw/ckernels/blackhole/metal/llk_io -I/opt/tt-metal/tt_metal/hw/inc/internal/tt-1xx -I/opt/tt-metal/tt_metal/hw/inc/internal/tt-1xx/blackhole -I/opt/tt-metal/tt_metal/hw/inc/internal/tt-1xx/blackhole/blackhole_defines -I/opt/tt-metal/tt_metal/hw/inc/internal/tt-1xx/blackhole/noc -I/opt/tt-metal/tt_metal/tt-llk/tt_llk_blackhole/common/inc -I/opt/tt-metal/tt_metal/tt-llk/tt_llk_blackhole/llk_lib -I/opt/tt-metal/tt_metal/tt-llk/tt_llk_blackhole/llk_lib/hal -I/opt/tt-metal/tt_metal/hw/ckernels/blackhole/metal/llk_api -I/opt/tt-metal/tt_metal/hw/ckernels/blackhole/metal/llk_api/llk_sfpu -I/opt/tt-metal/tt_metal/hw/firmware/src/tt-1xx -I/opt/tt-metal/ttnn/cpp/ttnn/operations/eltwise/unary/device/kernels/compute -include /sp/ttcache_prof/tt-metal-cache/pch/e13a6eedc934b130/pch.h -DIS_NOT_POW2_NUM_L1_BANKS=1 -DLOG_BASE_2_OF_NUM_DRAM_BANKS=3 -DNUM_DRAM_BANKS=8 -DNUM_L1_BANKS=110 -DPCIE_NOC_X=19 -DPCIE_NOC_Y=24 -DTENSIX_FIRMWARE -DLOCAL_MEM_EN=0 -DPROFILE_KERNEL=1 -DPROFILER_FULL_HOST_BUFFER_SIZE_PER_RISC=768000 -DPROCESSOR_INDEX=4 -DUCK_CHLKC_PACK -DCOMPILE_FOR_TRISC=2 -DPROGRAMMABLE_CORE_TYPE=0 -DARCH_BLACKHOLE -DDISPATCH_MESSAGE_ADDR=4290184248 -DKERNEL_BUILD -DFULL_KERNEL_NAME="eltwise_sfpu/5525925185328017352/" -DKERNEL_COMPILE_TIME_ARGS=0 -c -o /sp/ttcache_prof/tt-metal-cache8908659371042919221/kernels/eltwise_sfpu/5525925185328017352/trisc2/trisck.2475656884148353978_1.o /opt/tt-metal/tt_metal/hw/firmware/src/tt-1xx/trisck.cc -MF /sp/ttcache_prof/tt-metal-cache8908659371042919221/kernels/eltwise_sfpu/5525925185328017352/trisc2/trisck.2475656884148353978_1.d
In file included from /opt/tt-metal/tt_metal/hw/ckernels/blackhole/metal/llk_io/llk_io_pack.h:14,
                 from /opt/tt-metal/tt_metal/hw/inc/api/compute/cb_api.h:12,
                 from /opt/tt-metal/tt_metal/hw/inc/api/compute/common.h:11,
                 from /opt/tt-metal/ttnn/cpp/ttnn/operations/eltwise/unary/device/kernels/compute/eltwise_sfpu.cpp:6,
                 from ../chlkc_pack.cpp:4,
                 from /opt/tt-metal/tt_metal/hw/ckernels/blackhole/metal/common/chlkc_list.h:21,
                 from /opt/tt-metal/tt_metal/hw/firmware/src/tt-1xx/trisck.cc:14:
/opt/tt-metal/tt_metal/hw/ckernels/blackhole/metal/llk_io/llk_io_pack.h: In function 'void llk_wait_for_free_tiles(int32_t, int32_t)':
/opt/tt-metal/tt_metal/tools/profiler/kernel_profiler.hpp:32:22: note: '#pragma message: CB-COMPUTE-RESERVE-BACK,/opt/tt-metal/tt_metal/hw/ckernels/blackhole/metal/llk_io/llk_io_pack.h,21,KERNEL_PROFILER'
   32 | #define DO_PRAGMA(x) _Pragma(#x)
      |                      ^~~~~~~
/opt/tt-metal/tt_metal/tools/profiler/kernel_profiler.hpp:1057:5: note: in expansion of macro 'DO_PRAGMA'
 1057 |     DO_PRAGMA(message(PROFILER_MSG_NAME(name)));                               \
      |     ^~~~~~~~~
/opt/tt-metal/tt_metal/hw/ckernels/blackhole/metal/llk_io/llk_io_pack.h:21:5: note: in expansion of macro 'DeviceZoneScopedSumN2'
   21 |     DeviceZoneScopedSumN2("CB-COMPUTE-RESERVE-BACK");
      |     ^~~~~~~~~~~~~~~~~~~~~
/opt/tt-metal/tt_metal/hw/firmware/src/tt-1xx/trisck.cc: In function 'uint32_t _start()':
/opt/tt-metal/tt_metal/tools/profiler/kernel_profiler.hpp:32:22: note: '#pragma message: TRISC-KERNEL,/opt/tt-metal/tt_metal/hw/firmware/src/tt-1xx/trisck.cc,89,KERNEL_PROFILER'
   32 | #define DO_PRAGMA(x) _Pragma(#x)
      |                      ^~~~~~~
/opt/tt-metal/tt_metal/tools/profiler/kernel_profiler.hpp:1047:5: note: in expansion of macro 'DO_PRAGMA'
 1047 |     DO_PRAGMA(message(PROFILER_MSG_NAME(name)));                               \
      |     ^~~~~~~~~
/opt/tt-metal/tt_metal/hw/firmware/src/tt-1xx/trisck.cc:89:5: note: in expansion of macro 'DeviceZoneScopedMainChildN'
   89 |     DeviceZoneScopedMainChildN("TRISC-KERNEL");
      |     ^~~~~~~~~~~~~~~~~~~~~~~~~~
Building trisc0, compile step:
/opt/tt-metal/runtime/sfpi/compiler/bin/riscv-tt-elf-g++ -O3 -std=c++17 -ftt-nttp -ftt-constinit -ftt-consteval -ftt-no-dyninit -flto=1 -flto-partition=one -ffast-math -fno-finite-math-only -fsigned-zeros -fno-associative-math -fno-exceptions -fno-rtti -fno-use-cxa-atexit -g -MMD -Wall -Werror -Wno-error=deprecated-declarations -Wno-error=multistatement-macros -Wno-error=parentheses -Wno-error=unused-but-set-variable -Wno-unused-variable -Wno-unused-function --param=min-pagesize=0 -mcpu=tt-bh-tensix -Winvalid-pch -Wno-error=invalid-pch -I. -I.. -I/opt/tt-metal/ -I/opt/tt-metal/ttnn -I/opt/tt-metal/ttnn/cpp -I/opt/tt-metal/tt_metal -I/opt/tt-metal/tt_metal/hw/inc -I/opt/tt-metal/tt_metal/tt-llk/common -I/opt/tt-metal/tt_metal/tt-llk/tools/include -I/opt/tt-metal/tt_metal/hostdevcommon/api -I/opt/tt-metal/tt_metal/api/ -I/opt/tt-metal/runtime/sfpi/include -I/opt/tt-metal/tt_metal/hw/ckernels/blackhole/metal/common -I/opt/tt-metal/tt_metal/hw/ckernels/blackhole/metal/llk_io -I/opt/tt-metal/tt_metal/hw/inc/internal/tt-1xx -I/opt/tt-metal/tt_metal/hw/inc/internal/tt-1xx/blackhole -I/opt/tt-metal/tt_metal/hw/inc/internal/tt-1xx/blackhole/blackhole_defines -I/opt/tt-metal/tt_metal/hw/inc/internal/tt-1xx/blackhole/noc -I/opt/tt-metal/tt_metal/tt-llk/tt_llk_blackhole/common/inc -I/opt/tt-metal/tt_metal/tt-llk/tt_llk_blackhole/llk_lib -I/opt/tt-metal/tt_metal/tt-llk/tt_llk_blackhole/llk_lib/hal -I/opt/tt-metal/tt_metal/hw/ckernels/blackhole/metal/llk_api -I/opt/tt-metal/tt_metal/hw/ckernels/blackhole/metal/llk_api/llk_sfpu -I/opt/tt-metal/tt_metal/hw/firmware/src/tt-1xx -I/opt/tt-metal/ttnn/cpp/ttnn/operations/eltwise/unary/device/kernels/compute -include /sp/ttcache_prof/tt-metal-cache/pch/e13a6eedc934b130/pch.h -DIS_NOT_POW2_NUM_L1_BANKS=1 -DLOG_BASE_2_OF_NUM_DRAM_BANKS=3 -DNUM_DRAM_BANKS=8 -DNUM_L1_BANKS=110 -DPCIE_NOC_X=19 -DPCIE_NOC_Y=24 -DTENSIX_FIRMWARE -DLOCAL_MEM_EN=0 -DPROFILE_KERNEL=1 -DPROFILER_FULL_HOST_BUFFER_SIZE_PER_RISC=768000 -DPROCESSOR_INDEX=2 -DUCK_CHLKC_UNPACK -DCOMPILE_FOR_TRISC=0 -DPROGRAMMABLE_CORE_TYPE=0 -DARCH_BLACKHOLE -DDISPATCH_MESSAGE_ADDR=4290184248 -DKERNEL_BUILD -DFULL_KERNEL_NAME="eltwise_sfpu/5525925185328017352/" -DKERNEL_COMPILE_TIME_ARGS=0 -c -o /sp/ttcache_prof/tt-metal-cache8908659371042919221/kernels/eltwise_sfpu/5525925185328017352/trisc0/trisck.2475656884148353978_1.o /opt/tt-metal/tt_metal/hw/firmware/src/tt-1xx/trisck.cc -MF /sp/ttcache_prof/tt-metal-cache8908659371042919221/kernels/eltwise_sfpu/5525925185328017352/trisc0/trisck.2475656884148353978_1.d
In file included from /opt/tt-metal/tt_metal/hw/ckernels/blackhole/metal/llk_io/llk_io_unpack.h:13,
                 from /opt/tt-metal/tt_metal/hw/inc/api/compute/cb_api.h:15,
                 from /opt/tt-metal/tt_metal/hw/inc/api/compute/common.h:11,
                 from /opt/tt-metal/ttnn/cpp/ttnn/operations/eltwise/unary/device/kernels/compute/eltwise_sfpu.cpp:6,
                 from ../chlkc_unpack.cpp:4,
                 from /opt/tt-metal/tt_metal/hw/ckernels/blackhole/metal/common/chlkc_list.h:26,
                 from /opt/tt-metal/tt_metal/hw/firmware/src/tt-1xx/trisck.cc:14:
/opt/tt-metal/tt_metal/hw/ckernels/blackhole/metal/llk_io/llk_io_unpack.h: In function 'void llk_wait_tiles(int, int32_t)':
/opt/tt-metal/tt_metal/tools/profiler/kernel_profiler.hpp:32:22: note: '#pragma message: CB-COMPUTE-WAIT-FRONT,/opt/tt-metal/tt_metal/hw/ckernels/blackhole/metal/llk_io/llk_io_unpack.h,19,KERNEL_PROFILER'
   32 | #define DO_PRAGMA(x) _Pragma(#x)
      |                      ^~~~~~~
/opt/tt-metal/tt_metal/tools/profiler/kernel_profiler.hpp:1052:5: note: in expansion of macro 'DO_PRAGMA'
 1052 |     DO_PRAGMA(message(PROFILER_MSG_NAME(name)));                               \
      |     ^~~~~~~~~
/opt/tt-metal/tt_metal/hw/ckernels/blackhole/metal/llk_io/llk_io_unpack.h:19:5: note: in expansion of macro 'DeviceZoneScopedSumN1'
   19 |     DeviceZoneScopedSumN1("CB-COMPUTE-WAIT-FRONT");
      |     ^~~~~~~~~~~~~~~~~~~~~
/opt/tt-metal/tt_metal/hw/firmware/src/tt-1xx/trisck.cc: In function 'uint32_t _start()':
/opt/tt-metal/tt_metal/tools/profiler/kernel_profiler.hpp:32:22: note: '#pragma message: TRISC-KERNEL,/opt/tt-metal/tt_metal/hw/firmware/src/tt-1xx/trisck.cc,89,KERNEL_PROFILER'
   32 | #define DO_PRAGMA(x) _Pragma(#x)
      |                      ^~~~~~~
/opt/tt-metal/tt_metal/tools/profiler/kernel_profiler.hpp:1047:5: note: in expansion of macro 'DO_PRAGMA'
 1047 |     DO_PRAGMA(message(PROFILER_MSG_NAME(name)));                               \
      |     ^~~~~~~~~
/opt/tt-metal/tt_metal/hw/firmware/src/tt-1xx/trisck.cc:89:5: note: in expansion of macro 'DeviceZoneScopedMainChildN'
   89 |     DeviceZoneScopedMainChildN("TRISC-KERNEL");
      |     ^~~~~~~~~~~~~~~~~~~~~~~~~~
Building trisc1, compile step:
/opt/tt-metal/runtime/sfpi/compiler/bin/riscv-tt-elf-g++ -O3 -std=c++17 -ftt-nttp -ftt-constinit -ftt-consteval -ftt-no-dyninit -flto=1 -flto-partition=one -ffast-math -fno-finite-math-only -fsigned-zeros -fno-associative-math -fno-exceptions -fno-rtti -fno-use-cxa-atexit -g -MMD -Wall -Werror -Wno-error=deprecated-declarations -Wno-error=multistatement-macros -Wno-error=parentheses -Wno-error=unused-but-set-variable -Wno-unused-variable -Wno-unused-function --param=min-pagesize=0 -mcpu=tt-bh-tensix -Winvalid-pch -Wno-error=invalid-pch -I. -I.. -I/opt/tt-metal/ -I/opt/tt-metal/ttnn -I/opt/tt-metal/ttnn/cpp -I/opt/tt-metal/tt_metal -I/opt/tt-metal/tt_metal/hw/inc -I/opt/tt-metal/tt_metal/tt-llk/common -I/opt/tt-metal/tt_metal/tt-llk/tools/include -I/opt/tt-metal/tt_metal/hostdevcommon/api -I/opt/tt-metal/tt_metal/api/ -I/opt/tt-metal/runtime/sfpi/include -I/opt/tt-metal/tt_metal/hw/ckernels/blackhole/metal/common -I/opt/tt-metal/tt_metal/hw/ckernels/blackhole/metal/llk_io -I/opt/tt-metal/tt_metal/hw/inc/internal/tt-1xx -I/opt/tt-metal/tt_metal/hw/inc/internal/tt-1xx/blackhole -I/opt/tt-metal/tt_metal/hw/inc/internal/tt-1xx/blackhole/blackhole_defines -I/opt/tt-metal/tt_metal/hw/inc/internal/tt-1xx/blackhole/noc -I/opt/tt-metal/tt_metal/tt-llk/tt_llk_blackhole/common/inc -I/opt/tt-metal/tt_metal/tt-llk/tt_llk_blackhole/llk_lib -I/opt/tt-metal/tt_metal/tt-llk/tt_llk_blackhole/llk_lib/hal -I/opt/tt-metal/tt_metal/hw/ckernels/blackhole/metal/llk_api -I/opt/tt-metal/tt_metal/hw/ckernels/blackhole/metal/llk_api/llk_sfpu -I/opt/tt-metal/tt_metal/hw/firmware/src/tt-1xx -I/opt/tt-metal/ttnn/cpp/ttnn/operations/eltwise/unary/device/kernels/compute -include /sp/ttcache_prof/tt-metal-cache/pch/e13a6eedc934b130/pch.h -DIS_NOT_POW2_NUM_L1_BANKS=1 -DLOG_BASE_2_OF_NUM_DRAM_BANKS=3 -DNUM_DRAM_BANKS=8 -DNUM_L1_BANKS=110 -DPCIE_NOC_X=19 -DPCIE_NOC_Y=24 -DTENSIX_FIRMWARE -DLOCAL_MEM_EN=0 -DPROFILE_KERNEL=1 -DPROFILER_FULL_HOST_BUFFER_SIZE_PER_RISC=768000 -DPROCESSOR_INDEX=3 -DUCK_CHLKC_MATH -DCOMPILE_FOR_TRISC=1 -DPROGRAMMABLE_CORE_TYPE=0 -DARCH_BLACKHOLE -DDISPATCH_MESSAGE_ADDR=4290184248 -DKERNEL_BUILD -DFULL_KERNEL_NAME="eltwise_sfpu/5525925185328017352/" -DKERNEL_COMPILE_TIME_ARGS=0 -c -o /sp/ttcache_prof/tt-metal-cache8908659371042919221/kernels/eltwise_sfpu/5525925185328017352/trisc1/trisck.2475656884148353978_1.o /opt/tt-metal/tt_metal/hw/firmware/src/tt-1xx/trisck.cc -MF /sp/ttcache_prof/tt-metal-cache8908659371042919221/kernels/eltwise_sfpu/5525925185328017352/trisc1/trisck.2475656884148353978_1.d
In file included from /opt/tt-metal/tt_metal/hw/firmware/src/tt-1xx/trisck.cc:16:
/opt/tt-metal/tt_metal/hw/firmware/src/tt-1xx/trisck.cc: In function 'uint32_t _start()':
/opt/tt-metal/tt_metal/tools/profiler/kernel_profiler.hpp:32:22: note: '#pragma message: TRISC-KERNEL,/opt/tt-metal/tt_metal/hw/firmware/src/tt-1xx/trisck.cc,89,KERNEL_PROFILER'
   32 | #define DO_PRAGMA(x) _Pragma(#x)
      |                      ^~~~~~~
/opt/tt-metal/tt_metal/tools/profiler/kernel_profiler.hpp:1047:5: note: in expansion of macro 'DO_PRAGMA'
 1047 |     DO_PRAGMA(message(PROFILER_MSG_NAME(name)));                               \
      |     ^~~~~~~~~
/opt/tt-metal/tt_metal/hw/firmware/src/tt-1xx/trisck.cc:89:5: note: in expansion of macro 'DeviceZoneScopedMainChildN'
   89 |     DeviceZoneScopedMainChildN("TRISC-KERNEL");
      |     ^~~~~~~~~~~~~~~~~~~~~~~~~~
Building trisc2, compile step:
/opt/tt-metal/runtime/sfpi/compiler/bin/riscv-tt-elf-g++ -O3 -std=c++17 -ftt-nttp -ftt-constinit -ftt-consteval -ftt-no-dyninit -flto=1 -flto-partition=one -ffast-math -fno-finite-math-only -fsigned-zeros -fno-associative-math -fno-exceptions -fno-rtti -fno-use-cxa-atexit -g -MMD -Wall -Werror -Wno-error=deprecated-declarations -Wno-error=multistatement-macros -Wno-error=parentheses -Wno-error=unused-but-set-variable -Wno-unused-variable -Wno-unused-function --param=min-pagesize=0 -mcpu=tt-bh-tensix -Winvalid-pch -Wno-error=invalid-pch -I. -I.. -I/opt/tt-metal/ -I/opt/tt-metal/ttnn -I/opt/tt-metal/ttnn/cpp -I/opt/tt-metal/tt_metal -I/opt/tt-metal/tt_metal/hw/inc -I/opt/tt-metal/tt_metal/tt-llk/common -I/opt/tt-metal/tt_metal/tt-llk/tools/include -I/opt/tt-metal/tt_metal/hostdevcommon/api -I/opt/tt-metal/tt_metal/api/ -I/opt/tt-metal/runtime/sfpi/include -I/opt/tt-metal/tt_metal/hw/ckernels/blackhole/metal/common -I/opt/tt-metal/tt_metal/hw/ckernels/blackhole/metal/llk_io -I/opt/tt-metal/tt_metal/hw/inc/internal/tt-1xx -I/opt/tt-metal/tt_metal/hw/inc/internal/tt-1xx/blackhole -I/opt/tt-metal/tt_metal/hw/inc/internal/tt-1xx/blackhole/blackhole_defines -I/opt/tt-metal/tt_metal/hw/inc/internal/tt-1xx/blackhole/noc -I/opt/tt-metal/tt_metal/tt-llk/tt_llk_blackhole/common/inc -I/opt/tt-metal/tt_metal/tt-llk/tt_llk_blackhole/llk_lib -I/opt/tt-metal/tt_metal/tt-llk/tt_llk_blackhole/llk_lib/hal -I/opt/tt-metal/tt_metal/hw/ckernels/blackhole/metal/llk_api -I/opt/tt-metal/tt_metal/hw/ckernels/blackhole/metal/llk_api/llk_sfpu -I/opt/tt-metal/tt_metal/hw/firmware/src/tt-1xx -I/opt/tt-metal/ttnn/cpp/ttnn/operations/eltwise/unary/device/kernels/compute -include /sp/ttcache_prof/tt-metal-cache/pch/e13a6eedc934b130/pch.h -DIS_NOT_POW2_NUM_L1_BANKS=1 -DLOG_BASE_2_OF_NUM_DRAM_BANKS=3 -DNUM_DRAM_BANKS=8 -DNUM_L1_BANKS=110 -DPCIE_NOC_X=19 -DPCIE_NOC_Y=24 -DTENSIX_FIRMWARE -DLOCAL_MEM_EN=0 -DPROFILE_KERNEL=1 -DPROFILER_FULL_HOST_BUFFER_SIZE_PER_RISC=768000 -DPROCESSOR_INDEX=4 -DUCK_CHLKC_PACK -DCOMPILE_FOR_TRISC=2 -DPROGRAMMABLE_CORE_TYPE=0 -DARCH_BLACKHOLE -DDISPATCH_MESSAGE_ADDR=4290184248 -DKERNEL_BUILD -DFULL_KERNEL_NAME="eltwise_sfpu/9566321434448962807/" -DKERNEL_COMPILE_TIME_ARGS=0 -c -o /sp/ttcache_prof/tt-metal-cache8908659371042919221/kernels/eltwise_sfpu/9566321434448962807/trisc2/trisck.2475656884148353978_1.o /opt/tt-metal/tt_metal/hw/firmware/src/tt-1xx/trisck.cc -MF /sp/ttcache_prof/tt-metal-cache8908659371042919221/kernels/eltwise_sfpu/9566321434448962807/trisc2/trisck.2475656884148353978_1.d
In file included from /opt/tt-metal/tt_metal/hw/ckernels/blackhole/metal/llk_io/llk_io_pack.h:14,
                 from /opt/tt-metal/tt_metal/hw/inc/api/compute/cb_api.h:12,
                 from /opt/tt-metal/tt_metal/hw/inc/api/compute/common.h:11,
                 from /opt/tt-metal/ttnn/cpp/ttnn/operations/eltwise/unary/device/kernels/compute/eltwise_sfpu.cpp:6,
                 from ../chlkc_pack.cpp:4,
                 from /opt/tt-metal/tt_metal/hw/ckernels/blackhole/metal/common/chlkc_list.h:21,
                 from /opt/tt-metal/tt_metal/hw/firmware/src/tt-1xx/trisck.cc:14:
/opt/tt-metal/tt_metal/hw/ckernels/blackhole/metal/llk_io/llk_io_pack.h: In function 'void llk_wait_for_free_tiles(int32_t, int32_t)':
/opt/tt-metal/tt_metal/tools/profiler/kernel_profiler.hpp:32:22: note: '#pragma message: CB-COMPUTE-RESERVE-BACK,/opt/tt-metal/tt_metal/hw/ckernels/blackhole/metal/llk_io/llk_io_pack.h,21,KERNEL_PROFILER'
   32 | #define DO_PRAGMA(x) _Pragma(#x)
      |                      ^~~~~~~
/opt/tt-metal/tt_metal/tools/profiler/kernel_profiler.hpp:1057:5: note: in expansion of macro 'DO_PRAGMA'
 1057 |     DO_PRAGMA(message(PROFILER_MSG_NAME(name)));                               \
      |     ^~~~~~~~~
/opt/tt-metal/tt_metal/hw/ckernels/blackhole/metal/llk_io/llk_io_pack.h:21:5: note: in expansion of macro 'DeviceZoneScopedSumN2'
   21 |     DeviceZoneScopedSumN2("CB-COMPUTE-RESERVE-BACK");
      |     ^~~~~~~~~~~~~~~~~~~~~
/opt/tt-metal/tt_metal/hw/firmware/src/tt-1xx/trisck.cc: In function 'uint32_t _start()':
/opt/tt-metal/tt_metal/tools/profiler/kernel_profiler.hpp:32:22: note: '#pragma message: TRISC-KERNEL,/opt/tt-metal/tt_metal/hw/firmware/src/tt-1xx/trisck.cc,89,KERNEL_PROFILER'
   32 | #define DO_PRAGMA(x) _Pragma(#x)
      |                      ^~~~~~~
/opt/tt-metal/tt_metal/tools/profiler/kernel_profiler.hpp:1047:5: note: in expansion of macro 'DO_PRAGMA'
 1047 |     DO_PRAGMA(message(PROFILER_MSG_NAME(name)));                               \
      |     ^~~~~~~~~
/opt/tt-metal/tt_metal/hw/firmware/src/tt-1xx/trisck.cc:89:5: note: in expansion of macro 'DeviceZoneScopedMainChildN'
   89 |     DeviceZoneScopedMainChildN("TRISC-KERNEL");
      |     ^~~~~~~~~~~~~~~~~~~~~~~~~~
Building trisc0, compile step:
/opt/tt-metal/runtime/sfpi/compiler/bin/riscv-tt-elf-g++ -O3 -std=c++17 -ftt-nttp -ftt-constinit -ftt-consteval -ftt-no-dyninit -flto=1 -flto-partition=one -ffast-math -fno-finite-math-only -fsigned-zeros -fno-associative-math -fno-exceptions -fno-rtti -fno-use-cxa-atexit -g -MMD -Wall -Werror -Wno-error=deprecated-declarations -Wno-error=multistatement-macros -Wno-error=parentheses -Wno-error=unused-but-set-variable -Wno-unused-variable -Wno-unused-function --param=min-pagesize=0 -mcpu=tt-bh-tensix -Winvalid-pch -Wno-error=invalid-pch -I. -I.. -I/opt/tt-metal/ -I/opt/tt-metal/ttnn -I/opt/tt-metal/ttnn/cpp -I/opt/tt-metal/tt_metal -I/opt/tt-metal/tt_metal/hw/inc -I/opt/tt-metal/tt_metal/tt-llk/common -I/opt/tt-metal/tt_metal/tt-llk/tools/include -I/opt/tt-metal/tt_metal/hostdevcommon/api -I/opt/tt-metal/tt_metal/api/ -I/opt/tt-metal/runtime/sfpi/include -I/opt/tt-metal/tt_metal/hw/ckernels/blackhole/metal/common -I/opt/tt-metal/tt_metal/hw/ckernels/blackhole/metal/llk_io -I/opt/tt-metal/tt_metal/hw/inc/internal/tt-1xx -I/opt/tt-metal/tt_metal/hw/inc/internal/tt-1xx/blackhole -I/opt/tt-metal/tt_metal/hw/inc/internal/tt-1xx/blackhole/blackhole_defines -I/opt/tt-metal/tt_metal/hw/inc/internal/tt-1xx/blackhole/noc -I/opt/tt-metal/tt_metal/tt-llk/tt_llk_blackhole/common/inc -I/opt/tt-metal/tt_metal/tt-llk/tt_llk_blackhole/llk_lib -I/opt/tt-metal/tt_metal/tt-llk/tt_llk_blackhole/llk_lib/hal -I/opt/tt-metal/tt_metal/hw/ckernels/blackhole/metal/llk_api -I/opt/tt-metal/tt_metal/hw/ckernels/blackhole/metal/llk_api/llk_sfpu -I/opt/tt-metal/tt_metal/hw/firmware/src/tt-1xx -I/opt/tt-metal/ttnn/cpp/ttnn/operations/eltwise/unary/device/kernels/compute -include /sp/ttcache_prof/tt-metal-cache/pch/e13a6eedc934b130/pch.h -DIS_NOT_POW2_NUM_L1_BANKS=1 -DLOG_BASE_2_OF_NUM_DRAM_BANKS=3 -DNUM_DRAM_BANKS=8 -DNUM_L1_BANKS=110 -DPCIE_NOC_X=19 -DPCIE_NOC_Y=24 -DTENSIX_FIRMWARE -DLOCAL_MEM_EN=0 -DPROFILE_KERNEL=1 -DPROFILER_FULL_HOST_BUFFER_SIZE_PER_RISC=768000 -DPROCESSOR_INDEX=2 -DUCK_CHLKC_UNPACK -DCOMPILE_FOR_TRISC=0 -DPROGRAMMABLE_CORE_TYPE=0 -DARCH_BLACKHOLE -DDISPATCH_MESSAGE_ADDR=4290184248 -DKERNEL_BUILD -DFULL_KERNEL_NAME="eltwise_sfpu/9566321434448962807/" -DKERNEL_COMPILE_TIME_ARGS=0 -c -o /sp/ttcache_prof/tt-metal-cache8908659371042919221/kernels/eltwise_sfpu/9566321434448962807/trisc0/trisck.2475656884148353978_1.o /opt/tt-metal/tt_metal/hw/firmware/src/tt-1xx/trisck.cc -MF /sp/ttcache_prof/tt-metal-cache8908659371042919221/kernels/eltwise_sfpu/9566321434448962807/trisc0/trisck.2475656884148353978_1.d
In file included from /opt/tt-metal/tt_metal/hw/ckernels/blackhole/metal/llk_io/llk_io_unpack.h:13,
                 from /opt/tt-metal/tt_metal/hw/inc/api/compute/cb_api.h:15,
                 from /opt/tt-metal/tt_metal/hw/inc/api/compute/common.h:11,
                 from /opt/tt-metal/ttnn/cpp/ttnn/operations/eltwise/unary/device/kernels/compute/eltwise_sfpu.cpp:6,
                 from ../chlkc_unpack.cpp:4,
                 from /opt/tt-metal/tt_metal/hw/ckernels/blackhole/metal/common/chlkc_list.h:26,
                 from /opt/tt-metal/tt_metal/hw/firmware/src/tt-1xx/trisck.cc:14:
/opt/tt-metal/tt_metal/hw/ckernels/blackhole/metal/llk_io/llk_io_unpack.h: In function 'void llk_wait_tiles(int, int32_t)':
/opt/tt-metal/tt_metal/tools/profiler/kernel_profiler.hpp:32:22: note: '#pragma message: CB-COMPUTE-WAIT-FRONT,/opt/tt-metal/tt_metal/hw/ckernels/blackhole/metal/llk_io/llk_io_unpack.h,19,KERNEL_PROFILER'
   32 | #define DO_PRAGMA(x) _Pragma(#x)
      |                      ^~~~~~~
/opt/tt-metal/tt_metal/tools/profiler/kernel_profiler.hpp:1052:5: note: in expansion of macro 'DO_PRAGMA'
 1052 |     DO_PRAGMA(message(PROFILER_MSG_NAME(name)));                               \
      |     ^~~~~~~~~
/opt/tt-metal/tt_metal/hw/ckernels/blackhole/metal/llk_io/llk_io_unpack.h:19:5: note: in expansion of macro 'DeviceZoneScopedSumN1'
   19 |     DeviceZoneScopedSumN1("CB-COMPUTE-WAIT-FRONT");
      |     ^~~~~~~~~~~~~~~~~~~~~
/opt/tt-metal/tt_metal/hw/firmware/src/tt-1xx/trisck.cc: In function 'uint32_t _start()':
/opt/tt-metal/tt_metal/tools/profiler/kernel_profiler.hpp:32:22: note: '#pragma message: TRISC-KERNEL,/opt/tt-metal/tt_metal/hw/firmware/src/tt-1xx/trisck.cc,89,KERNEL_PROFILER'
   32 | #define DO_PRAGMA(x) _Pragma(#x)
      |                      ^~~~~~~
/opt/tt-metal/tt_metal/tools/profiler/kernel_profiler.hpp:1047:5: note: in expansion of macro 'DO_PRAGMA'
 1047 |     DO_PRAGMA(message(PROFILER_MSG_NAME(name)));                               \
      |     ^~~~~~~~~
/opt/tt-metal/tt_metal/hw/firmware/src/tt-1xx/trisck.cc:89:5: note: in expansion of macro 'DeviceZoneScopedMainChildN'
   89 |     DeviceZoneScopedMainChildN("TRISC-KERNEL");
      |     ^~~~~~~~~~~~~~~~~~~~~~~~~~
Building trisc1, compile step:
/opt/tt-metal/runtime/sfpi/compiler/bin/riscv-tt-elf-g++ -O3 -std=c++17 -ftt-nttp -ftt-constinit -ftt-consteval -ftt-no-dyninit -flto=1 -flto-partition=one -ffast-math -fno-finite-math-only -fsigned-zeros -fno-associative-math -fno-exceptions -fno-rtti -fno-use-cxa-atexit -g -MMD -Wall -Werror -Wno-error=deprecated-declarations -Wno-error=multistatement-macros -Wno-error=parentheses -Wno-error=unused-but-set-variable -Wno-unused-variable -Wno-unused-function --param=min-pagesize=0 -mcpu=tt-bh-tensix -Winvalid-pch -Wno-error=invalid-pch -I. -I.. -I/opt/tt-metal/ -I/opt/tt-metal/ttnn -I/opt/tt-metal/ttnn/cpp -I/opt/tt-metal/tt_metal -I/opt/tt-metal/tt_metal/hw/inc -I/opt/tt-metal/tt_metal/tt-llk/common -I/opt/tt-metal/tt_metal/tt-llk/tools/include -I/opt/tt-metal/tt_metal/hostdevcommon/api -I/opt/tt-metal/tt_metal/api/ -I/opt/tt-metal/runtime/sfpi/include -I/opt/tt-metal/tt_metal/hw/ckernels/blackhole/metal/common -I/opt/tt-metal/tt_metal/hw/ckernels/blackhole/metal/llk_io -I/opt/tt-metal/tt_metal/hw/inc/internal/tt-1xx -I/opt/tt-metal/tt_metal/hw/inc/internal/tt-1xx/blackhole -I/opt/tt-metal/tt_metal/hw/inc/internal/tt-1xx/blackhole/blackhole_defines -I/opt/tt-metal/tt_metal/hw/inc/internal/tt-1xx/blackhole/noc -I/opt/tt-metal/tt_metal/tt-llk/tt_llk_blackhole/common/inc -I/opt/tt-metal/tt_metal/tt-llk/tt_llk_blackhole/llk_lib -I/opt/tt-metal/tt_metal/tt-llk/tt_llk_blackhole/llk_lib/hal -I/opt/tt-metal/tt_metal/hw/ckernels/blackhole/metal/llk_api -I/opt/tt-metal/tt_metal/hw/ckernels/blackhole/metal/llk_api/llk_sfpu -I/opt/tt-metal/tt_metal/hw/firmware/src/tt-1xx -I/opt/tt-metal/ttnn/cpp/ttnn/operations/eltwise/unary/device/kernels/compute -include /sp/ttcache_prof/tt-metal-cache/pch/e13a6eedc934b130/pch.h -DIS_NOT_POW2_NUM_L1_BANKS=1 -DLOG_BASE_2_OF_NUM_DRAM_BANKS=3 -DNUM_DRAM_BANKS=8 -DNUM_L1_BANKS=110 -DPCIE_NOC_X=19 -DPCIE_NOC_Y=24 -DTENSIX_FIRMWARE -DLOCAL_MEM_EN=0 -DPROFILE_KERNEL=1 -DPROFILER_FULL_HOST_BUFFER_SIZE_PER_RISC=768000 -DPROCESSOR_INDEX=3 -DUCK_CHLKC_MATH -DCOMPILE_FOR_TRISC=1 -DPROGRAMMABLE_CORE_TYPE=0 -DARCH_BLACKHOLE -DDISPATCH_MESSAGE_ADDR=4290184248 -DKERNEL_BUILD -DFULL_KERNEL_NAME="eltwise_sfpu/9566321434448962807/" -DKERNEL_COMPILE_TIME_ARGS=0 -c -o /sp/ttcache_prof/tt-metal-cache8908659371042919221/kernels/eltwise_sfpu/9566321434448962807/trisc1/trisck.2475656884148353978_1.o /opt/tt-metal/tt_metal/hw/firmware/src/tt-1xx/trisck.cc -MF /sp/ttcache_prof/tt-metal-cache8908659371042919221/kernels/eltwise_sfpu/9566321434448962807/trisc1/trisck.2475656884148353978_1.d
In file included from /opt/tt-metal/tt_metal/hw/firmware/src/tt-1xx/trisck.cc:16:
/opt/tt-metal/tt_metal/hw/firmware/src/tt-1xx/trisck.cc: In function 'uint32_t _start()':
/opt/tt-metal/tt_metal/tools/profiler/kernel_profiler.hpp:32:22: note: '#pragma message: TRISC-KERNEL,/opt/tt-metal/tt_metal/hw/firmware/src/tt-1xx/trisck.cc,89,KERNEL_PROFILER'
   32 | #define DO_PRAGMA(x) _Pragma(#x)
      |                      ^~~~~~~
/opt/tt-metal/tt_metal/tools/profiler/kernel_profiler.hpp:1047:5: note: in expansion of macro 'DO_PRAGMA'
 1047 |     DO_PRAGMA(message(PROFILER_MSG_NAME(name)));                               \
      |     ^~~~~~~~~
/opt/tt-metal/tt_metal/hw/firmware/src/tt-1xx/trisck.cc:89:5: note: in expansion of macro 'DeviceZoneScopedMainChildN'
   89 |     DeviceZoneScopedMainChildN("TRISC-KERNEL");
      |     ^~~~~~~~~~~~~~~~~~~~~~~~~~
Building brisc, compile step:
/opt/tt-metal/runtime/sfpi/compiler/bin/riscv-tt-elf-g++ -O2 -std=c++17 -ftt-nttp -ftt-constinit -ftt-consteval -ftt-no-dyninit -flto=1 -flto-partition=one -ffast-math -fno-finite-math-only -fsigned-zeros -fno-associative-math -fno-exceptions -fno-rtti -fno-use-cxa-atexit -g -MMD -Wall -Werror -Wno-error=deprecated-declarations -Wno-error=multistatement-macros -Wno-error=parentheses -Wno-error=unused-but-set-variable -Wno-unused-variable -Wno-unused-function --param=min-pagesize=0 -mcpu=tt-bh -fno-tree-loop-distribute-patterns -Winvalid-pch -Wno-error=invalid-pch -I. -I.. -I/opt/tt-metal/ -I/opt/tt-metal/ttnn -I/opt/tt-metal/ttnn/cpp -I/opt/tt-metal/tt_metal -I/opt/tt-metal/tt_metal/hw/inc -I/opt/tt-metal/tt_metal/tt-llk/common -I/opt/tt-metal/tt_metal/tt-llk/tools/include -I/opt/tt-metal/tt_metal/hostdevcommon/api -I/opt/tt-metal/tt_metal/api/ -I/opt/tt-metal/tt_metal/hw/ckernels/blackhole/metal/common -I/opt/tt-metal/tt_metal/hw/ckernels/blackhole/metal/llk_io -I/opt/tt-metal/tt_metal/hw/inc/internal/tt-1xx -I/opt/tt-metal/tt_metal/hw/inc/internal/tt-1xx/blackhole -I/opt/tt-metal/tt_metal/hw/inc/internal/tt-1xx/blackhole/blackhole_defines -I/opt/tt-metal/tt_metal/hw/inc/internal/tt-1xx/blackhole/noc -I/opt/tt-metal/tt_metal/tt-llk/tt_llk_blackhole/common/inc -I/opt/tt-metal/tt_metal/tt-llk/tt_llk_blackhole/llk_lib -I/opt/tt-metal/tt_metal/tt-llk/tt_llk_blackhole/llk_lib/hal -I/opt/tt-metal/tt_metal/hw/firmware/src/tt-1xx -I/opt/tt-metal/ttnn/cpp/ttnn/operations/eltwise/unary/device/kernels/dataflow -include /sp/ttcache_prof/tt-metal-cache/pch/1b9e28ac75b7aabf/pch.h -DIS_NOT_POW2_NUM_L1_BANKS=1 -DLOG_BASE_2_OF_NUM_DRAM_BANKS=3 -DNUM_DRAM_BANKS=8 -DNUM_L1_BANKS=110 -DPCIE_NOC_X=19 -DPCIE_NOC_Y=24 -DTENSIX_FIRMWARE -DLOCAL_MEM_EN=0 -DPROFILE_KERNEL=1 -DPROFILER_FULL_HOST_BUFFER_SIZE_PER_RISC=768000 -DPROCESSOR_INDEX=0 -DCOMPILE_FOR_BRISC -DPROGRAMMABLE_CORE_TYPE=0 -DARCH_BLACKHOLE -DDISPATCH_MESSAGE_ADDR=4290184248 -DKERNEL_BUILD -DNOC_INDEX=1 -DNOC_MODE=0 -DFULL_KERNEL_NAME="writer_unary_interleaved_start_id_metal2/1277327731694275163/" -DKERNEL_COMPILE_TIME_ARGS=2,4096 -c -o /sp/ttcache_prof/tt-metal-cache8908659371042919221/kernels/writer_unary_interleaved_start_id_metal2/1277327731694275163/brisc/brisck.2475656884148353978_1.o /opt/tt-metal/tt_metal/hw/firmware/src/tt-1xx/brisck.cc -MF /sp/ttcache_prof/tt-metal-cache8908659371042919221/kernels/writer_unary_interleaved_start_id_metal2/1277327731694275163/brisc/brisck.2475656884148353978_1.d
In file included from /opt/tt-metal/tt_metal/hw/inc/api/dataflow/dataflow_api.h:24,
                 from /opt/tt-metal/tt_metal/hw/inc/internal/firmware_common.h:23,
                 from /opt/tt-metal/tt_metal/hw/firmware/src/tt-1xx/brisck.cc:16:
/opt/tt-metal/tt_metal/tools/profiler/kernel_profiler.hpp: In function 'void kernel_profiler::finish_profiler(bool)':
/opt/tt-metal/tt_metal/tools/profiler/kernel_profiler.hpp:32:22: note: '#pragma message: PROFILER-NOC-FLUSH,/opt/tt-metal/tt_metal/tools/profiler/kernel_profiler.hpp,481,KERNEL_PROFILER'
   32 | #define DO_PRAGMA(x) _Pragma(#x)
      |                      ^~~~~~~
/opt/tt-metal/tt_metal/tools/profiler/kernel_profiler.hpp:42:5: note: in expansion of macro 'DO_PRAGMA'
   42 |     DO_PRAGMA(message(PROFILER_MSG_NAME(name))); \
      |     ^~~~~~~~~
/opt/tt-metal/tt_metal/tools/profiler/kernel_profiler.hpp:481:17: note: in expansion of macro 'SrcLocNameToHash'
  481 |                 SrcLocNameToHash("PROFILER-NOC-FLUSH");
      |                 ^~~~~~~~~~~~~~~~
/opt/tt-metal/tt_metal/tools/profiler/kernel_profiler.hpp:32:22: note: '#pragma message: PROFILER-DRAM-PUSH,/opt/tt-metal/tt_metal/tools/profiler/kernel_profiler.hpp,490,KERNEL_PROFILER'
   32 | #define DO_PRAGMA(x) _Pragma(#x)
      |                      ^~~~~~~
/opt/tt-metal/tt_metal/tools/profiler/kernel_profiler.hpp:42:5: note: in expansion of macro 'DO_PRAGMA'
   42 |     DO_PRAGMA(message(PROFILER_MSG_NAME(name))); \
      |     ^~~~~~~~~
/opt/tt-metal/tt_metal/tools/profiler/kernel_profiler.hpp:490:17: note: in expansion of macro 'SrcLocNameToHash'
  490 |                 SrcLocNameToHash("PROFILER-DRAM-PUSH");
      |                 ^~~~~~~~~~~~~~~~
/opt/tt-metal/tt_metal/tools/profiler/kernel_profiler.hpp: In function 'void kernel_profiler::quick_push()':
/opt/tt-metal/tt_metal/tools/profiler/kernel_profiler.hpp:32:22: note: '#pragma message: PROFILER-NOC-QUICK-PUSH,/opt/tt-metal/tt_metal/tools/profiler/kernel_profiler.hpp,633,KERNEL_PROFILER'
   32 | #define DO_PRAGMA(x) _Pragma(#x)
      |                      ^~~~~~~
/opt/tt-metal/tt_metal/tools/profiler/kernel_profiler.hpp:42:5: note: in expansion of macro 'DO_PRAGMA'
   42 |     DO_PRAGMA(message(PROFILER_MSG_NAME(name))); \
      |     ^~~~~~~~~
/opt/tt-metal/tt_metal/tools/profiler/kernel_profiler.hpp:633:5: note: in expansion of macro 'SrcLocNameToHash'
  633 |     SrcLocNameToHash("PROFILER-NOC-QUICK-PUSH");
      |     ^~~~~~~~~~~~~~~~
/opt/tt-metal/tt_metal/hw/firmware/src/tt-1xx/brisck.cc: In function 'uint32_t _start()':
/opt/tt-metal/tt_metal/tools/profiler/kernel_profiler.hpp:32:22: note: '#pragma message: BRISC-KERNEL,/opt/tt-metal/tt_metal/hw/firmware/src/tt-1xx/brisck.cc,77,KERNEL_PROFILER'
   32 | #define DO_PRAGMA(x) _Pragma(#x)
      |                      ^~~~~~~
/opt/tt-metal/tt_metal/tools/profiler/kernel_profiler.hpp:1047:5: note: in expansion of macro 'DO_PRAGMA'
 1047 |     DO_PRAGMA(message(PROFILER_MSG_NAME(name)));                               \
      |     ^~~~~~~~~
/opt/tt-metal/tt_metal/hw/firmware/src/tt-1xx/brisck.cc:77:9: note: in expansion of macro 'DeviceZoneScopedMainChildN'
   77 |         DeviceZoneScopedMainChildN("BRISC-KERNEL");
      |         ^~~~~~~~~~~~~~~~~~~~~~~~~~
Building ncrisc, compile step:
/opt/tt-metal/runtime/sfpi/compiler/bin/riscv-tt-elf-g++ -O2 -std=c++17 -ftt-nttp -ftt-constinit -ftt-consteval -ftt-no-dyninit -flto=1 -flto-partition=one -ffast-math -fno-finite-math-only -fsigned-zeros -fno-associative-math -fno-exceptions -fno-rtti -fno-use-cxa-atexit -g -MMD -Wall -Werror -Wno-error=deprecated-declarations -Wno-error=multistatement-macros -Wno-error=parentheses -Wno-error=unused-but-set-variable -Wno-unused-variable -Wno-unused-function --param=min-pagesize=0 -mcpu=tt-bh -fno-tree-loop-distribute-patterns -Winvalid-pch -Wno-error=invalid-pch -I. -I.. -I/opt/tt-metal/ -I/opt/tt-metal/ttnn -I/opt/tt-metal/ttnn/cpp -I/opt/tt-metal/tt_metal -I/opt/tt-metal/tt_metal/hw/inc -I/opt/tt-metal/tt_metal/tt-llk/common -I/opt/tt-metal/tt_metal/tt-llk/tools/include -I/opt/tt-metal/tt_metal/hostdevcommon/api -I/opt/tt-metal/tt_metal/api/ -I/opt/tt-metal/tt_metal/hw/ckernels/blackhole/metal/common -I/opt/tt-metal/tt_metal/hw/ckernels/blackhole/metal/llk_io -I/opt/tt-metal/tt_metal/hw/inc/internal/tt-1xx -I/opt/tt-metal/tt_metal/hw/inc/internal/tt-1xx/blackhole -I/opt/tt-metal/tt_metal/hw/inc/internal/tt-1xx/blackhole/blackhole_defines -I/opt/tt-metal/tt_metal/hw/inc/internal/tt-1xx/blackhole/noc -I/opt/tt-metal/tt_metal/tt-llk/tt_llk_blackhole/common/inc -I/opt/tt-metal/tt_metal/tt-llk/tt_llk_blackhole/llk_lib -I/opt/tt-metal/tt_metal/tt-llk/tt_llk_blackhole/llk_lib/hal -I/opt/tt-metal/tt_metal/hw/firmware/src/tt-1xx -I/opt/tt-metal/ttnn/cpp/ttnn/operations/data_movement/concat/device/kernels/dataflow -include /sp/ttcache_prof/tt-metal-cache/pch/1b9e28ac75b7aabf/pch.h -DIS_NOT_POW2_NUM_L1_BANKS=1 -DLOG_BASE_2_OF_NUM_DRAM_BANKS=3 -DNUM_DRAM_BANKS=8 -DNUM_L1_BANKS=110 -DPCIE_NOC_X=19 -DPCIE_NOC_Y=24 -DTENSIX_FIRMWARE -DLOCAL_MEM_EN=0 -DPROFILE_KERNEL=1 -DPROFILER_FULL_HOST_BUFFER_SIZE_PER_RISC=768000 -DPROCESSOR_INDEX=1 -DCOMPILE_FOR_NCRISC -DPROGRAMMABLE_CORE_TYPE=0 -DARCH_BLACKHOLE -DDISPATCH_MESSAGE_ADDR=4290184248 -DKERNEL_BUILD -DNOC_INDEX=0 -DNOC_MODE=0 -DFULL_KERNEL_NAME="reader_concat_interleaved_start_id/7810911265928724096/" -DKERNEL_COMPILE_TIME_ARGS=2,4096,2,4096 -c -o /sp/ttcache_prof/tt-metal-cache8908659371042919221/kernels/reader_concat_interleaved_start_id/7810911265928724096/ncrisc/ncrisck.2475656884148353978_1.o /opt/tt-metal/tt_metal/hw/firmware/src/tt-1xx/ncrisck.cc -MF /sp/ttcache_prof/tt-metal-cache8908659371042919221/kernels/reader_concat_interleaved_start_id/7810911265928724096/ncrisc/ncrisck.2475656884148353978_1.d
In file included from /opt/tt-metal/tt_metal/hw/inc/api/dataflow/dataflow_api.h:24,
                 from /opt/tt-metal/tt_metal/hw/inc/internal/firmware_common.h:23,
                 from /opt/tt-metal/tt_metal/hw/firmware/src/tt-1xx/ncrisck.cc:17:
/opt/tt-metal/tt_metal/tools/profiler/kernel_profiler.hpp: In function 'void kernel_profiler::quick_push()':
/opt/tt-metal/tt_metal/tools/profiler/kernel_profiler.hpp:32:22: note: '#pragma message: PROFILER-NOC-QUICK-PUSH,/opt/tt-metal/tt_metal/tools/profiler/kernel_profiler.hpp,633,KERNEL_PROFILER'
   32 | #define DO_PRAGMA(x) _Pragma(#x)
      |                      ^~~~~~~
/opt/tt-metal/tt_metal/tools/profiler/kernel_profiler.hpp:42:5: note: in expansion of macro 'DO_PRAGMA'
   42 |     DO_PRAGMA(message(PROFILER_MSG_NAME(name))); \
      |     ^~~~~~~~~
/opt/tt-metal/tt_metal/tools/profiler/kernel_profiler.hpp:633:5: note: in expansion of macro 'SrcLocNameToHash'
  633 |     SrcLocNameToHash("PROFILER-NOC-QUICK-PUSH");
      |     ^~~~~~~~~~~~~~~~
/opt/tt-metal/tt_metal/hw/firmware/src/tt-1xx/ncrisck.cc: In function 'uint32_t _start()':
/opt/tt-metal/tt_metal/tools/profiler/kernel_profiler.hpp:32:22: note: '#pragma message: NCRISC-KERNEL,/opt/tt-metal/tt_metal/hw/firmware/src/tt-1xx/ncrisck.cc,70,KERNEL_PROFILER'
   32 | #define DO_PRAGMA(x) _Pragma(#x)
      |                      ^~~~~~~
/opt/tt-metal/tt_metal/tools/profiler/kernel_profiler.hpp:1047:5: note: in expansion of macro 'DO_PRAGMA'
 1047 |     DO_PRAGMA(message(PROFILER_MSG_NAME(name)));                               \
      |     ^~~~~~~~~
/opt/tt-metal/tt_metal/hw/firmware/src/tt-1xx/ncrisck.cc:70:5: note: in expansion of macro 'DeviceZoneScopedMainChildN'
   70 |     DeviceZoneScopedMainChildN("NCRISC-KERNEL");
      |     ^~~~~~~~~~~~~~~~~~~~~~~~~~
Building ncrisc, compile step:
/opt/tt-metal/runtime/sfpi/compiler/bin/riscv-tt-elf-g++ -O2 -std=c++17 -ftt-nttp -ftt-constinit -ftt-consteval -ftt-no-dyninit -flto=1 -flto-partition=one -ffast-math -fno-finite-math-only -fsigned-zeros -fno-associative-math -fno-exceptions -fno-rtti -fno-use-cxa-atexit -g -MMD -Wall -Werror -Wno-error=deprecated-declarations -Wno-error=multistatement-macros -Wno-error=parentheses -Wno-error=unused-but-set-variable -Wno-unused-variable -Wno-unused-function --param=min-pagesize=0 -mcpu=tt-bh -fno-tree-loop-distribute-patterns -Winvalid-pch -Wno-error=invalid-pch -I. -I.. -I/opt/tt-metal/ -I/opt/tt-metal/ttnn -I/opt/tt-metal/ttnn/cpp -I/opt/tt-metal/tt_metal -I/opt/tt-metal/tt_metal/hw/inc -I/opt/tt-metal/tt_metal/tt-llk/common -I/opt/tt-metal/tt_metal/tt-llk/tools/include -I/opt/tt-metal/tt_metal/hostdevcommon/api -I/opt/tt-metal/tt_metal/api/ -I/opt/tt-metal/tt_metal/hw/ckernels/blackhole/metal/common -I/opt/tt-metal/tt_metal/hw/ckernels/blackhole/metal/llk_io -I/opt/tt-metal/tt_metal/hw/inc/internal/tt-1xx -I/opt/tt-metal/tt_metal/hw/inc/internal/tt-1xx/blackhole -I/opt/tt-metal/tt_metal/hw/inc/internal/tt-1xx/blackhole/blackhole_defines -I/opt/tt-metal/tt_metal/hw/inc/internal/tt-1xx/blackhole/noc -I/opt/tt-metal/tt_metal/tt-llk/tt_llk_blackhole/common/inc -I/opt/tt-metal/tt_metal/tt-llk/tt_llk_blackhole/llk_lib -I/opt/tt-metal/tt_metal/tt-llk/tt_llk_blackhole/llk_lib/hal -I/opt/tt-metal/tt_metal/hw/firmware/src/tt-1xx -I/opt/tt-metal/ttnn/cpp/ttnn/operations/eltwise/unary/device/kernels/dataflow -include /sp/ttcache_prof/tt-metal-cache/pch/1b9e28ac75b7aabf/pch.h -DIS_NOT_POW2_NUM_L1_BANKS=1 -DLOG_BASE_2_OF_NUM_DRAM_BANKS=3 -DNUM_DRAM_BANKS=8 -DNUM_L1_BANKS=110 -DPCIE_NOC_X=19 -DPCIE_NOC_Y=24 -DTENSIX_FIRMWARE -DLOCAL_MEM_EN=0 -DPROFILE_KERNEL=1 -DPROFILER_FULL_HOST_BUFFER_SIZE_PER_RISC=768000 -DPROCESSOR_INDEX=1 -DCOMPILE_FOR_NCRISC -DPROGRAMMABLE_CORE_TYPE=0 -DARCH_BLACKHOLE -DDISPATCH_MESSAGE_ADDR=4290184248 -DKERNEL_BUILD -DNOC_INDEX=0 -DNOC_MODE=0 -DFULL_KERNEL_NAME="reader_unary_interleaved_start_id_metal2/13316366889179896453/" -DKERNEL_COMPILE_TIME_ARGS=2,4096 -c -o /sp/ttcache_prof/tt-metal-cache8908659371042919221/kernels/reader_unary_interleaved_start_id_metal2/13316366889179896453/ncrisc/ncrisck.2475656884148353978_1.o /opt/tt-metal/tt_metal/hw/firmware/src/tt-1xx/ncrisck.cc -MF /sp/ttcache_prof/tt-metal-cache8908659371042919221/kernels/reader_unary_interleaved_start_id_metal2/13316366889179896453/ncrisc/ncrisck.2475656884148353978_1.d
In file included from /opt/tt-metal/tt_metal/hw/inc/api/dataflow/dataflow_api.h:24,
                 from /opt/tt-metal/tt_metal/hw/inc/internal/firmware_common.h:23,
                 from /opt/tt-metal/tt_metal/hw/firmware/src/tt-1xx/ncrisck.cc:17:
/opt/tt-metal/tt_metal/tools/profiler/kernel_profiler.hpp: In function 'void kernel_profiler::quick_push()':
/opt/tt-metal/tt_metal/tools/profiler/kernel_profiler.hpp:32:22: note: '#pragma message: PROFILER-NOC-QUICK-PUSH,/opt/tt-metal/tt_metal/tools/profiler/kernel_profiler.hpp,633,KERNEL_PROFILER'
   32 | #define DO_PRAGMA(x) _Pragma(#x)
      |                      ^~~~~~~
/opt/tt-metal/tt_metal/tools/profiler/kernel_profiler.hpp:42:5: note: in expansion of macro 'DO_PRAGMA'
   42 |     DO_PRAGMA(message(PROFILER_MSG_NAME(name))); \
      |     ^~~~~~~~~
/opt/tt-metal/tt_metal/tools/profiler/kernel_profiler.hpp:633:5: note: in expansion of macro 'SrcLocNameToHash'
  633 |     SrcLocNameToHash("PROFILER-NOC-QUICK-PUSH");
      |     ^~~~~~~~~~~~~~~~
/opt/tt-metal/tt_metal/hw/firmware/src/tt-1xx/ncrisck.cc: In function 'uint32_t _start()':
/opt/tt-metal/tt_metal/tools/profiler/kernel_profiler.hpp:32:22: note: '#pragma message: NCRISC-KERNEL,/opt/tt-metal/tt_metal/hw/firmware/src/tt-1xx/ncrisck.cc,70,KERNEL_PROFILER'
   32 | #define DO_PRAGMA(x) _Pragma(#x)
      |                      ^~~~~~~
/opt/tt-metal/tt_metal/tools/profiler/kernel_profiler.hpp:1047:5: note: in expansion of macro 'DO_PRAGMA'
 1047 |     DO_PRAGMA(message(PROFILER_MSG_NAME(name)));                               \
      |     ^~~~~~~~~
/opt/tt-metal/tt_metal/hw/firmware/src/tt-1xx/ncrisck.cc:70:5: note: in expansion of macro 'DeviceZoneScopedMainChildN'
   70 |     DeviceZoneScopedMainChildN("NCRISC-KERNEL");
      |     ^~~~~~~~~~~~~~~~~~~~~~~~~~
Building brisc, compile step:
/opt/tt-metal/runtime/sfpi/compiler/bin/riscv-tt-elf-g++ -O2 -std=c++17 -ftt-nttp -ftt-constinit -ftt-consteval -ftt-no-dyninit -flto=1 -flto-partition=one -ffast-math -fno-finite-math-only -fsigned-zeros -fno-associative-math -fno-exceptions -fno-rtti -fno-use-cxa-atexit -g -MMD -Wall -Werror -Wno-error=deprecated-declarations -Wno-error=multistatement-macros -Wno-error=parentheses -Wno-error=unused-but-set-variable -Wno-unused-variable -Wno-unused-function --param=min-pagesize=0 -mcpu=tt-bh -fno-tree-loop-distribute-patterns -Winvalid-pch -Wno-error=invalid-pch -I. -I.. -I/opt/tt-metal/ -I/opt/tt-metal/ttnn -I/opt/tt-metal/ttnn/cpp -I/opt/tt-metal/tt_metal -I/opt/tt-metal/tt_metal/hw/inc -I/opt/tt-metal/tt_metal/tt-llk/common -I/opt/tt-metal/tt_metal/tt-llk/tools/include -I/opt/tt-metal/tt_metal/hostdevcommon/api -I/opt/tt-metal/tt_metal/api/ -I/opt/tt-metal/tt_metal/hw/ckernels/blackhole/metal/common -I/opt/tt-metal/tt_metal/hw/ckernels/blackhole/metal/llk_io -I/opt/tt-metal/tt_metal/hw/inc/internal/tt-1xx -I/opt/tt-metal/tt_metal/hw/inc/internal/tt-1xx/blackhole -I/opt/tt-metal/tt_metal/hw/inc/internal/tt-1xx/blackhole/blackhole_defines -I/opt/tt-metal/tt_metal/hw/inc/internal/tt-1xx/blackhole/noc -I/opt/tt-metal/tt_metal/tt-llk/tt_llk_blackhole/common/inc -I/opt/tt-metal/tt_metal/tt-llk/tt_llk_blackhole/llk_lib -I/opt/tt-metal/tt_metal/tt-llk/tt_llk_blackhole/llk_lib/hal -I/opt/tt-metal/tt_metal/hw/firmware/src/tt-1xx -I/opt/tt-metal/ttnn/cpp/ttnn/operations/eltwise/unary/device/kernels/dataflow -include /sp/ttcache_prof/tt-metal-cache/pch/1b9e28ac75b7aabf/pch.h -DIS_NOT_POW2_NUM_L1_BANKS=1 -DLOG_BASE_2_OF_NUM_DRAM_BANKS=3 -DNUM_DRAM_BANKS=8 -DNUM_L1_BANKS=110 -DPCIE_NOC_X=19 -DPCIE_NOC_Y=24 -DTENSIX_FIRMWARE -DLOCAL_MEM_EN=0 -DPROFILE_KERNEL=1 -DPROFILER_FULL_HOST_BUFFER_SIZE_PER_RISC=768000 -DPROCESSOR_INDEX=0 -DCOMPILE_FOR_BRISC -DPROGRAMMABLE_CORE_TYPE=0 -DARCH_BLACKHOLE -DDISPATCH_MESSAGE_ADDR=4290184248 -DKERNEL_BUILD -DNOC_INDEX=1 -DNOC_MODE=0 -DFULL_KERNEL_NAME="writer_unary_interleaved_start_id_metal2/16583178303859900221/" -DKERNEL_COMPILE_TIME_ARGS=2,2048 -c -o /sp/ttcache_prof/tt-metal-cache8908659371042919221/kernels/writer_unary_interleaved_start_id_metal2/16583178303859900221/brisc/brisck.2475656884148353978_1.o /opt/tt-metal/tt_metal/hw/firmware/src/tt-1xx/brisck.cc -MF /sp/ttcache_prof/tt-metal-cache8908659371042919221/kernels/writer_unary_interleaved_start_id_metal2/16583178303859900221/brisc/brisck.2475656884148353978_1.d
In file included from /opt/tt-metal/tt_metal/hw/inc/api/dataflow/dataflow_api.h:24,
                 from /opt/tt-metal/tt_metal/hw/inc/internal/firmware_common.h:23,
                 from /opt/tt-metal/tt_metal/hw/firmware/src/tt-1xx/brisck.cc:16:
/opt/tt-metal/tt_metal/tools/profiler/kernel_profiler.hpp: In function 'void kernel_profiler::finish_profiler(bool)':
/opt/tt-metal/tt_metal/tools/profiler/kernel_profiler.hpp:32:22: note: '#pragma message: PROFILER-NOC-FLUSH,/opt/tt-metal/tt_metal/tools/profiler/kernel_profiler.hpp,481,KERNEL_PROFILER'
   32 | #define DO_PRAGMA(x) _Pragma(#x)
      |                      ^~~~~~~
/opt/tt-metal/tt_metal/tools/profiler/kernel_profiler.hpp:42:5: note: in expansion of macro 'DO_PRAGMA'
   42 |     DO_PRAGMA(message(PROFILER_MSG_NAME(name))); \
      |     ^~~~~~~~~
/opt/tt-metal/tt_metal/tools/profiler/kernel_profiler.hpp:481:17: note: in expansion of macro 'SrcLocNameToHash'
  481 |                 SrcLocNameToHash("PROFILER-NOC-FLUSH");
      |                 ^~~~~~~~~~~~~~~~
/opt/tt-metal/tt_metal/tools/profiler/kernel_profiler.hpp:32:22: note: '#pragma message: PROFILER-DRAM-PUSH,/opt/tt-metal/tt_metal/tools/profiler/kernel_profiler.hpp,490,KERNEL_PROFILER'
   32 | #define DO_PRAGMA(x) _Pragma(#x)
      |                      ^~~~~~~
/opt/tt-metal/tt_metal/tools/profiler/kernel_profiler.hpp:42:5: note: in expansion of macro 'DO_PRAGMA'
   42 |     DO_PRAGMA(message(PROFILER_MSG_NAME(name))); \
      |     ^~~~~~~~~
/opt/tt-metal/tt_metal/tools/profiler/kernel_profiler.hpp:490:17: note: in expansion of macro 'SrcLocNameToHash'
  490 |                 SrcLocNameToHash("PROFILER-DRAM-PUSH");
      |                 ^~~~~~~~~~~~~~~~
/opt/tt-metal/tt_metal/tools/profiler/kernel_profiler.hpp: In function 'void kernel_profiler::quick_push()':
/opt/tt-metal/tt_metal/tools/profiler/kernel_profiler.hpp:32:22: note: '#pragma message: PROFILER-NOC-QUICK-PUSH,/opt/tt-metal/tt_metal/tools/profiler/kernel_profiler.hpp,633,KERNEL_PROFILER'
   32 | #define DO_PRAGMA(x) _Pragma(#x)
      |                      ^~~~~~~
/opt/tt-metal/tt_metal/tools/profiler/kernel_profiler.hpp:42:5: note: in expansion of macro 'DO_PRAGMA'
   42 |     DO_PRAGMA(message(PROFILER_MSG_NAME(name))); \
      |     ^~~~~~~~~
/opt/tt-metal/tt_metal/tools/profiler/kernel_profiler.hpp:633:5: note: in expansion of macro 'SrcLocNameToHash'
  633 |     SrcLocNameToHash("PROFILER-NOC-QUICK-PUSH");
      |     ^~~~~~~~~~~~~~~~
/opt/tt-metal/tt_metal/hw/firmware/src/tt-1xx/brisck.cc: In function 'uint32_t _start()':
/opt/tt-metal/tt_metal/tools/profiler/kernel_profiler.hpp:32:22: note: '#pragma message: BRISC-KERNEL,/opt/tt-metal/tt_metal/hw/firmware/src/tt-1xx/brisck.cc,77,KERNEL_PROFILER'
   32 | #define DO_PRAGMA(x) _Pragma(#x)
      |                      ^~~~~~~
/opt/tt-metal/tt_metal/tools/profiler/kernel_profiler.hpp:1047:5: note: in expansion of macro 'DO_PRAGMA'
 1047 |     DO_PRAGMA(message(PROFILER_MSG_NAME(name)));                               \
      |     ^~~~~~~~~
/opt/tt-metal/tt_metal/hw/firmware/src/tt-1xx/brisck.cc:77:9: note: in expansion of macro 'DeviceZoneScopedMainChildN'
   77 |         DeviceZoneScopedMainChildN("BRISC-KERNEL");
      |         ^~~~~~~~~~~~~~~~~~~~~~~~~~
Building trisc0, compile step:
/opt/tt-metal/runtime/sfpi/compiler/bin/riscv-tt-elf-g++ -O3 -std=c++17 -ftt-nttp -ftt-constinit -ftt-consteval -ftt-no-dyninit -flto=1 -flto-partition=one -ffast-math -fno-finite-math-only -fsigned-zeros -fno-associative-math -fno-exceptions -fno-rtti -fno-use-cxa-atexit -g -MMD -Wall -Werror -Wno-error=deprecated-declarations -Wno-error=multistatement-macros -Wno-error=parentheses -Wno-error=unused-but-set-variable -Wno-unused-variable -Wno-unused-function --param=min-pagesize=0 -mcpu=tt-bh-tensix -Winvalid-pch -Wno-error=invalid-pch -I. -I.. -I/opt/tt-metal/ -I/opt/tt-metal/ttnn -I/opt/tt-metal/ttnn/cpp -I/opt/tt-metal/tt_metal -I/opt/tt-metal/tt_metal/hw/inc -I/opt/tt-metal/tt_metal/tt-llk/common -I/opt/tt-metal/tt_metal/tt-llk/tools/include -I/opt/tt-metal/tt_metal/hostdevcommon/api -I/opt/tt-metal/tt_metal/api/ -I/opt/tt-metal/runtime/sfpi/include -I/opt/tt-metal/tt_metal/hw/ckernels/blackhole/metal/common -I/opt/tt-metal/tt_metal/hw/ckernels/blackhole/metal/llk_io -I/opt/tt-metal/tt_metal/hw/inc/internal/tt-1xx -I/opt/tt-metal/tt_metal/hw/inc/internal/tt-1xx/blackhole -I/opt/tt-metal/tt_metal/hw/inc/internal/tt-1xx/blackhole/blackhole_defines -I/opt/tt-metal/tt_metal/hw/inc/internal/tt-1xx/blackhole/noc -I/opt/tt-metal/tt_metal/tt-llk/tt_llk_blackhole/common/inc -I/opt/tt-metal/tt_metal/tt-llk/tt_llk_blackhole/llk_lib -I/opt/tt-metal/tt_metal/tt-llk/tt_llk_blackhole/llk_lib/hal -I/opt/tt-metal/tt_metal/hw/ckernels/blackhole/metal/llk_api -I/opt/tt-metal/tt_metal/hw/ckernels/blackhole/metal/llk_api/llk_sfpu -I/opt/tt-metal/tt_metal/hw/firmware/src/tt-1xx -I/opt/tt-metal/ttnn/cpp/ttnn/operations/copy/typecast/device/kernels/compute -include /sp/ttcache_prof/tt-metal-cache/pch/e13a6eedc934b130/pch.h -DIS_NOT_POW2_NUM_L1_BANKS=1 -DLOG_BASE_2_OF_NUM_DRAM_BANKS=3 -DNUM_DRAM_BANKS=8 -DNUM_L1_BANKS=110 -DPCIE_NOC_X=19 -DPCIE_NOC_Y=24 -DTENSIX_FIRMWARE -DLOCAL_MEM_EN=0 -DPROFILE_KERNEL=1 -DPROFILER_FULL_HOST_BUFFER_SIZE_PER_RISC=768000 -DPROCESSOR_INDEX=2 -DUCK_CHLKC_UNPACK -DCOMPILE_FOR_TRISC=0 -DPROGRAMMABLE_CORE_TYPE=0 -DARCH_BLACKHOLE -DDISPATCH_MESSAGE_ADDR=4290184248 -DKERNEL_BUILD -DFULL_KERNEL_NAME="eltwise_typecast/16555559048367810826/" -include named_ct_arg_map_generated.h -c -o /sp/ttcache_prof/tt-metal-cache8908659371042919221/kernels/eltwise_typecast/16555559048367810826/trisc0/trisck.2475656884148353978_1.o /opt/tt-metal/tt_metal/hw/firmware/src/tt-1xx/trisck.cc -MF /sp/ttcache_prof/tt-metal-cache8908659371042919221/kernels/eltwise_typecast/16555559048367810826/trisc0/trisck.2475656884148353978_1.d
In file included from /opt/tt-metal/tt_metal/hw/ckernels/blackhole/metal/llk_io/llk_io_unpack.h:13,
                 from /opt/tt-metal/tt_metal/hw/inc/internal/tt-1xx/dataflow_buffer.inl:18,
                 from /opt/tt-metal/tt_metal/hw/inc/api/dataflow/dataflow_buffer.h:523,
                 from ../kernel_bindings_generated.h:6,
                 from ../chlkc_unpack.cpp:2,
                 from /opt/tt-metal/tt_metal/hw/ckernels/blackhole/metal/common/chlkc_list.h:26,
                 from /opt/tt-metal/tt_metal/hw/firmware/src/tt-1xx/trisck.cc:14:
/opt/tt-metal/tt_metal/hw/ckernels/blackhole/metal/llk_io/llk_io_unpack.h: In function 'void llk_wait_tiles(int, int32_t)':
/opt/tt-metal/tt_metal/tools/profiler/kernel_profiler.hpp:32:22: note: '#pragma message: CB-COMPUTE-WAIT-FRONT,/opt/tt-metal/tt_metal/hw/ckernels/blackhole/metal/llk_io/llk_io_unpack.h,19,KERNEL_PROFILER'
   32 | #define DO_PRAGMA(x) _Pragma(#x)
      |                      ^~~~~~~
/opt/tt-metal/tt_metal/tools/profiler/kernel_profiler.hpp:1052:5: note: in expansion of macro 'DO_PRAGMA'
 1052 |     DO_PRAGMA(message(PROFILER_MSG_NAME(name)));                               \
      |     ^~~~~~~~~
/opt/tt-metal/tt_metal/hw/ckernels/blackhole/metal/llk_io/llk_io_unpack.h:19:5: note: in expansion of macro 'DeviceZoneScopedSumN1'
   19 |     DeviceZoneScopedSumN1("CB-COMPUTE-WAIT-FRONT");
      |     ^~~~~~~~~~~~~~~~~~~~~
/opt/tt-metal/tt_metal/hw/firmware/src/tt-1xx/trisck.cc: In function 'uint32_t _start()':
/opt/tt-metal/tt_metal/tools/profiler/kernel_profiler.hpp:32:22: note: '#pragma message: TRISC-KERNEL,/opt/tt-metal/tt_metal/hw/firmware/src/tt-1xx/trisck.cc,89,KERNEL_PROFILER'
   32 | #define DO_PRAGMA(x) _Pragma(#x)
      |                      ^~~~~~~
/opt/tt-metal/tt_metal/tools/profiler/kernel_profiler.hpp:1047:5: note: in expansion of macro 'DO_PRAGMA'
 1047 |     DO_PRAGMA(message(PROFILER_MSG_NAME(name)));                               \
      |     ^~~~~~~~~
/opt/tt-metal/tt_metal/hw/firmware/src/tt-1xx/trisck.cc:89:5: note: in expansion of macro 'DeviceZoneScopedMainChildN'
   89 |     DeviceZoneScopedMainChildN("TRISC-KERNEL");
      |     ^~~~~~~~~~~~~~~~~~~~~~~~~~
Building trisc0, compile step:
/opt/tt-metal/runtime/sfpi/compiler/bin/riscv-tt-elf-g++ -O3 -std=c++17 -ftt-nttp -ftt-constinit -ftt-consteval -ftt-no-dyninit -flto=1 -flto-partition=one -ffast-math -fno-finite-math-only -fsigned-zeros -fno-associative-math -fno-exceptions -fno-rtti -fno-use-cxa-atexit -g -MMD -Wall -Werror -Wno-error=deprecated-declarations -Wno-error=multistatement-macros -Wno-error=parentheses -Wno-error=unused-but-set-variable -Wno-unused-variable -Wno-unused-function --param=min-pagesize=0 -mcpu=tt-bh-tensix -Winvalid-pch -Wno-error=invalid-pch -I. -I.. -I/opt/tt-metal/ -I/opt/tt-metal/ttnn -I/opt/tt-metal/ttnn/cpp -I/opt/tt-metal/tt_metal -I/opt/tt-metal/tt_metal/hw/inc -I/opt/tt-metal/tt_metal/tt-llk/common -I/opt/tt-metal/tt_metal/tt-llk/tools/include -I/opt/tt-metal/tt_metal/hostdevcommon/api -I/opt/tt-metal/tt_metal/api/ -I/opt/tt-metal/runtime/sfpi/include -I/opt/tt-metal/tt_metal/hw/ckernels/blackhole/metal/common -I/opt/tt-metal/tt_metal/hw/ckernels/blackhole/metal/llk_io -I/opt/tt-metal/tt_metal/hw/inc/internal/tt-1xx -I/opt/tt-metal/tt_metal/hw/inc/internal/tt-1xx/blackhole -I/opt/tt-metal/tt_metal/hw/inc/internal/tt-1xx/blackhole/blackhole_defines -I/opt/tt-metal/tt_metal/hw/inc/internal/tt-1xx/blackhole/noc -I/opt/tt-metal/tt_metal/tt-llk/tt_llk_blackhole/common/inc -I/opt/tt-metal/tt_metal/tt-llk/tt_llk_blackhole/llk_lib -I/opt/tt-metal/tt_metal/tt-llk/tt_llk_blackhole/llk_lib/hal -I/opt/tt-metal/tt_metal/hw/ckernels/blackhole/metal/llk_api -I/opt/tt-metal/tt_metal/hw/ckernels/blackhole/metal/llk_api/llk_sfpu -I/opt/tt-metal/tt_metal/hw/firmware/src/tt-1xx -I/opt/tt-metal/ttnn/cpp/ttnn/operations/copy/typecast/device/kernels/compute -include /sp/ttcache_prof/tt-metal-cache/pch/e13a6eedc934b130/pch.h -DIS_NOT_POW2_NUM_L1_BANKS=1 -DLOG_BASE_2_OF_NUM_DRAM_BANKS=3 -DNUM_DRAM_BANKS=8 -DNUM_L1_BANKS=110 -DPCIE_NOC_X=19 -DPCIE_NOC_Y=24 -DTENSIX_FIRMWARE -DLOCAL_MEM_EN=0 -DPROFILE_KERNEL=1 -DPROFILER_FULL_HOST_BUFFER_SIZE_PER_RISC=768000 -DPROCESSOR_INDEX=2 -DUCK_CHLKC_UNPACK -DCOMPILE_FOR_TRISC=0 -DPROGRAMMABLE_CORE_TYPE=0 -DARCH_BLACKHOLE -DDISPATCH_MESSAGE_ADDR=4290184248 -DKERNEL_BUILD -DFULL_KERNEL_NAME="eltwise_typecast/11689626873727277443/" -include named_ct_arg_map_generated.h -c -o /sp/ttcache_prof/tt-metal-cache8908659371042919221/kernels/eltwise_typecast/11689626873727277443/trisc0/trisck.2475656884148353978_1.o /opt/tt-metal/tt_metal/hw/firmware/src/tt-1xx/trisck.cc -MF /sp/ttcache_prof/tt-metal-cache8908659371042919221/kernels/eltwise_typecast/11689626873727277443/trisc0/trisck.2475656884148353978_1.d
In file included from /opt/tt-metal/tt_metal/hw/ckernels/blackhole/metal/llk_io/llk_io_unpack.h:13,
                 from /opt/tt-metal/tt_metal/hw/inc/internal/tt-1xx/dataflow_buffer.inl:18,
                 from /opt/tt-metal/tt_metal/hw/inc/api/dataflow/dataflow_buffer.h:523,
                 from ../kernel_bindings_generated.h:6,
                 from ../chlkc_unpack.cpp:2,
                 from /opt/tt-metal/tt_metal/hw/ckernels/blackhole/metal/common/chlkc_list.h:26,
                 from /opt/tt-metal/tt_metal/hw/firmware/src/tt-1xx/trisck.cc:14:
/opt/tt-metal/tt_metal/hw/ckernels/blackhole/metal/llk_io/llk_io_unpack.h: In function 'void llk_wait_tiles(int, int32_t)':
/opt/tt-metal/tt_metal/tools/profiler/kernel_profiler.hpp:32:22: note: '#pragma message: CB-COMPUTE-WAIT-FRONT,/opt/tt-metal/tt_metal/hw/ckernels/blackhole/metal/llk_io/llk_io_unpack.h,19,KERNEL_PROFILER'
   32 | #define DO_PRAGMA(x) _Pragma(#x)
      |                      ^~~~~~~
/opt/tt-metal/tt_metal/tools/profiler/kernel_profiler.hpp:1052:5: note: in expansion of macro 'DO_PRAGMA'
 1052 |     DO_PRAGMA(message(PROFILER_MSG_NAME(name)));                               \
      |     ^~~~~~~~~
/opt/tt-metal/tt_metal/hw/ckernels/blackhole/metal/llk_io/llk_io_unpack.h:19:5: note: in expansion of macro 'DeviceZoneScopedSumN1'
   19 |     DeviceZoneScopedSumN1("CB-COMPUTE-WAIT-FRONT");
      |     ^~~~~~~~~~~~~~~~~~~~~
/opt/tt-metal/tt_metal/hw/firmware/src/tt-1xx/trisck.cc: In function 'uint32_t _start()':
/opt/tt-metal/tt_metal/tools/profiler/kernel_profiler.hpp:32:22: note: '#pragma message: TRISC-KERNEL,/opt/tt-metal/tt_metal/hw/firmware/src/tt-1xx/trisck.cc,89,KERNEL_PROFILER'
   32 | #define DO_PRAGMA(x) _Pragma(#x)
      |                      ^~~~~~~
/opt/tt-metal/tt_metal/tools/profiler/kernel_profiler.hpp:1047:5: note: in expansion of macro 'DO_PRAGMA'
 1047 |     DO_PRAGMA(message(PROFILER_MSG_NAME(name)));                               \
      |     ^~~~~~~~~
/opt/tt-metal/tt_metal/hw/firmware/src/tt-1xx/trisck.cc:89:5: note: in expansion of macro 'DeviceZoneScopedMainChildN'
   89 |     DeviceZoneScopedMainChildN("TRISC-KERNEL");
      |     ^~~~~~~~~~~~~~~~~~~~~~~~~~
Building trisc2, compile step:
/opt/tt-metal/runtime/sfpi/compiler/bin/riscv-tt-elf-g++ -O3 -std=c++17 -ftt-nttp -ftt-constinit -ftt-consteval -ftt-no-dyninit -flto=1 -flto-partition=one -ffast-math -fno-finite-math-only -fsigned-zeros -fno-associative-math -fno-exceptions -fno-rtti -fno-use-cxa-atexit -g -MMD -Wall -Werror -Wno-error=deprecated-declarations -Wno-error=multistatement-macros -Wno-error=parentheses -Wno-error=unused-but-set-variable -Wno-unused-variable -Wno-unused-function --param=min-pagesize=0 -mcpu=tt-bh-tensix -Winvalid-pch -Wno-error=invalid-pch -I. -I.. -I/opt/tt-metal/ -I/opt/tt-metal/ttnn -I/opt/tt-metal/ttnn/cpp -I/opt/tt-metal/tt_metal -I/opt/tt-metal/tt_metal/hw/inc -I/opt/tt-metal/tt_metal/tt-llk/common -I/opt/tt-metal/tt_metal/tt-llk/tools/include -I/opt/tt-metal/tt_metal/hostdevcommon/api -I/opt/tt-metal/tt_metal/api/ -I/opt/tt-metal/runtime/sfpi/include -I/opt/tt-metal/tt_metal/hw/ckernels/blackhole/metal/common -I/opt/tt-metal/tt_metal/hw/ckernels/blackhole/metal/llk_io -I/opt/tt-metal/tt_metal/hw/inc/internal/tt-1xx -I/opt/tt-metal/tt_metal/hw/inc/internal/tt-1xx/blackhole -I/opt/tt-metal/tt_metal/hw/inc/internal/tt-1xx/blackhole/blackhole_defines -I/opt/tt-metal/tt_metal/hw/inc/internal/tt-1xx/blackhole/noc -I/opt/tt-metal/tt_metal/tt-llk/tt_llk_blackhole/common/inc -I/opt/tt-metal/tt_metal/tt-llk/tt_llk_blackhole/llk_lib -I/opt/tt-metal/tt_metal/tt-llk/tt_llk_blackhole/llk_lib/hal -I/opt/tt-metal/tt_metal/hw/ckernels/blackhole/metal/llk_api -I/opt/tt-metal/tt_metal/hw/ckernels/blackhole/metal/llk_api/llk_sfpu -I/opt/tt-metal/tt_metal/hw/firmware/src/tt-1xx -I/opt/tt-metal/ttnn/cpp/ttnn/operations/copy/typecast/device/kernels/compute -include /sp/ttcache_prof/tt-metal-cache/pch/e13a6eedc934b130/pch.h -DIS_NOT_POW2_NUM_L1_BANKS=1 -DLOG_BASE_2_OF_NUM_DRAM_BANKS=3 -DNUM_DRAM_BANKS=8 -DNUM_L1_BANKS=110 -DPCIE_NOC_X=19 -DPCIE_NOC_Y=24 -DTENSIX_FIRMWARE -DLOCAL_MEM_EN=0 -DPROFILE_KERNEL=1 -DPROFILER_FULL_HOST_BUFFER_SIZE_PER_RISC=768000 -DPROCESSOR_INDEX=4 -DUCK_CHLKC_PACK -DCOMPILE_FOR_TRISC=2 -DPROGRAMMABLE_CORE_TYPE=0 -DARCH_BLACKHOLE -DDISPATCH_MESSAGE_ADDR=4290184248 -DKERNEL_BUILD -DFULL_KERNEL_NAME="eltwise_typecast/11689626873727277443/" -include named_ct_arg_map_generated.h -c -o /sp/ttcache_prof/tt-metal-cache8908659371042919221/kernels/eltwise_typecast/11689626873727277443/trisc2/trisck.2475656884148353978_1.o /opt/tt-metal/tt_metal/hw/firmware/src/tt-1xx/trisck.cc -MF /sp/ttcache_prof/tt-metal-cache8908659371042919221/kernels/eltwise_typecast/11689626873727277443/trisc2/trisck.2475656884148353978_1.d
In file included from /opt/tt-metal/tt_metal/hw/ckernels/blackhole/metal/llk_io/llk_io_pack.h:14,
                 from /opt/tt-metal/tt_metal/hw/inc/internal/tt-1xx/dataflow_buffer.inl:15,
                 from /opt/tt-metal/tt_metal/hw/inc/api/dataflow/dataflow_buffer.h:523,
                 from ../kernel_bindings_generated.h:6,
                 from ../chlkc_pack.cpp:2,
                 from /opt/tt-metal/tt_metal/hw/ckernels/blackhole/metal/common/chlkc_list.h:21,
                 from /opt/tt-metal/tt_metal/hw/firmware/src/tt-1xx/trisck.cc:14:
/opt/tt-metal/tt_metal/hw/ckernels/blackhole/metal/llk_io/llk_io_pack.h: In function 'void llk_wait_for_free_tiles(int32_t, int32_t)':
/opt/tt-metal/tt_metal/tools/profiler/kernel_profiler.hpp:32:22: note: '#pragma message: CB-COMPUTE-RESERVE-BACK,/opt/tt-metal/tt_metal/hw/ckernels/blackhole/metal/llk_io/llk_io_pack.h,21,KERNEL_PROFILER'
   32 | #define DO_PRAGMA(x) _Pragma(#x)
      |                      ^~~~~~~
/opt/tt-metal/tt_metal/tools/profiler/kernel_profiler.hpp:1057:5: note: in expansion of macro 'DO_PRAGMA'
 1057 |     DO_PRAGMA(message(PROFILER_MSG_NAME(name)));                               \
      |     ^~~~~~~~~
/opt/tt-metal/tt_metal/hw/ckernels/blackhole/metal/llk_io/llk_io_pack.h:21:5: note: in expansion of macro 'DeviceZoneScopedSumN2'
   21 |     DeviceZoneScopedSumN2("CB-COMPUTE-RESERVE-BACK");
      |     ^~~~~~~~~~~~~~~~~~~~~
/opt/tt-metal/tt_metal/hw/firmware/src/tt-1xx/trisck.cc: In function 'uint32_t _start()':
/opt/tt-metal/tt_metal/tools/profiler/kernel_profiler.hpp:32:22: note: '#pragma message: TRISC-KERNEL,/opt/tt-metal/tt_metal/hw/firmware/src/tt-1xx/trisck.cc,89,KERNEL_PROFILER'
   32 | #define DO_PRAGMA(x) _Pragma(#x)
      |                      ^~~~~~~
/opt/tt-metal/tt_metal/tools/profiler/kernel_profiler.hpp:1047:5: note: in expansion of macro 'DO_PRAGMA'
 1047 |     DO_PRAGMA(message(PROFILER_MSG_NAME(name)));                               \
      |     ^~~~~~~~~
/opt/tt-metal/tt_metal/hw/firmware/src/tt-1xx/trisck.cc:89:5: note: in expansion of macro 'DeviceZoneScopedMainChildN'
   89 |     DeviceZoneScopedMainChildN("TRISC-KERNEL");
      |     ^~~~~~~~~~~~~~~~~~~~~~~~~~
Building trisc2, compile step:
/opt/tt-metal/runtime/sfpi/compiler/bin/riscv-tt-elf-g++ -O3 -std=c++17 -ftt-nttp -ftt-constinit -ftt-consteval -ftt-no-dyninit -flto=1 -flto-partition=one -ffast-math -fno-finite-math-only -fsigned-zeros -fno-associative-math -fno-exceptions -fno-rtti -fno-use-cxa-atexit -g -MMD -Wall -Werror -Wno-error=deprecated-declarations -Wno-error=multistatement-macros -Wno-error=parentheses -Wno-error=unused-but-set-variable -Wno-unused-variable -Wno-unused-function --param=min-pagesize=0 -mcpu=tt-bh-tensix -Winvalid-pch -Wno-error=invalid-pch -I. -I.. -I/opt/tt-metal/ -I/opt/tt-metal/ttnn -I/opt/tt-metal/ttnn/cpp -I/opt/tt-metal/tt_metal -I/opt/tt-metal/tt_metal/hw/inc -I/opt/tt-metal/tt_metal/tt-llk/common -I/opt/tt-metal/tt_metal/tt-llk/tools/include -I/opt/tt-metal/tt_metal/hostdevcommon/api -I/opt/tt-metal/tt_metal/api/ -I/opt/tt-metal/runtime/sfpi/include -I/opt/tt-metal/tt_metal/hw/ckernels/blackhole/metal/common -I/opt/tt-metal/tt_metal/hw/ckernels/blackhole/metal/llk_io -I/opt/tt-metal/tt_metal/hw/inc/internal/tt-1xx -I/opt/tt-metal/tt_metal/hw/inc/internal/tt-1xx/blackhole -I/opt/tt-metal/tt_metal/hw/inc/internal/tt-1xx/blackhole/blackhole_defines -I/opt/tt-metal/tt_metal/hw/inc/internal/tt-1xx/blackhole/noc -I/opt/tt-metal/tt_metal/tt-llk/tt_llk_blackhole/common/inc -I/opt/tt-metal/tt_metal/tt-llk/tt_llk_blackhole/llk_lib -I/opt/tt-metal/tt_metal/tt-llk/tt_llk_blackhole/llk_lib/hal -I/opt/tt-metal/tt_metal/hw/ckernels/blackhole/metal/llk_api -I/opt/tt-metal/tt_metal/hw/ckernels/blackhole/metal/llk_api/llk_sfpu -I/opt/tt-metal/tt_metal/hw/firmware/src/tt-1xx -I/opt/tt-metal/ttnn/cpp/ttnn/operations/copy/typecast/device/kernels/compute -include /sp/ttcache_prof/tt-metal-cache/pch/e13a6eedc934b130/pch.h -DIS_NOT_POW2_NUM_L1_BANKS=1 -DLOG_BASE_2_OF_NUM_DRAM_BANKS=3 -DNUM_DRAM_BANKS=8 -DNUM_L1_BANKS=110 -DPCIE_NOC_X=19 -DPCIE_NOC_Y=24 -DTENSIX_FIRMWARE -DLOCAL_MEM_EN=0 -DPROFILE_KERNEL=1 -DPROFILER_FULL_HOST_BUFFER_SIZE_PER_RISC=768000 -DPROCESSOR_INDEX=4 -DUCK_CHLKC_PACK -DCOMPILE_FOR_TRISC=2 -DPROGRAMMABLE_CORE_TYPE=0 -DARCH_BLACKHOLE -DDISPATCH_MESSAGE_ADDR=4290184248 -DKERNEL_BUILD -DFULL_KERNEL_NAME="eltwise_typecast/16555559048367810826/" -include named_ct_arg_map_generated.h -c -o /sp/ttcache_prof/tt-metal-cache8908659371042919221/kernels/eltwise_typecast/16555559048367810826/trisc2/trisck.2475656884148353978_1.o /opt/tt-metal/tt_metal/hw/firmware/src/tt-1xx/trisck.cc -MF /sp/ttcache_prof/tt-metal-cache8908659371042919221/kernels/eltwise_typecast/16555559048367810826/trisc2/trisck.2475656884148353978_1.d
In file included from /opt/tt-metal/tt_metal/hw/ckernels/blackhole/metal/llk_io/llk_io_pack.h:14,
                 from /opt/tt-metal/tt_metal/hw/inc/internal/tt-1xx/dataflow_buffer.inl:15,
                 from /opt/tt-metal/tt_metal/hw/inc/api/dataflow/dataflow_buffer.h:523,
                 from ../kernel_bindings_generated.h:6,
                 from ../chlkc_pack.cpp:2,
                 from /opt/tt-metal/tt_metal/hw/ckernels/blackhole/metal/common/chlkc_list.h:21,
                 from /opt/tt-metal/tt_metal/hw/firmware/src/tt-1xx/trisck.cc:14:
/opt/tt-metal/tt_metal/hw/ckernels/blackhole/metal/llk_io/llk_io_pack.h: In function 'void llk_wait_for_free_tiles(int32_t, int32_t)':
/opt/tt-metal/tt_metal/tools/profiler/kernel_profiler.hpp:32:22: note: '#pragma message: CB-COMPUTE-RESERVE-BACK,/opt/tt-metal/tt_metal/hw/ckernels/blackhole/metal/llk_io/llk_io_pack.h,21,KERNEL_PROFILER'
   32 | #define DO_PRAGMA(x) _Pragma(#x)
      |                      ^~~~~~~
/opt/tt-metal/tt_metal/tools/profiler/kernel_profiler.hpp:1057:5: note: in expansion of macro 'DO_PRAGMA'
 1057 |     DO_PRAGMA(message(PROFILER_MSG_NAME(name)));                               \
      |     ^~~~~~~~~
/opt/tt-metal/tt_metal/hw/ckernels/blackhole/metal/llk_io/llk_io_pack.h:21:5: note: in expansion of macro 'DeviceZoneScopedSumN2'
   21 |     DeviceZoneScopedSumN2("CB-COMPUTE-RESERVE-BACK");
      |     ^~~~~~~~~~~~~~~~~~~~~
/opt/tt-metal/tt_metal/hw/firmware/src/tt-1xx/trisck.cc: In function 'uint32_t _start()':
/opt/tt-metal/tt_metal/tools/profiler/kernel_profiler.hpp:32:22: note: '#pragma message: TRISC-KERNEL,/opt/tt-metal/tt_metal/hw/firmware/src/tt-1xx/trisck.cc,89,KERNEL_PROFILER'
   32 | #define DO_PRAGMA(x) _Pragma(#x)
      |                      ^~~~~~~
/opt/tt-metal/tt_metal/tools/profiler/kernel_profiler.hpp:1047:5: note: in expansion of macro 'DO_PRAGMA'
 1047 |     DO_PRAGMA(message(PROFILER_MSG_NAME(name)));                               \
      |     ^~~~~~~~~
/opt/tt-metal/tt_metal/hw/firmware/src/tt-1xx/trisck.cc:89:5: note: in expansion of macro 'DeviceZoneScopedMainChildN'
   89 |     DeviceZoneScopedMainChildN("TRISC-KERNEL");
      |     ^~~~~~~~~~~~~~~~~~~~~~~~~~
Building trisc1, compile step:
/opt/tt-metal/runtime/sfpi/compiler/bin/riscv-tt-elf-g++ -O3 -std=c++17 -ftt-nttp -ftt-constinit -ftt-consteval -ftt-no-dyninit -flto=1 -flto-partition=one -ffast-math -fno-finite-math-only -fsigned-zeros -fno-associative-math -fno-exceptions -fno-rtti -fno-use-cxa-atexit -g -MMD -Wall -Werror -Wno-error=deprecated-declarations -Wno-error=multistatement-macros -Wno-error=parentheses -Wno-error=unused-but-set-variable -Wno-unused-variable -Wno-unused-function --param=min-pagesize=0 -mcpu=tt-bh-tensix -Winvalid-pch -Wno-error=invalid-pch -I. -I.. -I/opt/tt-metal/ -I/opt/tt-metal/ttnn -I/opt/tt-metal/ttnn/cpp -I/opt/tt-metal/tt_metal -I/opt/tt-metal/tt_metal/hw/inc -I/opt/tt-metal/tt_metal/tt-llk/common -I/opt/tt-metal/tt_metal/tt-llk/tools/include -I/opt/tt-metal/tt_metal/hostdevcommon/api -I/opt/tt-metal/tt_metal/api/ -I/opt/tt-metal/runtime/sfpi/include -I/opt/tt-metal/tt_metal/hw/ckernels/blackhole/metal/common -I/opt/tt-metal/tt_metal/hw/ckernels/blackhole/metal/llk_io -I/opt/tt-metal/tt_metal/hw/inc/internal/tt-1xx -I/opt/tt-metal/tt_metal/hw/inc/internal/tt-1xx/blackhole -I/opt/tt-metal/tt_metal/hw/inc/internal/tt-1xx/blackhole/blackhole_defines -I/opt/tt-metal/tt_metal/hw/inc/internal/tt-1xx/blackhole/noc -I/opt/tt-metal/tt_metal/tt-llk/tt_llk_blackhole/common/inc -I/opt/tt-metal/tt_metal/tt-llk/tt_llk_blackhole/llk_lib -I/opt/tt-metal/tt_metal/tt-llk/tt_llk_blackhole/llk_lib/hal -I/opt/tt-metal/tt_metal/hw/ckernels/blackhole/metal/llk_api -I/opt/tt-metal/tt_metal/hw/ckernels/blackhole/metal/llk_api/llk_sfpu -I/opt/tt-metal/tt_metal/hw/firmware/src/tt-1xx -I/opt/tt-metal/ttnn/cpp/ttnn/operations/copy/typecast/device/kernels/compute -include /sp/ttcache_prof/tt-metal-cache/pch/e13a6eedc934b130/pch.h -DIS_NOT_POW2_NUM_L1_BANKS=1 -DLOG_BASE_2_OF_NUM_DRAM_BANKS=3 -DNUM_DRAM_BANKS=8 -DNUM_L1_BANKS=110 -DPCIE_NOC_X=19 -DPCIE_NOC_Y=24 -DTENSIX_FIRMWARE -DLOCAL_MEM_EN=0 -DPROFILE_KERNEL=1 -DPROFILER_FULL_HOST_BUFFER_SIZE_PER_RISC=768000 -DPROCESSOR_INDEX=3 -DUCK_CHLKC_MATH -DCOMPILE_FOR_TRISC=1 -DPROGRAMMABLE_CORE_TYPE=0 -DARCH_BLACKHOLE -DDISPATCH_MESSAGE_ADDR=4290184248 -DKERNEL_BUILD -DFULL_KERNEL_NAME="eltwise_typecast/16555559048367810826/" -include named_ct_arg_map_generated.h -c -o /sp/ttcache_prof/tt-metal-cache8908659371042919221/kernels/eltwise_typecast/16555559048367810826/trisc1/trisck.2475656884148353978_1.o /opt/tt-metal/tt_metal/hw/firmware/src/tt-1xx/trisck.cc -MF /sp/ttcache_prof/tt-metal-cache8908659371042919221/kernels/eltwise_typecast/16555559048367810826/trisc1/trisck.2475656884148353978_1.d
In file included from /opt/tt-metal/tt_metal/hw/firmware/src/tt-1xx/trisck.cc:16:
/opt/tt-metal/tt_metal/hw/firmware/src/tt-1xx/trisck.cc: In function 'uint32_t _start()':
/opt/tt-metal/tt_metal/tools/profiler/kernel_profiler.hpp:32:22: note: '#pragma message: TRISC-KERNEL,/opt/tt-metal/tt_metal/hw/firmware/src/tt-1xx/trisck.cc,89,KERNEL_PROFILER'
   32 | #define DO_PRAGMA(x) _Pragma(#x)
      |                      ^~~~~~~
/opt/tt-metal/tt_metal/tools/profiler/kernel_profiler.hpp:1047:5: note: in expansion of macro 'DO_PRAGMA'
 1047 |     DO_PRAGMA(message(PROFILER_MSG_NAME(name)));                               \
      |     ^~~~~~~~~
/opt/tt-metal/tt_metal/hw/firmware/src/tt-1xx/trisck.cc:89:5: note: in expansion of macro 'DeviceZoneScopedMainChildN'
   89 |     DeviceZoneScopedMainChildN("TRISC-KERNEL");
      |     ^~~~~~~~~~~~~~~~~~~~~~~~~~
Building trisc1, compile step:
/opt/tt-metal/runtime/sfpi/compiler/bin/riscv-tt-elf-g++ -O3 -std=c++17 -ftt-nttp -ftt-constinit -ftt-consteval -ftt-no-dyninit -flto=1 -flto-partition=one -ffast-math -fno-finite-math-only -fsigned-zeros -fno-associative-math -fno-exceptions -fno-rtti -fno-use-cxa-atexit -g -MMD -Wall -Werror -Wno-error=deprecated-declarations -Wno-error=multistatement-macros -Wno-error=parentheses -Wno-error=unused-but-set-variable -Wno-unused-variable -Wno-unused-function --param=min-pagesize=0 -mcpu=tt-bh-tensix -Winvalid-pch -Wno-error=invalid-pch -I. -I.. -I/opt/tt-metal/ -I/opt/tt-metal/ttnn -I/opt/tt-metal/ttnn/cpp -I/opt/tt-metal/tt_metal -I/opt/tt-metal/tt_metal/hw/inc -I/opt/tt-metal/tt_metal/tt-llk/common -I/opt/tt-metal/tt_metal/tt-llk/tools/include -I/opt/tt-metal/tt_metal/hostdevcommon/api -I/opt/tt-metal/tt_metal/api/ -I/opt/tt-metal/runtime/sfpi/include -I/opt/tt-metal/tt_metal/hw/ckernels/blackhole/metal/common -I/opt/tt-metal/tt_metal/hw/ckernels/blackhole/metal/llk_io -I/opt/tt-metal/tt_metal/hw/inc/internal/tt-1xx -I/opt/tt-metal/tt_metal/hw/inc/internal/tt-1xx/blackhole -I/opt/tt-metal/tt_metal/hw/inc/internal/tt-1xx/blackhole/blackhole_defines -I/opt/tt-metal/tt_metal/hw/inc/internal/tt-1xx/blackhole/noc -I/opt/tt-metal/tt_metal/tt-llk/tt_llk_blackhole/common/inc -I/opt/tt-metal/tt_metal/tt-llk/tt_llk_blackhole/llk_lib -I/opt/tt-metal/tt_metal/tt-llk/tt_llk_blackhole/llk_lib/hal -I/opt/tt-metal/tt_metal/hw/ckernels/blackhole/metal/llk_api -I/opt/tt-metal/tt_metal/hw/ckernels/blackhole/metal/llk_api/llk_sfpu -I/opt/tt-metal/tt_metal/hw/firmware/src/tt-1xx -I/opt/tt-metal/ttnn/cpp/ttnn/operations/copy/typecast/device/kernels/compute -include /sp/ttcache_prof/tt-metal-cache/pch/e13a6eedc934b130/pch.h -DIS_NOT_POW2_NUM_L1_BANKS=1 -DLOG_BASE_2_OF_NUM_DRAM_BANKS=3 -DNUM_DRAM_BANKS=8 -DNUM_L1_BANKS=110 -DPCIE_NOC_X=19 -DPCIE_NOC_Y=24 -DTENSIX_FIRMWARE -DLOCAL_MEM_EN=0 -DPROFILE_KERNEL=1 -DPROFILER_FULL_HOST_BUFFER_SIZE_PER_RISC=768000 -DPROCESSOR_INDEX=3 -DUCK_CHLKC_MATH -DCOMPILE_FOR_TRISC=1 -DPROGRAMMABLE_CORE_TYPE=0 -DARCH_BLACKHOLE -DDISPATCH_MESSAGE_ADDR=4290184248 -DKERNEL_BUILD -DFULL_KERNEL_NAME="eltwise_typecast/11689626873727277443/" -include named_ct_arg_map_generated.h -c -o /sp/ttcache_prof/tt-metal-cache8908659371042919221/kernels/eltwise_typecast/11689626873727277443/trisc1/trisck.2475656884148353978_1.o /opt/tt-metal/tt_metal/hw/firmware/src/tt-1xx/trisck.cc -MF /sp/ttcache_prof/tt-metal-cache8908659371042919221/kernels/eltwise_typecast/11689626873727277443/trisc1/trisck.2475656884148353978_1.d
In file included from /opt/tt-metal/tt_metal/hw/firmware/src/tt-1xx/trisck.cc:16:
/opt/tt-metal/tt_metal/hw/firmware/src/tt-1xx/trisck.cc: In function 'uint32_t _start()':
/opt/tt-metal/tt_metal/tools/profiler/kernel_profiler.hpp:32:22: note: '#pragma message: TRISC-KERNEL,/opt/tt-metal/tt_metal/hw/firmware/src/tt-1xx/trisck.cc,89,KERNEL_PROFILER'
   32 | #define DO_PRAGMA(x) _Pragma(#x)
      |                      ^~~~~~~
/opt/tt-metal/tt_metal/tools/profiler/kernel_profiler.hpp:1047:5: note: in expansion of macro 'DO_PRAGMA'
 1047 |     DO_PRAGMA(message(PROFILER_MSG_NAME(name)));                               \
      |     ^~~~~~~~~
/opt/tt-metal/tt_metal/hw/firmware/src/tt-1xx/trisck.cc:89:5: note: in expansion of macro 'DeviceZoneScopedMainChildN'
   89 |     DeviceZoneScopedMainChildN("TRISC-KERNEL");
      |     ^~~~~~~~~~~~~~~~~~~~~~~~~~
Building ncrisc, compile step:
/opt/tt-metal/runtime/sfpi/compiler/bin/riscv-tt-elf-g++ -O2 -std=c++17 -ftt-nttp -ftt-constinit -ftt-consteval -ftt-no-dyninit -flto=1 -flto-partition=one -ffast-math -fno-finite-math-only -fsigned-zeros -fno-associative-math -fno-exceptions -fno-rtti -fno-use-cxa-atexit -g -MMD -Wall -Werror -Wno-error=deprecated-declarations -Wno-error=multistatement-macros -Wno-error=parentheses -Wno-error=unused-but-set-variable -Wno-unused-variable -Wno-unused-function --param=min-pagesize=0 -mcpu=tt-bh -fno-tree-loop-distribute-patterns -Winvalid-pch -Wno-error=invalid-pch -I. -I.. -I/opt/tt-metal/ -I/opt/tt-metal/ttnn -I/opt/tt-metal/ttnn/cpp -I/opt/tt-metal/tt_metal -I/opt/tt-metal/tt_metal/hw/inc -I/opt/tt-metal/tt_metal/tt-llk/common -I/opt/tt-metal/tt_metal/tt-llk/tools/include -I/opt/tt-metal/tt_metal/hostdevcommon/api -I/opt/tt-metal/tt_metal/api/ -I/opt/tt-metal/tt_metal/hw/ckernels/blackhole/metal/common -I/opt/tt-metal/tt_metal/hw/ckernels/blackhole/metal/llk_io -I/opt/tt-metal/tt_metal/hw/inc/internal/tt-1xx -I/opt/tt-metal/tt_metal/hw/inc/internal/tt-1xx/blackhole -I/opt/tt-metal/tt_metal/hw/inc/internal/tt-1xx/blackhole/blackhole_defines -I/opt/tt-metal/tt_metal/hw/inc/internal/tt-1xx/blackhole/noc -I/opt/tt-metal/tt_metal/tt-llk/tt_llk_blackhole/common/inc -I/opt/tt-metal/tt_metal/tt-llk/tt_llk_blackhole/llk_lib -I/opt/tt-metal/tt_metal/tt-llk/tt_llk_blackhole/llk_lib/hal -I/opt/tt-metal/tt_metal/hw/firmware/src/tt-1xx -I/opt/tt-metal/models/experimental/pi0/tt/megakernel/kernels_p2 -include /sp/ttcache_prof/tt-metal-cache/pch/1b9e28ac75b7aabf/pch.h -DIS_NOT_POW2_NUM_L1_BANKS=1 -DLOG_BASE_2_OF_NUM_DRAM_BANKS=3 -DNUM_DRAM_BANKS=8 -DNUM_L1_BANKS=110 -DPCIE_NOC_X=19 -DPCIE_NOC_Y=24 -DTENSIX_FIRMWARE -DLOCAL_MEM_EN=0 -DPROFILE_KERNEL=1 -DPROFILER_FULL_HOST_BUFFER_SIZE_PER_RISC=768000 -DPROCESSOR_INDEX=1 -DCOMPILE_FOR_NCRISC -DPROGRAMMABLE_CORE_TYPE=0 -DARCH_BLACKHOLE -DDISPATCH_MESSAGE_ADDR=4290184248 -DKERNEL_BUILD -DMK_FID8_HIFI2=1 -DPE_ATT_FID=3 -DPE_ATT_FLAT=2 -DPE_CT0=19 -DPE_MM_FID=3 -DPE_NO_EXPERT=1 -DNOC_INDEX=0 -DNOC_MODE=0 -DFULL_KERNEL_NAME="whole_ncrisc/10073103097680635056/" -DKERNEL_COMPILE_TIME_ARGS=2,18,4,5,897988541,0,1088,2,2048,0,2048,0,2048,0,2048,2,2048,2,2048,18,17,6,1,32,897988541,897988541,1110770931,955776,2,4,110,2,4096,0,1088 -c -o /sp/ttcache_prof/tt-metal-cache8908659371042919221/kernels/whole_ncrisc/10073103097680635056/ncrisc/ncrisck.2475656884148353978_1.o /opt/tt-metal/tt_metal/hw/firmware/src/tt-1xx/ncrisck.cc -MF /sp/ttcache_prof/tt-metal-cache8908659371042919221/kernels/whole_ncrisc/10073103097680635056/ncrisc/ncrisck.2475656884148353978_1.d
In file included from /opt/tt-metal/tt_metal/hw/inc/api/dataflow/dataflow_api.h:24,
                 from /opt/tt-metal/tt_metal/hw/inc/internal/firmware_common.h:23,
                 from /opt/tt-metal/tt_metal/hw/firmware/src/tt-1xx/ncrisck.cc:17:
/opt/tt-metal/tt_metal/tools/profiler/kernel_profiler.hpp: In function 'void kernel_profiler::quick_push()':
/opt/tt-metal/tt_metal/tools/profiler/kernel_profiler.hpp:32:22: note: '#pragma message: PROFILER-NOC-QUICK-PUSH,/opt/tt-metal/tt_metal/tools/profiler/kernel_profiler.hpp,633,KERNEL_PROFILER'
   32 | #define DO_PRAGMA(x) _Pragma(#x)
      |                      ^~~~~~~
/opt/tt-metal/tt_metal/tools/profiler/kernel_profiler.hpp:42:5: note: in expansion of macro 'DO_PRAGMA'
   42 |     DO_PRAGMA(message(PROFILER_MSG_NAME(name))); \
      |     ^~~~~~~~~
/opt/tt-metal/tt_metal/tools/profiler/kernel_profiler.hpp:633:5: note: in expansion of macro 'SrcLocNameToHash'
  633 |     SrcLocNameToHash("PROFILER-NOC-QUICK-PUSH");
      |     ^~~~~~~~~~~~~~~~
/opt/tt-metal/tt_metal/hw/firmware/src/tt-1xx/ncrisck.cc: In function 'uint32_t _start()':
/opt/tt-metal/tt_metal/tools/profiler/kernel_profiler.hpp:32:22: note: '#pragma message: NCRISC-KERNEL,/opt/tt-metal/tt_metal/hw/firmware/src/tt-1xx/ncrisck.cc,70,KERNEL_PROFILER'
   32 | #define DO_PRAGMA(x) _Pragma(#x)
      |                      ^~~~~~~
/opt/tt-metal/tt_metal/tools/profiler/kernel_profiler.hpp:1047:5: note: in expansion of macro 'DO_PRAGMA'
 1047 |     DO_PRAGMA(message(PROFILER_MSG_NAME(name)));                               \
      |     ^~~~~~~~~
/opt/tt-metal/tt_metal/hw/firmware/src/tt-1xx/ncrisck.cc:70:5: note: in expansion of macro 'DeviceZoneScopedMainChildN'
   70 |     DeviceZoneScopedMainChildN("NCRISC-KERNEL");
      |     ^~~~~~~~~~~~~~~~~~~~~~~~~~
Building brisc, compile step:
/opt/tt-metal/runtime/sfpi/compiler/bin/riscv-tt-elf-g++ -O2 -std=c++17 -ftt-nttp -ftt-constinit -ftt-consteval -ftt-no-dyninit -flto=1 -flto-partition=one -ffast-math -fno-finite-math-only -fsigned-zeros -fno-associative-math -fno-exceptions -fno-rtti -fno-use-cxa-atexit -g -MMD -Wall -Werror -Wno-error=deprecated-declarations -Wno-error=multistatement-macros -Wno-error=parentheses -Wno-error=unused-but-set-variable -Wno-unused-variable -Wno-unused-function --param=min-pagesize=0 -mcpu=tt-bh -fno-tree-loop-distribute-patterns -Winvalid-pch -Wno-error=invalid-pch -I. -I.. -I/opt/tt-metal/ -I/opt/tt-metal/ttnn -I/opt/tt-metal/ttnn/cpp -I/opt/tt-metal/tt_metal -I/opt/tt-metal/tt_metal/hw/inc -I/opt/tt-metal/tt_metal/tt-llk/common -I/opt/tt-metal/tt_metal/tt-llk/tools/include -I/opt/tt-metal/tt_metal/hostdevcommon/api -I/opt/tt-metal/tt_metal/api/ -I/opt/tt-metal/tt_metal/hw/ckernels/blackhole/metal/common -I/opt/tt-metal/tt_metal/hw/ckernels/blackhole/metal/llk_io -I/opt/tt-metal/tt_metal/hw/inc/internal/tt-1xx -I/opt/tt-metal/tt_metal/hw/inc/internal/tt-1xx/blackhole -I/opt/tt-metal/tt_metal/hw/inc/internal/tt-1xx/blackhole/blackhole_defines -I/opt/tt-metal/tt_metal/hw/inc/internal/tt-1xx/blackhole/noc -I/opt/tt-metal/tt_metal/tt-llk/tt_llk_blackhole/common/inc -I/opt/tt-metal/tt_metal/tt-llk/tt_llk_blackhole/llk_lib -I/opt/tt-metal/tt_metal/tt-llk/tt_llk_blackhole/llk_lib/hal -I/opt/tt-metal/tt_metal/hw/firmware/src/tt-1xx -I/opt/tt-metal/models/experimental/pi0/tt/megakernel/kernels_p2 -include /sp/ttcache_prof/tt-metal-cache/pch/1b9e28ac75b7aabf/pch.h -DIS_NOT_POW2_NUM_L1_BANKS=1 -DLOG_BASE_2_OF_NUM_DRAM_BANKS=3 -DNUM_DRAM_BANKS=8 -DNUM_L1_BANKS=110 -DPCIE_NOC_X=19 -DPCIE_NOC_Y=24 -DTENSIX_FIRMWARE -DLOCAL_MEM_EN=0 -DPROFILE_KERNEL=1 -DPROFILER_FULL_HOST_BUFFER_SIZE_PER_RISC=768000 -DPROCESSOR_INDEX=0 -DCOMPILE_FOR_BRISC -DPROGRAMMABLE_CORE_TYPE=0 -DARCH_BLACKHOLE -DDISPATCH_MESSAGE_ADDR=4290184248 -DKERNEL_BUILD -DMK_FID8_HIFI2=1 -DPE_ATT_FID=3 -DPE_ATT_FLAT=2 -DPE_CT0=19 -DPE_MM_FID=3 -DPE_NO_EXPERT=1 -DNOC_INDEX=1 -DNOC_MODE=0 -DFULL_KERNEL_NAME="whole_brisc/8069762701389802389/" -DKERNEL_COMPILE_TIME_ARGS=2,18,4,5,897988541,0,1088,2,2048,0,2048,0,2048,0,2048,2,2048,2,2048,18,17,6,1,32,897988541,897988541,1110770931,955776,2,4,110,2,4096,0,1088 -c -o /sp/ttcache_prof/tt-metal-cache8908659371042919221/kernels/whole_brisc/8069762701389802389/brisc/brisck.2475656884148353978_1.o /opt/tt-metal/tt_metal/hw/firmware/src/tt-1xx/brisck.cc -MF /sp/ttcache_prof/tt-metal-cache8908659371042919221/kernels/whole_brisc/8069762701389802389/brisc/brisck.2475656884148353978_1.d
In file included from /opt/tt-metal/tt_metal/hw/inc/api/dataflow/dataflow_api.h:24,
                 from /opt/tt-metal/tt_metal/hw/inc/internal/firmware_common.h:23,
                 from /opt/tt-metal/tt_metal/hw/firmware/src/tt-1xx/brisck.cc:16:
/opt/tt-metal/tt_metal/tools/profiler/kernel_profiler.hpp: In function 'void kernel_profiler::finish_profiler(bool)':
/opt/tt-metal/tt_metal/tools/profiler/kernel_profiler.hpp:32:22: note: '#pragma message: PROFILER-NOC-FLUSH,/opt/tt-metal/tt_metal/tools/profiler/kernel_profiler.hpp,481,KERNEL_PROFILER'
   32 | #define DO_PRAGMA(x) _Pragma(#x)
      |                      ^~~~~~~
/opt/tt-metal/tt_metal/tools/profiler/kernel_profiler.hpp:42:5: note: in expansion of macro 'DO_PRAGMA'
   42 |     DO_PRAGMA(message(PROFILER_MSG_NAME(name))); \
      |     ^~~~~~~~~
/opt/tt-metal/tt_metal/tools/profiler/kernel_profiler.hpp:481:17: note: in expansion of macro 'SrcLocNameToHash'
  481 |                 SrcLocNameToHash("PROFILER-NOC-FLUSH");
      |                 ^~~~~~~~~~~~~~~~
/opt/tt-metal/tt_metal/tools/profiler/kernel_profiler.hpp:32:22: note: '#pragma message: PROFILER-DRAM-PUSH,/opt/tt-metal/tt_metal/tools/profiler/kernel_profiler.hpp,490,KERNEL_PROFILER'
   32 | #define DO_PRAGMA(x) _Pragma(#x)
      |                      ^~~~~~~
/opt/tt-metal/tt_metal/tools/profiler/kernel_profiler.hpp:42:5: note: in expansion of macro 'DO_PRAGMA'
   42 |     DO_PRAGMA(message(PROFILER_MSG_NAME(name))); \
      |     ^~~~~~~~~
/opt/tt-metal/tt_metal/tools/profiler/kernel_profiler.hpp:490:17: note: in expansion of macro 'SrcLocNameToHash'
  490 |                 SrcLocNameToHash("PROFILER-DRAM-PUSH");
      |                 ^~~~~~~~~~~~~~~~
/opt/tt-metal/tt_metal/tools/profiler/kernel_profiler.hpp: In function 'void kernel_profiler::quick_push()':
/opt/tt-metal/tt_metal/tools/profiler/kernel_profiler.hpp:32:22: note: '#pragma message: PROFILER-NOC-QUICK-PUSH,/opt/tt-metal/tt_metal/tools/profiler/kernel_profiler.hpp,633,KERNEL_PROFILER'
   32 | #define DO_PRAGMA(x) _Pragma(#x)
      |                      ^~~~~~~
/opt/tt-metal/tt_metal/tools/profiler/kernel_profiler.hpp:42:5: note: in expansion of macro 'DO_PRAGMA'
   42 |     DO_PRAGMA(message(PROFILER_MSG_NAME(name))); \
      |     ^~~~~~~~~
/opt/tt-metal/tt_metal/tools/profiler/kernel_profiler.hpp:633:5: note: in expansion of macro 'SrcLocNameToHash'
  633 |     SrcLocNameToHash("PROFILER-NOC-QUICK-PUSH");
      |     ^~~~~~~~~~~~~~~~
/opt/tt-metal/tt_metal/hw/firmware/src/tt-1xx/brisck.cc: In function 'uint32_t _start()':
/opt/tt-metal/tt_metal/tools/profiler/kernel_profiler.hpp:32:22: note: '#pragma message: BRISC-KERNEL,/opt/tt-metal/tt_metal/hw/firmware/src/tt-1xx/brisck.cc,77,KERNEL_PROFILER'
   32 | #define DO_PRAGMA(x) _Pragma(#x)
      |                      ^~~~~~~
/opt/tt-metal/tt_metal/tools/profiler/kernel_profiler.hpp:1047:5: note: in expansion of macro 'DO_PRAGMA'
 1047 |     DO_PRAGMA(message(PROFILER_MSG_NAME(name)));                               \
      |     ^~~~~~~~~
/opt/tt-metal/tt_metal/hw/firmware/src/tt-1xx/brisck.cc:77:9: note: in expansion of macro 'DeviceZoneScopedMainChildN'
   77 |         DeviceZoneScopedMainChildN("BRISC-KERNEL");
      |         ^~~~~~~~~~~~~~~~~~~~~~~~~~
Building trisc0, compile step:
/opt/tt-metal/runtime/sfpi/compiler/bin/riscv-tt-elf-g++ -O3 -std=c++17 -ftt-nttp -ftt-constinit -ftt-consteval -ftt-no-dyninit -flto=1 -flto-partition=one -ffast-math -fno-finite-math-only -fsigned-zeros -fno-associative-math -fno-exceptions -fno-rtti -fno-use-cxa-atexit -g -MMD -Wall -Werror -Wno-error=deprecated-declarations -Wno-error=multistatement-macros -Wno-error=parentheses -Wno-error=unused-but-set-variable -Wno-unused-variable -Wno-unused-function --param=min-pagesize=0 -mcpu=tt-bh-tensix -Winvalid-pch -Wno-error=invalid-pch -I. -I.. -I/opt/tt-metal/ -I/opt/tt-metal/ttnn -I/opt/tt-metal/ttnn/cpp -I/opt/tt-metal/tt_metal -I/opt/tt-metal/tt_metal/hw/inc -I/opt/tt-metal/tt_metal/tt-llk/common -I/opt/tt-metal/tt_metal/tt-llk/tools/include -I/opt/tt-metal/tt_metal/hostdevcommon/api -I/opt/tt-metal/tt_metal/api/ -I/opt/tt-metal/runtime/sfpi/include -I/opt/tt-metal/tt_metal/hw/ckernels/blackhole/metal/common -I/opt/tt-metal/tt_metal/hw/ckernels/blackhole/metal/llk_io -I/opt/tt-metal/tt_metal/hw/inc/internal/tt-1xx -I/opt/tt-metal/tt_metal/hw/inc/internal/tt-1xx/blackhole -I/opt/tt-metal/tt_metal/hw/inc/internal/tt-1xx/blackhole/blackhole_defines -I/opt/tt-metal/tt_metal/hw/inc/internal/tt-1xx/blackhole/noc -I/opt/tt-metal/tt_metal/tt-llk/tt_llk_blackhole/common/inc -I/opt/tt-metal/tt_metal/tt-llk/tt_llk_blackhole/llk_lib -I/opt/tt-metal/tt_metal/tt-llk/tt_llk_blackhole/llk_lib/hal -I/opt/tt-metal/tt_metal/hw/ckernels/blackhole/metal/llk_api -I/opt/tt-metal/tt_metal/hw/ckernels/blackhole/metal/llk_api/llk_sfpu -I/opt/tt-metal/tt_metal/hw/firmware/src/tt-1xx -I/opt/tt-metal/models/experimental/pi0/tt/megakernel/kernels_p2 -include /sp/ttcache_prof/tt-metal-cache/pch/e13a6eedc934b130/pch.h -DIS_NOT_POW2_NUM_L1_BANKS=1 -DLOG_BASE_2_OF_NUM_DRAM_BANKS=3 -DNUM_DRAM_BANKS=8 -DNUM_L1_BANKS=110 -DPCIE_NOC_X=19 -DPCIE_NOC_Y=24 -DTENSIX_FIRMWARE -DLOCAL_MEM_EN=0 -DPROFILE_KERNEL=1 -DPROFILER_FULL_HOST_BUFFER_SIZE_PER_RISC=768000 -DPROCESSOR_INDEX=2 -DUCK_CHLKC_UNPACK -DCOMPILE_FOR_TRISC=0 -DPROGRAMMABLE_CORE_TYPE=0 -DARCH_BLACKHOLE -DDISPATCH_MESSAGE_ADDR=4290184248 -DKERNEL_BUILD -DFULL_KERNEL_NAME="whole_trisc/10538810469920993660/" -DKERNEL_COMPILE_TIME_ARGS=2,18,4,5,897988541,0,1088,2,2048,0,2048,0,2048,0,2048,2,2048,2,2048,18,17,6,1,32,897988541,897988541,1110770931,955776,2,4,110,2,4096,0,1088 -c -o /sp/ttcache_prof/tt-metal-cache8908659371042919221/kernels/whole_trisc/10538810469920993660/trisc0/trisck.2475656884148353978_1.o /opt/tt-metal/tt_metal/hw/firmware/src/tt-1xx/trisck.cc -MF /sp/ttcache_prof/tt-metal-cache8908659371042919221/kernels/whole_trisc/10538810469920993660/trisc0/trisck.2475656884148353978_1.d
In file included from /opt/tt-metal/tt_metal/hw/ckernels/blackhole/metal/llk_io/llk_io_unpack.h:13,
                 from /opt/tt-metal/tt_metal/hw/inc/api/compute/compute_kernel_api.h:98,
                 from /opt/tt-metal/models/experimental/pi0/tt/megakernel/kernels_p2/../kernels/mk_trisc.cpp:22,
                 from /opt/tt-metal/models/experimental/pi0/tt/megakernel/kernels_p2/whole_trisc.cpp:12,
                 from ../chlkc_unpack.cpp:4,
                 from /opt/tt-metal/tt_metal/hw/ckernels/blackhole/metal/common/chlkc_list.h:26,
                 from /opt/tt-metal/tt_metal/hw/firmware/src/tt-1xx/trisck.cc:14:
/opt/tt-metal/tt_metal/hw/ckernels/blackhole/metal/llk_io/llk_io_unpack.h: In function 'void llk_wait_tiles(int, int32_t)':
/opt/tt-metal/tt_metal/tools/profiler/kernel_profiler.hpp:32:22: note: '#pragma message: CB-COMPUTE-WAIT-FRONT,/opt/tt-metal/tt_metal/hw/ckernels/blackhole/metal/llk_io/llk_io_unpack.h,19,KERNEL_PROFILER'
   32 | #define DO_PRAGMA(x) _Pragma(#x)
      |                      ^~~~~~~
/opt/tt-metal/tt_metal/tools/profiler/kernel_profiler.hpp:1052:5: note: in expansion of macro 'DO_PRAGMA'
 1052 |     DO_PRAGMA(message(PROFILER_MSG_NAME(name)));                               \
      |     ^~~~~~~~~
/opt/tt-metal/tt_metal/hw/ckernels/blackhole/metal/llk_io/llk_io_unpack.h:19:5: note: in expansion of macro 'DeviceZoneScopedSumN1'
   19 |     DeviceZoneScopedSumN1("CB-COMPUTE-WAIT-FRONT");
      |     ^~~~~~~~~~~~~~~~~~~~~
/opt/tt-metal/tt_metal/hw/firmware/src/tt-1xx/trisck.cc: In function 'uint32_t _start()':
/opt/tt-metal/tt_metal/tools/profiler/kernel_profiler.hpp:32:22: note: '#pragma message: TRISC-KERNEL,/opt/tt-metal/tt_metal/hw/firmware/src/tt-1xx/trisck.cc,89,KERNEL_PROFILER'
   32 | #define DO_PRAGMA(x) _Pragma(#x)
      |                      ^~~~~~~
/opt/tt-metal/tt_metal/tools/profiler/kernel_profiler.hpp:1047:5: note: in expansion of macro 'DO_PRAGMA'
 1047 |     DO_PRAGMA(message(PROFILER_MSG_NAME(name)));                               \
      |     ^~~~~~~~~
/opt/tt-metal/tt_metal/hw/firmware/src/tt-1xx/trisck.cc:89:5: note: in expansion of macro 'DeviceZoneScopedMainChildN'
   89 |     DeviceZoneScopedMainChildN("TRISC-KERNEL");
      |     ^~~~~~~~~~~~~~~~~~~~~~~~~~
Building trisc2, compile step:
/opt/tt-metal/runtime/sfpi/compiler/bin/riscv-tt-elf-g++ -O3 -std=c++17 -ftt-nttp -ftt-constinit -ftt-consteval -ftt-no-dyninit -flto=1 -flto-partition=one -ffast-math -fno-finite-math-only -fsigned-zeros -fno-associative-math -fno-exceptions -fno-rtti -fno-use-cxa-atexit -g -MMD -Wall -Werror -Wno-error=deprecated-declarations -Wno-error=multistatement-macros -Wno-error=parentheses -Wno-error=unused-but-set-variable -Wno-unused-variable -Wno-unused-function --param=min-pagesize=0 -mcpu=tt-bh-tensix -Winvalid-pch -Wno-error=invalid-pch -I. -I.. -I/opt/tt-metal/ -I/opt/tt-metal/ttnn -I/opt/tt-metal/ttnn/cpp -I/opt/tt-metal/tt_metal -I/opt/tt-metal/tt_metal/hw/inc -I/opt/tt-metal/tt_metal/tt-llk/common -I/opt/tt-metal/tt_metal/tt-llk/tools/include -I/opt/tt-metal/tt_metal/hostdevcommon/api -I/opt/tt-metal/tt_metal/api/ -I/opt/tt-metal/runtime/sfpi/include -I/opt/tt-metal/tt_metal/hw/ckernels/blackhole/metal/common -I/opt/tt-metal/tt_metal/hw/ckernels/blackhole/metal/llk_io -I/opt/tt-metal/tt_metal/hw/inc/internal/tt-1xx -I/opt/tt-metal/tt_metal/hw/inc/internal/tt-1xx/blackhole -I/opt/tt-metal/tt_metal/hw/inc/internal/tt-1xx/blackhole/blackhole_defines -I/opt/tt-metal/tt_metal/hw/inc/internal/tt-1xx/blackhole/noc -I/opt/tt-metal/tt_metal/tt-llk/tt_llk_blackhole/common/inc -I/opt/tt-metal/tt_metal/tt-llk/tt_llk_blackhole/llk_lib -I/opt/tt-metal/tt_metal/tt-llk/tt_llk_blackhole/llk_lib/hal -I/opt/tt-metal/tt_metal/hw/ckernels/blackhole/metal/llk_api -I/opt/tt-metal/tt_metal/hw/ckernels/blackhole/metal/llk_api/llk_sfpu -I/opt/tt-metal/tt_metal/hw/firmware/src/tt-1xx -I/opt/tt-metal/models/experimental/pi0/tt/megakernel/kernels_p2 -include /sp/ttcache_prof/tt-metal-cache/pch/e13a6eedc934b130/pch.h -DIS_NOT_POW2_NUM_L1_BANKS=1 -DLOG_BASE_2_OF_NUM_DRAM_BANKS=3 -DNUM_DRAM_BANKS=8 -DNUM_L1_BANKS=110 -DPCIE_NOC_X=19 -DPCIE_NOC_Y=24 -DTENSIX_FIRMWARE -DLOCAL_MEM_EN=0 -DPROFILE_KERNEL=1 -DPROFILER_FULL_HOST_BUFFER_SIZE_PER_RISC=768000 -DPROCESSOR_INDEX=4 -DUCK_CHLKC_PACK -DCOMPILE_FOR_TRISC=2 -DPROGRAMMABLE_CORE_TYPE=0 -DARCH_BLACKHOLE -DDISPATCH_MESSAGE_ADDR=4290184248 -DKERNEL_BUILD -DFULL_KERNEL_NAME="whole_trisc/10538810469920993660/" -DKERNEL_COMPILE_TIME_ARGS=2,18,4,5,897988541,0,1088,2,2048,0,2048,0,2048,0,2048,2,2048,2,2048,18,17,6,1,32,897988541,897988541,1110770931,955776,2,4,110,2,4096,0,1088 -c -o /sp/ttcache_prof/tt-metal-cache8908659371042919221/kernels/whole_trisc/10538810469920993660/trisc2/trisck.2475656884148353978_1.o /opt/tt-metal/tt_metal/hw/firmware/src/tt-1xx/trisck.cc -MF /sp/ttcache_prof/tt-metal-cache8908659371042919221/kernels/whole_trisc/10538810469920993660/trisc2/trisck.2475656884148353978_1.d
In file included from /opt/tt-metal/tt_metal/hw/ckernels/blackhole/metal/llk_io/llk_io_pack.h:14,
                 from /opt/tt-metal/tt_metal/hw/inc/api/compute/compute_kernel_api.h:73,
                 from /opt/tt-metal/models/experimental/pi0/tt/megakernel/kernels_p2/../kernels/mk_trisc.cpp:22,
                 from /opt/tt-metal/models/experimental/pi0/tt/megakernel/kernels_p2/whole_trisc.cpp:12,
                 from ../chlkc_pack.cpp:4,
                 from /opt/tt-metal/tt_metal/hw/ckernels/blackhole/metal/common/chlkc_list.h:21,
                 from /opt/tt-metal/tt_metal/hw/firmware/src/tt-1xx/trisck.cc:14:
/opt/tt-metal/tt_metal/hw/ckernels/blackhole/metal/llk_io/llk_io_pack.h: In function 'void llk_wait_for_free_tiles(int32_t, int32_t)':
/opt/tt-metal/tt_metal/tools/profiler/kernel_profiler.hpp:32:22: note: '#pragma message: CB-COMPUTE-RESERVE-BACK,/opt/tt-metal/tt_metal/hw/ckernels/blackhole/metal/llk_io/llk_io_pack.h,21,KERNEL_PROFILER'
   32 | #define DO_PRAGMA(x) _Pragma(#x)
      |                      ^~~~~~~
/opt/tt-metal/tt_metal/tools/profiler/kernel_profiler.hpp:1057:5: note: in expansion of macro 'DO_PRAGMA'
 1057 |     DO_PRAGMA(message(PROFILER_MSG_NAME(name)));                               \
      |     ^~~~~~~~~
/opt/tt-metal/tt_metal/hw/ckernels/blackhole/metal/llk_io/llk_io_pack.h:21:5: note: in expansion of macro 'DeviceZoneScopedSumN2'
   21 |     DeviceZoneScopedSumN2("CB-COMPUTE-RESERVE-BACK");
      |     ^~~~~~~~~~~~~~~~~~~~~
/opt/tt-metal/tt_metal/hw/firmware/src/tt-1xx/trisck.cc: In function 'uint32_t _start()':
/opt/tt-metal/tt_metal/tools/profiler/kernel_profiler.hpp:32:22: note: '#pragma message: TRISC-KERNEL,/opt/tt-metal/tt_metal/hw/firmware/src/tt-1xx/trisck.cc,89,KERNEL_PROFILER'
   32 | #define DO_PRAGMA(x) _Pragma(#x)
      |                      ^~~~~~~
/opt/tt-metal/tt_metal/tools/profiler/kernel_profiler.hpp:1047:5: note: in expansion of macro 'DO_PRAGMA'
 1047 |     DO_PRAGMA(message(PROFILER_MSG_NAME(name)));                               \
      |     ^~~~~~~~~
/opt/tt-metal/tt_metal/hw/firmware/src/tt-1xx/trisck.cc:89:5: note: in expansion of macro 'DeviceZoneScopedMainChildN'
   89 |     DeviceZoneScopedMainChildN("TRISC-KERNEL");
      |     ^~~~~~~~~~~~~~~~~~~~~~~~~~
Building trisc1, compile step:
/opt/tt-metal/runtime/sfpi/compiler/bin/riscv-tt-elf-g++ -O3 -std=c++17 -ftt-nttp -ftt-constinit -ftt-consteval -ftt-no-dyninit -flto=1 -flto-partition=one -ffast-math -fno-finite-math-only -fsigned-zeros -fno-associative-math -fno-exceptions -fno-rtti -fno-use-cxa-atexit -g -MMD -Wall -Werror -Wno-error=deprecated-declarations -Wno-error=multistatement-macros -Wno-error=parentheses -Wno-error=unused-but-set-variable -Wno-unused-variable -Wno-unused-function --param=min-pagesize=0 -mcpu=tt-bh-tensix -Winvalid-pch -Wno-error=invalid-pch -I. -I.. -I/opt/tt-metal/ -I/opt/tt-metal/ttnn -I/opt/tt-metal/ttnn/cpp -I/opt/tt-metal/tt_metal -I/opt/tt-metal/tt_metal/hw/inc -I/opt/tt-metal/tt_metal/tt-llk/common -I/opt/tt-metal/tt_metal/tt-llk/tools/include -I/opt/tt-metal/tt_metal/hostdevcommon/api -I/opt/tt-metal/tt_metal/api/ -I/opt/tt-metal/runtime/sfpi/include -I/opt/tt-metal/tt_metal/hw/ckernels/blackhole/metal/common -I/opt/tt-metal/tt_metal/hw/ckernels/blackhole/metal/llk_io -I/opt/tt-metal/tt_metal/hw/inc/internal/tt-1xx -I/opt/tt-metal/tt_metal/hw/inc/internal/tt-1xx/blackhole -I/opt/tt-metal/tt_metal/hw/inc/internal/tt-1xx/blackhole/blackhole_defines -I/opt/tt-metal/tt_metal/hw/inc/internal/tt-1xx/blackhole/noc -I/opt/tt-metal/tt_metal/tt-llk/tt_llk_blackhole/common/inc -I/opt/tt-metal/tt_metal/tt-llk/tt_llk_blackhole/llk_lib -I/opt/tt-metal/tt_metal/tt-llk/tt_llk_blackhole/llk_lib/hal -I/opt/tt-metal/tt_metal/hw/ckernels/blackhole/metal/llk_api -I/opt/tt-metal/tt_metal/hw/ckernels/blackhole/metal/llk_api/llk_sfpu -I/opt/tt-metal/tt_metal/hw/firmware/src/tt-1xx -I/opt/tt-metal/models/experimental/pi0/tt/megakernel/kernels_p2 -include /sp/ttcache_prof/tt-metal-cache/pch/e13a6eedc934b130/pch.h -DIS_NOT_POW2_NUM_L1_BANKS=1 -DLOG_BASE_2_OF_NUM_DRAM_BANKS=3 -DNUM_DRAM_BANKS=8 -DNUM_L1_BANKS=110 -DPCIE_NOC_X=19 -DPCIE_NOC_Y=24 -DTENSIX_FIRMWARE -DLOCAL_MEM_EN=0 -DPROFILE_KERNEL=1 -DPROFILER_FULL_HOST_BUFFER_SIZE_PER_RISC=768000 -DPROCESSOR_INDEX=3 -DUCK_CHLKC_MATH -DCOMPILE_FOR_TRISC=1 -DPROGRAMMABLE_CORE_TYPE=0 -DARCH_BLACKHOLE -DDISPATCH_MESSAGE_ADDR=4290184248 -DKERNEL_BUILD -DFULL_KERNEL_NAME="whole_trisc/10538810469920993660/" -DKERNEL_COMPILE_TIME_ARGS=2,18,4,5,897988541,0,1088,2,2048,0,2048,0,2048,0,2048,2,2048,2,2048,18,17,6,1,32,897988541,897988541,1110770931,955776,2,4,110,2,4096,0,1088 -c -o /sp/ttcache_prof/tt-metal-cache8908659371042919221/kernels/whole_trisc/10538810469920993660/trisc1/trisck.2475656884148353978_1.o /opt/tt-metal/tt_metal/hw/firmware/src/tt-1xx/trisck.cc -MF /sp/ttcache_prof/tt-metal-cache8908659371042919221/kernels/whole_trisc/10538810469920993660/trisc1/trisck.2475656884148353978_1.d
In file included from /opt/tt-metal/tt_metal/hw/firmware/src/tt-1xx/trisck.cc:16:
/opt/tt-metal/tt_metal/hw/firmware/src/tt-1xx/trisck.cc: In function 'uint32_t _start()':
/opt/tt-metal/tt_metal/tools/profiler/kernel_profiler.hpp:32:22: note: '#pragma message: TRISC-KERNEL,/opt/tt-metal/tt_metal/hw/firmware/src/tt-1xx/trisck.cc,89,KERNEL_PROFILER'
   32 | #define DO_PRAGMA(x) _Pragma(#x)
      |                      ^~~~~~~
/opt/tt-metal/tt_metal/tools/profiler/kernel_profiler.hpp:1047:5: note: in expansion of macro 'DO_PRAGMA'
 1047 |     DO_PRAGMA(message(PROFILER_MSG_NAME(name)));                               \
      |     ^~~~~~~~~
/opt/tt-metal/tt_metal/hw/firmware/src/tt-1xx/trisck.cc:89:5: note: in expansion of macro 'DeviceZoneScopedMainChildN'
   89 |     DeviceZoneScopedMainChildN("TRISC-KERNEL");
      |     ^~~~~~~~~~~~~~~~~~~~~~~~~~
Building ncrisc, compile step:
/opt/tt-metal/runtime/sfpi/compiler/bin/riscv-tt-elf-g++ -O2 -std=c++17 -ftt-nttp -ftt-constinit -ftt-consteval -ftt-no-dyninit -flto=1 -flto-partition=one -ffast-math -fno-finite-math-only -fsigned-zeros -fno-associative-math -fno-exceptions -fno-rtti -fno-use-cxa-atexit -g -MMD -Wall -Werror -Wno-error=deprecated-declarations -Wno-error=multistatement-macros -Wno-error=parentheses -Wno-error=unused-but-set-variable -Wno-unused-variable -Wno-unused-function --param=min-pagesize=0 -mcpu=tt-bh -fno-tree-loop-distribute-patterns -Winvalid-pch -Wno-error=invalid-pch -I. -I.. -I/opt/tt-metal/ -I/opt/tt-metal/ttnn -I/opt/tt-metal/ttnn/cpp -I/opt/tt-metal/tt_metal -I/opt/tt-metal/tt_metal/hw/inc -I/opt/tt-metal/tt_metal/tt-llk/common -I/opt/tt-metal/tt_metal/tt-llk/tools/include -I/opt/tt-metal/tt_metal/hostdevcommon/api -I/opt/tt-metal/tt_metal/api/ -I/opt/tt-metal/tt_metal/hw/ckernels/blackhole/metal/common -I/opt/tt-metal/tt_metal/hw/ckernels/blackhole/metal/llk_io -I/opt/tt-metal/tt_metal/hw/inc/internal/tt-1xx -I/opt/tt-metal/tt_metal/hw/inc/internal/tt-1xx/blackhole -I/opt/tt-metal/tt_metal/hw/inc/internal/tt-1xx/blackhole/blackhole_defines -I/opt/tt-metal/tt_metal/hw/inc/internal/tt-1xx/blackhole/noc -I/opt/tt-metal/tt_metal/tt-llk/tt_llk_blackhole/common/inc -I/opt/tt-metal/tt_metal/tt-llk/tt_llk_blackhole/llk_lib -I/opt/tt-metal/tt_metal/tt-llk/tt_llk_blackhole/llk_lib/hal -I/opt/tt-metal/tt_metal/hw/firmware/src/tt-1xx -I/opt/tt-metal/models/experimental/pi0/tt/megakernel/kernels_p2 -include /sp/ttcache_prof/tt-metal-cache/pch/1b9e28ac75b7aabf/pch.h -DIS_NOT_POW2_NUM_L1_BANKS=1 -DLOG_BASE_2_OF_NUM_DRAM_BANKS=3 -DNUM_DRAM_BANKS=8 -DNUM_L1_BANKS=110 -DPCIE_NOC_X=19 -DPCIE_NOC_Y=24 -DTENSIX_FIRMWARE -DLOCAL_MEM_EN=0 -DPROFILE_KERNEL=1 -DPROFILER_FULL_HOST_BUFFER_SIZE_PER_RISC=768000 -DPROCESSOR_INDEX=1 -DCOMPILE_FOR_NCRISC -DPROGRAMMABLE_CORE_TYPE=0 -DARCH_BLACKHOLE -DDISPATCH_MESSAGE_ADDR=4290184248 -DKERNEL_BUILD -DMK_FID8_HIFI2=1 -DPE_ATT_FID=3 -DPE_ATT_FLAT=2 -DPE_CT0=19 -DPE_NO_EXPERT=1 -DNOC_INDEX=0 -DNOC_MODE=0 -DFULL_KERNEL_NAME="whole_ncrisc/1140283998842182587/" -DKERNEL_COMPILE_TIME_ARGS=2,18,4,5,897988541,0,1088,2,2048,0,2048,0,2048,0,2048,2,2048,2,2048,18,17,6,1,32,897988541,897988541,1110770931,856832,2,4,110,2,4096,0,1088 -c -o /sp/ttcache_prof/tt-metal-cache8908659371042919221/kernels/whole_ncrisc/1140283998842182587/ncrisc/ncrisck.2475656884148353978_1.o /opt/tt-metal/tt_metal/hw/firmware/src/tt-1xx/ncrisck.cc -MF /sp/ttcache_prof/tt-metal-cache8908659371042919221/kernels/whole_ncrisc/1140283998842182587/ncrisc/ncrisck.2475656884148353978_1.d
In file included from /opt/tt-metal/tt_metal/hw/inc/api/dataflow/dataflow_api.h:24,
                 from /opt/tt-metal/tt_metal/hw/inc/internal/firmware_common.h:23,
                 from /opt/tt-metal/tt_metal/hw/firmware/src/tt-1xx/ncrisck.cc:17:
/opt/tt-metal/tt_metal/tools/profiler/kernel_profiler.hpp: In function 'void kernel_profiler::quick_push()':
/opt/tt-metal/tt_metal/tools/profiler/kernel_profiler.hpp:32:22: note: '#pragma message: PROFILER-NOC-QUICK-PUSH,/opt/tt-metal/tt_metal/tools/profiler/kernel_profiler.hpp,633,KERNEL_PROFILER'
   32 | #define DO_PRAGMA(x) _Pragma(#x)
      |                      ^~~~~~~
/opt/tt-metal/tt_metal/tools/profiler/kernel_profiler.hpp:42:5: note: in expansion of macro 'DO_PRAGMA'
   42 |     DO_PRAGMA(message(PROFILER_MSG_NAME(name))); \
      |     ^~~~~~~~~
/opt/tt-metal/tt_metal/tools/profiler/kernel_profiler.hpp:633:5: note: in expansion of macro 'SrcLocNameToHash'
  633 |     SrcLocNameToHash("PROFILER-NOC-QUICK-PUSH");
      |     ^~~~~~~~~~~~~~~~
/opt/tt-metal/tt_metal/hw/firmware/src/tt-1xx/ncrisck.cc: In function 'uint32_t _start()':
/opt/tt-metal/tt_metal/tools/profiler/kernel_profiler.hpp:32:22: note: '#pragma message: NCRISC-KERNEL,/opt/tt-metal/tt_metal/hw/firmware/src/tt-1xx/ncrisck.cc,70,KERNEL_PROFILER'
   32 | #define DO_PRAGMA(x) _Pragma(#x)
      |                      ^~~~~~~
/opt/tt-metal/tt_metal/tools/profiler/kernel_profiler.hpp:1047:5: note: in expansion of macro 'DO_PRAGMA'
 1047 |     DO_PRAGMA(message(PROFILER_MSG_NAME(name)));                               \
      |     ^~~~~~~~~
/opt/tt-metal/tt_metal/hw/firmware/src/tt-1xx/ncrisck.cc:70:5: note: in expansion of macro 'DeviceZoneScopedMainChildN'
   70 |     DeviceZoneScopedMainChildN("NCRISC-KERNEL");
      |     ^~~~~~~~~~~~~~~~~~~~~~~~~~
Building brisc, compile step:
/opt/tt-metal/runtime/sfpi/compiler/bin/riscv-tt-elf-g++ -O2 -std=c++17 -ftt-nttp -ftt-constinit -ftt-consteval -ftt-no-dyninit -flto=1 -flto-partition=one -ffast-math -fno-finite-math-only -fsigned-zeros -fno-associative-math -fno-exceptions -fno-rtti -fno-use-cxa-atexit -g -MMD -Wall -Werror -Wno-error=deprecated-declarations -Wno-error=multistatement-macros -Wno-error=parentheses -Wno-error=unused-but-set-variable -Wno-unused-variable -Wno-unused-function --param=min-pagesize=0 -mcpu=tt-bh -fno-tree-loop-distribute-patterns -Winvalid-pch -Wno-error=invalid-pch -I. -I.. -I/opt/tt-metal/ -I/opt/tt-metal/ttnn -I/opt/tt-metal/ttnn/cpp -I/opt/tt-metal/tt_metal -I/opt/tt-metal/tt_metal/hw/inc -I/opt/tt-metal/tt_metal/tt-llk/common -I/opt/tt-metal/tt_metal/tt-llk/tools/include -I/opt/tt-metal/tt_metal/hostdevcommon/api -I/opt/tt-metal/tt_metal/api/ -I/opt/tt-metal/tt_metal/hw/ckernels/blackhole/metal/common -I/opt/tt-metal/tt_metal/hw/ckernels/blackhole/metal/llk_io -I/opt/tt-metal/tt_metal/hw/inc/internal/tt-1xx -I/opt/tt-metal/tt_metal/hw/inc/internal/tt-1xx/blackhole -I/opt/tt-metal/tt_metal/hw/inc/internal/tt-1xx/blackhole/blackhole_defines -I/opt/tt-metal/tt_metal/hw/inc/internal/tt-1xx/blackhole/noc -I/opt/tt-metal/tt_metal/tt-llk/tt_llk_blackhole/common/inc -I/opt/tt-metal/tt_metal/tt-llk/tt_llk_blackhole/llk_lib -I/opt/tt-metal/tt_metal/tt-llk/tt_llk_blackhole/llk_lib/hal -I/opt/tt-metal/tt_metal/hw/firmware/src/tt-1xx -I/opt/tt-metal/models/experimental/pi0/tt/megakernel/kernels_p2 -include /sp/ttcache_prof/tt-metal-cache/pch/1b9e28ac75b7aabf/pch.h -DIS_NOT_POW2_NUM_L1_BANKS=1 -DLOG_BASE_2_OF_NUM_DRAM_BANKS=3 -DNUM_DRAM_BANKS=8 -DNUM_L1_BANKS=110 -DPCIE_NOC_X=19 -DPCIE_NOC_Y=24 -DTENSIX_FIRMWARE -DLOCAL_MEM_EN=0 -DPROFILE_KERNEL=1 -DPROFILER_FULL_HOST_BUFFER_SIZE_PER_RISC=768000 -DPROCESSOR_INDEX=0 -DCOMPILE_FOR_BRISC -DPROGRAMMABLE_CORE_TYPE=0 -DARCH_BLACKHOLE -DDISPATCH_MESSAGE_ADDR=4290184248 -DKERNEL_BUILD -DMK_FID8_HIFI2=1 -DPE_ATT_FID=3 -DPE_ATT_FLAT=2 -DPE_CT0=19 -DPE_NO_EXPERT=1 -DNOC_INDEX=1 -DNOC_MODE=0 -DFULL_KERNEL_NAME="whole_brisc/5852733599661446520/" -DKERNEL_COMPILE_TIME_ARGS=2,18,4,5,897988541,0,1088,2,2048,0,2048,0,2048,0,2048,2,2048,2,2048,18,17,6,1,32,897988541,897988541,1110770931,856832,2,4,110,2,4096,0,1088 -c -o /sp/ttcache_prof/tt-metal-cache8908659371042919221/kernels/whole_brisc/5852733599661446520/brisc/brisck.2475656884148353978_1.o /opt/tt-metal/tt_metal/hw/firmware/src/tt-1xx/brisck.cc -MF /sp/ttcache_prof/tt-metal-cache8908659371042919221/kernels/whole_brisc/5852733599661446520/brisc/brisck.2475656884148353978_1.d
In file included from /opt/tt-metal/tt_metal/hw/inc/api/dataflow/dataflow_api.h:24,
                 from /opt/tt-metal/tt_metal/hw/inc/internal/firmware_common.h:23,
                 from /opt/tt-metal/tt_metal/hw/firmware/src/tt-1xx/brisck.cc:16:
/opt/tt-metal/tt_metal/tools/profiler/kernel_profiler.hpp: In function 'void kernel_profiler::finish_profiler(bool)':
/opt/tt-metal/tt_metal/tools/profiler/kernel_profiler.hpp:32:22: note: '#pragma message: PROFILER-NOC-FLUSH,/opt/tt-metal/tt_metal/tools/profiler/kernel_profiler.hpp,481,KERNEL_PROFILER'
   32 | #define DO_PRAGMA(x) _Pragma(#x)
      |                      ^~~~~~~
/opt/tt-metal/tt_metal/tools/profiler/kernel_profiler.hpp:42:5: note: in expansion of macro 'DO_PRAGMA'
   42 |     DO_PRAGMA(message(PROFILER_MSG_NAME(name))); \
      |     ^~~~~~~~~
/opt/tt-metal/tt_metal/tools/profiler/kernel_profiler.hpp:481:17: note: in expansion of macro 'SrcLocNameToHash'
  481 |                 SrcLocNameToHash("PROFILER-NOC-FLUSH");
      |                 ^~~~~~~~~~~~~~~~
/opt/tt-metal/tt_metal/tools/profiler/kernel_profiler.hpp:32:22: note: '#pragma message: PROFILER-DRAM-PUSH,/opt/tt-metal/tt_metal/tools/profiler/kernel_profiler.hpp,490,KERNEL_PROFILER'
   32 | #define DO_PRAGMA(x) _Pragma(#x)
      |                      ^~~~~~~
/opt/tt-metal/tt_metal/tools/profiler/kernel_profiler.hpp:42:5: note: in expansion of macro 'DO_PRAGMA'
   42 |     DO_PRAGMA(message(PROFILER_MSG_NAME(name))); \
      |     ^~~~~~~~~
/opt/tt-metal/tt_metal/tools/profiler/kernel_profiler.hpp:490:17: note: in expansion of macro 'SrcLocNameToHash'
  490 |                 SrcLocNameToHash("PROFILER-DRAM-PUSH");
      |                 ^~~~~~~~~~~~~~~~
/opt/tt-metal/tt_metal/tools/profiler/kernel_profiler.hpp: In function 'void kernel_profiler::quick_push()':
/opt/tt-metal/tt_metal/tools/profiler/kernel_profiler.hpp:32:22: note: '#pragma message: PROFILER-NOC-QUICK-PUSH,/opt/tt-metal/tt_metal/tools/profiler/kernel_profiler.hpp,633,KERNEL_PROFILER'
   32 | #define DO_PRAGMA(x) _Pragma(#x)
      |                      ^~~~~~~
/opt/tt-metal/tt_metal/tools/profiler/kernel_profiler.hpp:42:5: note: in expansion of macro 'DO_PRAGMA'
   42 |     DO_PRAGMA(message(PROFILER_MSG_NAME(name))); \
      |     ^~~~~~~~~
/opt/tt-metal/tt_metal/tools/profiler/kernel_profiler.hpp:633:5: note: in expansion of macro 'SrcLocNameToHash'
  633 |     SrcLocNameToHash("PROFILER-NOC-QUICK-PUSH");
      |     ^~~~~~~~~~~~~~~~
/opt/tt-metal/tt_metal/hw/firmware/src/tt-1xx/brisck.cc: In function 'uint32_t _start()':
/opt/tt-metal/tt_metal/tools/profiler/kernel_profiler.hpp:32:22: note: '#pragma message: BRISC-KERNEL,/opt/tt-metal/tt_metal/hw/firmware/src/tt-1xx/brisck.cc,77,KERNEL_PROFILER'
   32 | #define DO_PRAGMA(x) _Pragma(#x)
      |                      ^~~~~~~
/opt/tt-metal/tt_metal/tools/profiler/kernel_profiler.hpp:1047:5: note: in expansion of macro 'DO_PRAGMA'
 1047 |     DO_PRAGMA(message(PROFILER_MSG_NAME(name)));                               \
      |     ^~~~~~~~~
/opt/tt-metal/tt_metal/hw/firmware/src/tt-1xx/brisck.cc:77:9: note: in expansion of macro 'DeviceZoneScopedMainChildN'
   77 |         DeviceZoneScopedMainChildN("BRISC-KERNEL");
      |         ^~~~~~~~~~~~~~~~~~~~~~~~~~
Building trisc2, compile step:
/opt/tt-metal/runtime/sfpi/compiler/bin/riscv-tt-elf-g++ -O3 -std=c++17 -ftt-nttp -ftt-constinit -ftt-consteval -ftt-no-dyninit -flto=1 -flto-partition=one -ffast-math -fno-finite-math-only -fsigned-zeros -fno-associative-math -fno-exceptions -fno-rtti -fno-use-cxa-atexit -g -MMD -Wall -Werror -Wno-error=deprecated-declarations -Wno-error=multistatement-macros -Wno-error=parentheses -Wno-error=unused-but-set-variable -Wno-unused-variable -Wno-unused-function --param=min-pagesize=0 -mcpu=tt-bh-tensix -Winvalid-pch -Wno-error=invalid-pch -I. -I.. -I/opt/tt-metal/ -I/opt/tt-metal/ttnn -I/opt/tt-metal/ttnn/cpp -I/opt/tt-metal/tt_metal -I/opt/tt-metal/tt_metal/hw/inc -I/opt/tt-metal/tt_metal/tt-llk/common -I/opt/tt-metal/tt_metal/tt-llk/tools/include -I/opt/tt-metal/tt_metal/hostdevcommon/api -I/opt/tt-metal/tt_metal/api/ -I/opt/tt-metal/runtime/sfpi/include -I/opt/tt-metal/tt_metal/hw/ckernels/blackhole/metal/common -I/opt/tt-metal/tt_metal/hw/ckernels/blackhole/metal/llk_io -I/opt/tt-metal/tt_metal/hw/inc/internal/tt-1xx -I/opt/tt-metal/tt_metal/hw/inc/internal/tt-1xx/blackhole -I/opt/tt-metal/tt_metal/hw/inc/internal/tt-1xx/blackhole/blackhole_defines -I/opt/tt-metal/tt_metal/hw/inc/internal/tt-1xx/blackhole/noc -I/opt/tt-metal/tt_metal/tt-llk/tt_llk_blackhole/common/inc -I/opt/tt-metal/tt_metal/tt-llk/tt_llk_blackhole/llk_lib -I/opt/tt-metal/tt_metal/tt-llk/tt_llk_blackhole/llk_lib/hal -I/opt/tt-metal/tt_metal/hw/ckernels/blackhole/metal/llk_api -I/opt/tt-metal/tt_metal/hw/ckernels/blackhole/metal/llk_api/llk_sfpu -I/opt/tt-metal/tt_metal/hw/firmware/src/tt-1xx -I/opt/tt-metal/models/experimental/pi0/tt/megakernel/kernels_p2 -include /sp/ttcache_prof/tt-metal-cache/pch/e13a6eedc934b130/pch.h -DIS_NOT_POW2_NUM_L1_BANKS=1 -DLOG_BASE_2_OF_NUM_DRAM_BANKS=3 -DNUM_DRAM_BANKS=8 -DNUM_L1_BANKS=110 -DPCIE_NOC_X=19 -DPCIE_NOC_Y=24 -DTENSIX_FIRMWARE -DLOCAL_MEM_EN=0 -DPROFILE_KERNEL=1 -DPROFILER_FULL_HOST_BUFFER_SIZE_PER_RISC=768000 -DPROCESSOR_INDEX=4 -DUCK_CHLKC_PACK -DCOMPILE_FOR_TRISC=2 -DPROGRAMMABLE_CORE_TYPE=0 -DARCH_BLACKHOLE -DDISPATCH_MESSAGE_ADDR=4290184248 -DKERNEL_BUILD -DFULL_KERNEL_NAME="whole_trisc/10208696695379096670/" -DKERNEL_COMPILE_TIME_ARGS=2,18,4,5,897988541,0,1088,2,2048,0,2048,0,2048,0,2048,2,2048,2,2048,18,17,6,1,32,897988541,897988541,1110770931,856832,2,4,110,2,4096,0,1088 -c -o /sp/ttcache_prof/tt-metal-cache8908659371042919221/kernels/whole_trisc/10208696695379096670/trisc2/trisck.2475656884148353978_1.o /opt/tt-metal/tt_metal/hw/firmware/src/tt-1xx/trisck.cc -MF /sp/ttcache_prof/tt-metal-cache8908659371042919221/kernels/whole_trisc/10208696695379096670/trisc2/trisck.2475656884148353978_1.d
In file included from /opt/tt-metal/tt_metal/hw/ckernels/blackhole/metal/llk_io/llk_io_pack.h:14,
                 from /opt/tt-metal/tt_metal/hw/inc/api/compute/compute_kernel_api.h:73,
                 from /opt/tt-metal/models/experimental/pi0/tt/megakernel/kernels_p2/../kernels/mk_trisc.cpp:22,
                 from /opt/tt-metal/models/experimental/pi0/tt/megakernel/kernels_p2/whole_trisc.cpp:12,
                 from ../chlkc_pack.cpp:4,
                 from /opt/tt-metal/tt_metal/hw/ckernels/blackhole/metal/common/chlkc_list.h:21,
                 from /opt/tt-metal/tt_metal/hw/firmware/src/tt-1xx/trisck.cc:14:
/opt/tt-metal/tt_metal/hw/ckernels/blackhole/metal/llk_io/llk_io_pack.h: In function 'void llk_wait_for_free_tiles(int32_t, int32_t)':
/opt/tt-metal/tt_metal/tools/profiler/kernel_profiler.hpp:32:22: note: '#pragma message: CB-COMPUTE-RESERVE-BACK,/opt/tt-metal/tt_metal/hw/ckernels/blackhole/metal/llk_io/llk_io_pack.h,21,KERNEL_PROFILER'
   32 | #define DO_PRAGMA(x) _Pragma(#x)
      |                      ^~~~~~~
/opt/tt-metal/tt_metal/tools/profiler/kernel_profiler.hpp:1057:5: note: in expansion of macro 'DO_PRAGMA'
 1057 |     DO_PRAGMA(message(PROFILER_MSG_NAME(name)));                               \
      |     ^~~~~~~~~
/opt/tt-metal/tt_metal/hw/ckernels/blackhole/metal/llk_io/llk_io_pack.h:21:5: note: in expansion of macro 'DeviceZoneScopedSumN2'
   21 |     DeviceZoneScopedSumN2("CB-COMPUTE-RESERVE-BACK");
      |     ^~~~~~~~~~~~~~~~~~~~~
/opt/tt-metal/tt_metal/hw/firmware/src/tt-1xx/trisck.cc: In function 'uint32_t _start()':
/opt/tt-metal/tt_metal/tools/profiler/kernel_profiler.hpp:32:22: note: '#pragma message: TRISC-KERNEL,/opt/tt-metal/tt_metal/hw/firmware/src/tt-1xx/trisck.cc,89,KERNEL_PROFILER'
   32 | #define DO_PRAGMA(x) _Pragma(#x)
      |                      ^~~~~~~
/opt/tt-metal/tt_metal/tools/profiler/kernel_profiler.hpp:1047:5: note: in expansion of macro 'DO_PRAGMA'
 1047 |     DO_PRAGMA(message(PROFILER_MSG_NAME(name)));                               \
      |     ^~~~~~~~~
/opt/tt-metal/tt_metal/hw/firmware/src/tt-1xx/trisck.cc:89:5: note: in expansion of macro 'DeviceZoneScopedMainChildN'
   89 |     DeviceZoneScopedMainChildN("TRISC-KERNEL");
      |     ^~~~~~~~~~~~~~~~~~~~~~~~~~
Building trisc0, compile step:
/opt/tt-metal/runtime/sfpi/compiler/bin/riscv-tt-elf-g++ -O3 -std=c++17 -ftt-nttp -ftt-constinit -ftt-consteval -ftt-no-dyninit -flto=1 -flto-partition=one -ffast-math -fno-finite-math-only -fsigned-zeros -fno-associative-math -fno-exceptions -fno-rtti -fno-use-cxa-atexit -g -MMD -Wall -Werror -Wno-error=deprecated-declarations -Wno-error=multistatement-macros -Wno-error=parentheses -Wno-error=unused-but-set-variable -Wno-unused-variable -Wno-unused-function --param=min-pagesize=0 -mcpu=tt-bh-tensix -Winvalid-pch -Wno-error=invalid-pch -I. -I.. -I/opt/tt-metal/ -I/opt/tt-metal/ttnn -I/opt/tt-metal/ttnn/cpp -I/opt/tt-metal/tt_metal -I/opt/tt-metal/tt_metal/hw/inc -I/opt/tt-metal/tt_metal/tt-llk/common -I/opt/tt-metal/tt_metal/tt-llk/tools/include -I/opt/tt-metal/tt_metal/hostdevcommon/api -I/opt/tt-metal/tt_metal/api/ -I/opt/tt-metal/runtime/sfpi/include -I/opt/tt-metal/tt_metal/hw/ckernels/blackhole/metal/common -I/opt/tt-metal/tt_metal/hw/ckernels/blackhole/metal/llk_io -I/opt/tt-metal/tt_metal/hw/inc/internal/tt-1xx -I/opt/tt-metal/tt_metal/hw/inc/internal/tt-1xx/blackhole -I/opt/tt-metal/tt_metal/hw/inc/internal/tt-1xx/blackhole/blackhole_defines -I/opt/tt-metal/tt_metal/hw/inc/internal/tt-1xx/blackhole/noc -I/opt/tt-metal/tt_metal/tt-llk/tt_llk_blackhole/common/inc -I/opt/tt-metal/tt_metal/tt-llk/tt_llk_blackhole/llk_lib -I/opt/tt-metal/tt_metal/tt-llk/tt_llk_blackhole/llk_lib/hal -I/opt/tt-metal/tt_metal/hw/ckernels/blackhole/metal/llk_api -I/opt/tt-metal/tt_metal/hw/ckernels/blackhole/metal/llk_api/llk_sfpu -I/opt/tt-metal/tt_metal/hw/firmware/src/tt-1xx -I/opt/tt-metal/models/experimental/pi0/tt/megakernel/kernels_p2 -include /sp/ttcache_prof/tt-metal-cache/pch/e13a6eedc934b130/pch.h -DIS_NOT_POW2_NUM_L1_BANKS=1 -DLOG_BASE_2_OF_NUM_DRAM_BANKS=3 -DNUM_DRAM_BANKS=8 -DNUM_L1_BANKS=110 -DPCIE_NOC_X=19 -DPCIE_NOC_Y=24 -DTENSIX_FIRMWARE -DLOCAL_MEM_EN=0 -DPROFILE_KERNEL=1 -DPROFILER_FULL_HOST_BUFFER_SIZE_PER_RISC=768000 -DPROCESSOR_INDEX=2 -DUCK_CHLKC_UNPACK -DCOMPILE_FOR_TRISC=0 -DPROGRAMMABLE_CORE_TYPE=0 -DARCH_BLACKHOLE -DDISPATCH_MESSAGE_ADDR=4290184248 -DKERNEL_BUILD -DFULL_KERNEL_NAME="whole_trisc/10208696695379096670/" -DKERNEL_COMPILE_TIME_ARGS=2,18,4,5,897988541,0,1088,2,2048,0,2048,0,2048,0,2048,2,2048,2,2048,18,17,6,1,32,897988541,897988541,1110770931,856832,2,4,110,2,4096,0,1088 -c -o /sp/ttcache_prof/tt-metal-cache8908659371042919221/kernels/whole_trisc/10208696695379096670/trisc0/trisck.2475656884148353978_1.o /opt/tt-metal/tt_metal/hw/firmware/src/tt-1xx/trisck.cc -MF /sp/ttcache_prof/tt-metal-cache8908659371042919221/kernels/whole_trisc/10208696695379096670/trisc0/trisck.2475656884148353978_1.d
In file included from /opt/tt-metal/tt_metal/hw/ckernels/blackhole/metal/llk_io/llk_io_unpack.h:13,
                 from /opt/tt-metal/tt_metal/hw/inc/api/compute/compute_kernel_api.h:98,
                 from /opt/tt-metal/models/experimental/pi0/tt/megakernel/kernels_p2/../kernels/mk_trisc.cpp:22,
                 from /opt/tt-metal/models/experimental/pi0/tt/megakernel/kernels_p2/whole_trisc.cpp:12,
                 from ../chlkc_unpack.cpp:4,
                 from /opt/tt-metal/tt_metal/hw/ckernels/blackhole/metal/common/chlkc_list.h:26,
                 from /opt/tt-metal/tt_metal/hw/firmware/src/tt-1xx/trisck.cc:14:
/opt/tt-metal/tt_metal/hw/ckernels/blackhole/metal/llk_io/llk_io_unpack.h: In function 'void llk_wait_tiles(int, int32_t)':
/opt/tt-metal/tt_metal/tools/profiler/kernel_profiler.hpp:32:22: note: '#pragma message: CB-COMPUTE-WAIT-FRONT,/opt/tt-metal/tt_metal/hw/ckernels/blackhole/metal/llk_io/llk_io_unpack.h,19,KERNEL_PROFILER'
   32 | #define DO_PRAGMA(x) _Pragma(#x)
      |                      ^~~~~~~
/opt/tt-metal/tt_metal/tools/profiler/kernel_profiler.hpp:1052:5: note: in expansion of macro 'DO_PRAGMA'
 1052 |     DO_PRAGMA(message(PROFILER_MSG_NAME(name)));                               \
      |     ^~~~~~~~~
/opt/tt-metal/tt_metal/hw/ckernels/blackhole/metal/llk_io/llk_io_unpack.h:19:5: note: in expansion of macro 'DeviceZoneScopedSumN1'
   19 |     DeviceZoneScopedSumN1("CB-COMPUTE-WAIT-FRONT");
      |     ^~~~~~~~~~~~~~~~~~~~~
/opt/tt-metal/tt_metal/hw/firmware/src/tt-1xx/trisck.cc: In function 'uint32_t _start()':
/opt/tt-metal/tt_metal/tools/profiler/kernel_profiler.hpp:32:22: note: '#pragma message: TRISC-KERNEL,/opt/tt-metal/tt_metal/hw/firmware/src/tt-1xx/trisck.cc,89,KERNEL_PROFILER'
   32 | #define DO_PRAGMA(x) _Pragma(#x)
      |                      ^~~~~~~
/opt/tt-metal/tt_metal/tools/profiler/kernel_profiler.hpp:1047:5: note: in expansion of macro 'DO_PRAGMA'
 1047 |     DO_PRAGMA(message(PROFILER_MSG_NAME(name)));                               \
      |     ^~~~~~~~~
/opt/tt-metal/tt_metal/hw/firmware/src/tt-1xx/trisck.cc:89:5: note: in expansion of macro 'DeviceZoneScopedMainChildN'
   89 |     DeviceZoneScopedMainChildN("TRISC-KERNEL");
      |     ^~~~~~~~~~~~~~~~~~~~~~~~~~
Building trisc1, compile step:
/opt/tt-metal/runtime/sfpi/compiler/bin/riscv-tt-elf-g++ -O3 -std=c++17 -ftt-nttp -ftt-constinit -ftt-consteval -ftt-no-dyninit -flto=1 -flto-partition=one -ffast-math -fno-finite-math-only -fsigned-zeros -fno-associative-math -fno-exceptions -fno-rtti -fno-use-cxa-atexit -g -MMD -Wall -Werror -Wno-error=deprecated-declarations -Wno-error=multistatement-macros -Wno-error=parentheses -Wno-error=unused-but-set-variable -Wno-unused-variable -Wno-unused-function --param=min-pagesize=0 -mcpu=tt-bh-tensix -Winvalid-pch -Wno-error=invalid-pch -I. -I.. -I/opt/tt-metal/ -I/opt/tt-metal/ttnn -I/opt/tt-metal/ttnn/cpp -I/opt/tt-metal/tt_metal -I/opt/tt-metal/tt_metal/hw/inc -I/opt/tt-metal/tt_metal/tt-llk/common -I/opt/tt-metal/tt_metal/tt-llk/tools/include -I/opt/tt-metal/tt_metal/hostdevcommon/api -I/opt/tt-metal/tt_metal/api/ -I/opt/tt-metal/runtime/sfpi/include -I/opt/tt-metal/tt_metal/hw/ckernels/blackhole/metal/common -I/opt/tt-metal/tt_metal/hw/ckernels/blackhole/metal/llk_io -I/opt/tt-metal/tt_metal/hw/inc/internal/tt-1xx -I/opt/tt-metal/tt_metal/hw/inc/internal/tt-1xx/blackhole -I/opt/tt-metal/tt_metal/hw/inc/internal/tt-1xx/blackhole/blackhole_defines -I/opt/tt-metal/tt_metal/hw/inc/internal/tt-1xx/blackhole/noc -I/opt/tt-metal/tt_metal/tt-llk/tt_llk_blackhole/common/inc -I/opt/tt-metal/tt_metal/tt-llk/tt_llk_blackhole/llk_lib -I/opt/tt-metal/tt_metal/tt-llk/tt_llk_blackhole/llk_lib/hal -I/opt/tt-metal/tt_metal/hw/ckernels/blackhole/metal/llk_api -I/opt/tt-metal/tt_metal/hw/ckernels/blackhole/metal/llk_api/llk_sfpu -I/opt/tt-metal/tt_metal/hw/firmware/src/tt-1xx -I/opt/tt-metal/models/experimental/pi0/tt/megakernel/kernels_p2 -include /sp/ttcache_prof/tt-metal-cache/pch/e13a6eedc934b130/pch.h -DIS_NOT_POW2_NUM_L1_BANKS=1 -DLOG_BASE_2_OF_NUM_DRAM_BANKS=3 -DNUM_DRAM_BANKS=8 -DNUM_L1_BANKS=110 -DPCIE_NOC_X=19 -DPCIE_NOC_Y=24 -DTENSIX_FIRMWARE -DLOCAL_MEM_EN=0 -DPROFILE_KERNEL=1 -DPROFILER_FULL_HOST_BUFFER_SIZE_PER_RISC=768000 -DPROCESSOR_INDEX=3 -DUCK_CHLKC_MATH -DCOMPILE_FOR_TRISC=1 -DPROGRAMMABLE_CORE_TYPE=0 -DARCH_BLACKHOLE -DDISPATCH_MESSAGE_ADDR=4290184248 -DKERNEL_BUILD -DFULL_KERNEL_NAME="whole_trisc/10208696695379096670/" -DKERNEL_COMPILE_TIME_ARGS=2,18,4,5,897988541,0,1088,2,2048,0,2048,0,2048,0,2048,2,2048,2,2048,18,17,6,1,32,897988541,897988541,1110770931,856832,2,4,110,2,4096,0,1088 -c -o /sp/ttcache_prof/tt-metal-cache8908659371042919221/kernels/whole_trisc/10208696695379096670/trisc1/trisck.2475656884148353978_1.o /opt/tt-metal/tt_metal/hw/firmware/src/tt-1xx/trisck.cc -MF /sp/ttcache_prof/tt-metal-cache8908659371042919221/kernels/whole_trisc/10208696695379096670/trisc1/trisck.2475656884148353978_1.d
In file included from /opt/tt-metal/tt_metal/hw/firmware/src/tt-1xx/trisck.cc:16:
/opt/tt-metal/tt_metal/hw/firmware/src/tt-1xx/trisck.cc: In function 'uint32_t _start()':
/opt/tt-metal/tt_metal/tools/profiler/kernel_profiler.hpp:32:22: note: '#pragma message: TRISC-KERNEL,/opt/tt-metal/tt_metal/hw/firmware/src/tt-1xx/trisck.cc,89,KERNEL_PROFILER'
   32 | #define DO_PRAGMA(x) _Pragma(#x)
      |                      ^~~~~~~
/opt/tt-metal/tt_metal/tools/profiler/kernel_profiler.hpp:1047:5: note: in expansion of macro 'DO_PRAGMA'
 1047 |     DO_PRAGMA(message(PROFILER_MSG_NAME(name)));                               \
      |     ^~~~~~~~~
/opt/tt-metal/tt_metal/hw/firmware/src/tt-1xx/trisck.cc:89:5: note: in expansion of macro 'DeviceZoneScopedMainChildN'
   89 |     DeviceZoneScopedMainChildN("TRISC-KERNEL");
      |     ^~~~~~~~~~~~~~~~~~~~~~~~~~
Building ncrisc, compile step:
/opt/tt-metal/runtime/sfpi/compiler/bin/riscv-tt-elf-g++ -O2 -std=c++17 -ftt-nttp -ftt-constinit -ftt-consteval -ftt-no-dyninit -flto=1 -flto-partition=one -ffast-math -fno-finite-math-only -fsigned-zeros -fno-associative-math -fno-exceptions -fno-rtti -fno-use-cxa-atexit -g -MMD -Wall -Werror -Wno-error=deprecated-declarations -Wno-error=multistatement-macros -Wno-error=parentheses -Wno-error=unused-but-set-variable -Wno-unused-variable -Wno-unused-function --param=min-pagesize=0 -mcpu=tt-bh -fno-tree-loop-distribute-patterns -Winvalid-pch -Wno-error=invalid-pch -I. -I.. -I/opt/tt-metal/ -I/opt/tt-metal/ttnn -I/opt/tt-metal/ttnn/cpp -I/opt/tt-metal/tt_metal -I/opt/tt-metal/tt_metal/hw/inc -I/opt/tt-metal/tt_metal/tt-llk/common -I/opt/tt-metal/tt_metal/tt-llk/tools/include -I/opt/tt-metal/tt_metal/hostdevcommon/api -I/opt/tt-metal/tt_metal/api/ -I/opt/tt-metal/tt_metal/hw/ckernels/blackhole/metal/common -I/opt/tt-metal/tt_metal/hw/ckernels/blackhole/metal/llk_io -I/opt/tt-metal/tt_metal/hw/inc/internal/tt-1xx -I/opt/tt-metal/tt_metal/hw/inc/internal/tt-1xx/blackhole -I/opt/tt-metal/tt_metal/hw/inc/internal/tt-1xx/blackhole/blackhole_defines -I/opt/tt-metal/tt_metal/hw/inc/internal/tt-1xx/blackhole/noc -I/opt/tt-metal/tt_metal/tt-llk/tt_llk_blackhole/common/inc -I/opt/tt-metal/tt_metal/tt-llk/tt_llk_blackhole/llk_lib -I/opt/tt-metal/tt_metal/tt-llk/tt_llk_blackhole/llk_lib/hal -I/opt/tt-metal/tt_metal/hw/firmware/src/tt-1xx -I/opt/tt-metal/models/experimental/pi0/tt/megakernel/kernels -include /sp/ttcache_prof/tt-metal-cache/pch/1b9e28ac75b7aabf/pch.h -DIS_NOT_POW2_NUM_L1_BANKS=1 -DLOG_BASE_2_OF_NUM_DRAM_BANKS=3 -DNUM_DRAM_BANKS=8 -DNUM_L1_BANKS=110 -DPCIE_NOC_X=19 -DPCIE_NOC_Y=24 -DTENSIX_FIRMWARE -DLOCAL_MEM_EN=0 -DPROFILE_KERNEL=1 -DPROFILER_FULL_HOST_BUFFER_SIZE_PER_RISC=768000 -DPROCESSOR_INDEX=1 -DCOMPILE_FOR_NCRISC -DPROGRAMMABLE_CORE_TYPE=0 -DARCH_BLACKHOLE -DDISPATCH_MESSAGE_ADDR=4290184248 -DKERNEL_BUILD -DMK_FID=3 -DMK_FID8_HIFI2=1 -DMK_KV_MCAST=1 -DNOC_INDEX=0 -DNOC_MODE=0 -DFULL_KERNEL_NAME="mk_ncrisc/12546829468614138195/" -DKERNEL_COMPILE_TIME_ARGS=2,18,4,5,897988541,0,1088,2,2048,0,2048,0,2048,0,2048,2,2048,2,2048 -c -o /sp/ttcache_prof/tt-metal-cache8908659371042919221/kernels/mk_ncrisc/12546829468614138195/ncrisc/ncrisck.2475656884148353978_1.o /opt/tt-metal/tt_metal/hw/firmware/src/tt-1xx/ncrisck.cc -MF /sp/ttcache_prof/tt-metal-cache8908659371042919221/kernels/mk_ncrisc/12546829468614138195/ncrisc/ncrisck.2475656884148353978_1.d
In file included from /opt/tt-metal/tt_metal/hw/inc/api/dataflow/dataflow_api.h:24,
                 from /opt/tt-metal/tt_metal/hw/inc/internal/firmware_common.h:23,
                 from /opt/tt-metal/tt_metal/hw/firmware/src/tt-1xx/ncrisck.cc:17:
/opt/tt-metal/tt_metal/tools/profiler/kernel_profiler.hpp: In function 'void kernel_profiler::quick_push()':
/opt/tt-metal/tt_metal/tools/profiler/kernel_profiler.hpp:32:22: note: '#pragma message: PROFILER-NOC-QUICK-PUSH,/opt/tt-metal/tt_metal/tools/profiler/kernel_profiler.hpp,633,KERNEL_PROFILER'
   32 | #define DO_PRAGMA(x) _Pragma(#x)
      |                      ^~~~~~~
/opt/tt-metal/tt_metal/tools/profiler/kernel_profiler.hpp:42:5: note: in expansion of macro 'DO_PRAGMA'
   42 |     DO_PRAGMA(message(PROFILER_MSG_NAME(name))); \
      |     ^~~~~~~~~
/opt/tt-metal/tt_metal/tools/profiler/kernel_profiler.hpp:633:5: note: in expansion of macro 'SrcLocNameToHash'
  633 |     SrcLocNameToHash("PROFILER-NOC-QUICK-PUSH");
      |     ^~~~~~~~~~~~~~~~
/opt/tt-metal/tt_metal/hw/firmware/src/tt-1xx/ncrisck.cc: In function 'uint32_t _start()':
/opt/tt-metal/tt_metal/tools/profiler/kernel_profiler.hpp:32:22: note: '#pragma message: NCRISC-KERNEL,/opt/tt-metal/tt_metal/hw/firmware/src/tt-1xx/ncrisck.cc,70,KERNEL_PROFILER'
   32 | #define DO_PRAGMA(x) _Pragma(#x)
      |                      ^~~~~~~
/opt/tt-metal/tt_metal/tools/profiler/kernel_profiler.hpp:1047:5: note: in expansion of macro 'DO_PRAGMA'
 1047 |     DO_PRAGMA(message(PROFILER_MSG_NAME(name)));                               \
      |     ^~~~~~~~~
/opt/tt-metal/tt_metal/hw/firmware/src/tt-1xx/ncrisck.cc:70:5: note: in expansion of macro 'DeviceZoneScopedMainChildN'
   70 |     DeviceZoneScopedMainChildN("NCRISC-KERNEL");
      |     ^~~~~~~~~~~~~~~~~~~~~~~~~~
Building brisc, compile step:
/opt/tt-metal/runtime/sfpi/compiler/bin/riscv-tt-elf-g++ -O2 -std=c++17 -ftt-nttp -ftt-constinit -ftt-consteval -ftt-no-dyninit -flto=1 -flto-partition=one -ffast-math -fno-finite-math-only -fsigned-zeros -fno-associative-math -fno-exceptions -fno-rtti -fno-use-cxa-atexit -g -MMD -Wall -Werror -Wno-error=deprecated-declarations -Wno-error=multistatement-macros -Wno-error=parentheses -Wno-error=unused-but-set-variable -Wno-unused-variable -Wno-unused-function --param=min-pagesize=0 -mcpu=tt-bh -fno-tree-loop-distribute-patterns -Winvalid-pch -Wno-error=invalid-pch -I. -I.. -I/opt/tt-metal/ -I/opt/tt-metal/ttnn -I/opt/tt-metal/ttnn/cpp -I/opt/tt-metal/tt_metal -I/opt/tt-metal/tt_metal/hw/inc -I/opt/tt-metal/tt_metal/tt-llk/common -I/opt/tt-metal/tt_metal/tt-llk/tools/include -I/opt/tt-metal/tt_metal/hostdevcommon/api -I/opt/tt-metal/tt_metal/api/ -I/opt/tt-metal/tt_metal/hw/ckernels/blackhole/metal/common -I/opt/tt-metal/tt_metal/hw/ckernels/blackhole/metal/llk_io -I/opt/tt-metal/tt_metal/hw/inc/internal/tt-1xx -I/opt/tt-metal/tt_metal/hw/inc/internal/tt-1xx/blackhole -I/opt/tt-metal/tt_metal/hw/inc/internal/tt-1xx/blackhole/blackhole_defines -I/opt/tt-metal/tt_metal/hw/inc/internal/tt-1xx/blackhole/noc -I/opt/tt-metal/tt_metal/tt-llk/tt_llk_blackhole/common/inc -I/opt/tt-metal/tt_metal/tt-llk/tt_llk_blackhole/llk_lib -I/opt/tt-metal/tt_metal/tt-llk/tt_llk_blackhole/llk_lib/hal -I/opt/tt-metal/tt_metal/hw/firmware/src/tt-1xx -I/opt/tt-metal/models/experimental/pi0/tt/megakernel/kernels -include /sp/ttcache_prof/tt-metal-cache/pch/1b9e28ac75b7aabf/pch.h -DIS_NOT_POW2_NUM_L1_BANKS=1 -DLOG_BASE_2_OF_NUM_DRAM_BANKS=3 -DNUM_DRAM_BANKS=8 -DNUM_L1_BANKS=110 -DPCIE_NOC_X=19 -DPCIE_NOC_Y=24 -DTENSIX_FIRMWARE -DLOCAL_MEM_EN=0 -DPROFILE_KERNEL=1 -DPROFILER_FULL_HOST_BUFFER_SIZE_PER_RISC=768000 -DPROCESSOR_INDEX=0 -DCOMPILE_FOR_BRISC -DPROGRAMMABLE_CORE_TYPE=0 -DARCH_BLACKHOLE -DDISPATCH_MESSAGE_ADDR=4290184248 -DKERNEL_BUILD -DMK_FID=3 -DMK_FID8_HIFI2=1 -DMK_KV_MCAST=1 -DNOC_INDEX=1 -DNOC_MODE=0 -DFULL_KERNEL_NAME="mk_brisc/7493975974038005325/" -DKERNEL_COMPILE_TIME_ARGS=2,18,4,5,897988541,0,1088,2,2048,0,2048,0,2048,0,2048,2,2048,2,2048 -c -o /sp/ttcache_prof/tt-metal-cache8908659371042919221/kernels/mk_brisc/7493975974038005325/brisc/brisck.2475656884148353978_1.o /opt/tt-metal/tt_metal/hw/firmware/src/tt-1xx/brisck.cc -MF /sp/ttcache_prof/tt-metal-cache8908659371042919221/kernels/mk_brisc/7493975974038005325/brisc/brisck.2475656884148353978_1.d
In file included from /opt/tt-metal/tt_metal/hw/inc/api/dataflow/dataflow_api.h:24,
                 from /opt/tt-metal/tt_metal/hw/inc/internal/firmware_common.h:23,
                 from /opt/tt-metal/tt_metal/hw/firmware/src/tt-1xx/brisck.cc:16:
/opt/tt-metal/tt_metal/tools/profiler/kernel_profiler.hpp: In function 'void kernel_profiler::finish_profiler(bool)':
/opt/tt-metal/tt_metal/tools/profiler/kernel_profiler.hpp:32:22: note: '#pragma message: PROFILER-NOC-FLUSH,/opt/tt-metal/tt_metal/tools/profiler/kernel_profiler.hpp,481,KERNEL_PROFILER'
   32 | #define DO_PRAGMA(x) _Pragma(#x)
      |                      ^~~~~~~
/opt/tt-metal/tt_metal/tools/profiler/kernel_profiler.hpp:42:5: note: in expansion of macro 'DO_PRAGMA'
   42 |     DO_PRAGMA(message(PROFILER_MSG_NAME(name))); \
      |     ^~~~~~~~~
/opt/tt-metal/tt_metal/tools/profiler/kernel_profiler.hpp:481:17: note: in expansion of macro 'SrcLocNameToHash'
  481 |                 SrcLocNameToHash("PROFILER-NOC-FLUSH");
      |                 ^~~~~~~~~~~~~~~~
/opt/tt-metal/tt_metal/tools/profiler/kernel_profiler.hpp:32:22: note: '#pragma message: PROFILER-DRAM-PUSH,/opt/tt-metal/tt_metal/tools/profiler/kernel_profiler.hpp,490,KERNEL_PROFILER'
   32 | #define DO_PRAGMA(x) _Pragma(#x)
      |                      ^~~~~~~
/opt/tt-metal/tt_metal/tools/profiler/kernel_profiler.hpp:42:5: note: in expansion of macro 'DO_PRAGMA'
   42 |     DO_PRAGMA(message(PROFILER_MSG_NAME(name))); \
      |     ^~~~~~~~~
/opt/tt-metal/tt_metal/tools/profiler/kernel_profiler.hpp:490:17: note: in expansion of macro 'SrcLocNameToHash'
  490 |                 SrcLocNameToHash("PROFILER-DRAM-PUSH");
      |                 ^~~~~~~~~~~~~~~~
/opt/tt-metal/tt_metal/tools/profiler/kernel_profiler.hpp: In function 'void kernel_profiler::quick_push()':
/opt/tt-metal/tt_metal/tools/profiler/kernel_profiler.hpp:32:22: note: '#pragma message: PROFILER-NOC-QUICK-PUSH,/opt/tt-metal/tt_metal/tools/profiler/kernel_profiler.hpp,633,KERNEL_PROFILER'
   32 | #define DO_PRAGMA(x) _Pragma(#x)
      |                      ^~~~~~~
/opt/tt-metal/tt_metal/tools/profiler/kernel_profiler.hpp:42:5: note: in expansion of macro 'DO_PRAGMA'
   42 |     DO_PRAGMA(message(PROFILER_MSG_NAME(name))); \
      |     ^~~~~~~~~
/opt/tt-metal/tt_metal/tools/profiler/kernel_profiler.hpp:633:5: note: in expansion of macro 'SrcLocNameToHash'
  633 |     SrcLocNameToHash("PROFILER-NOC-QUICK-PUSH");
      |     ^~~~~~~~~~~~~~~~
/opt/tt-metal/tt_metal/hw/firmware/src/tt-1xx/brisck.cc: In function 'uint32_t _start()':
/opt/tt-metal/tt_metal/tools/profiler/kernel_profiler.hpp:32:22: note: '#pragma message: BRISC-KERNEL,/opt/tt-metal/tt_metal/hw/firmware/src/tt-1xx/brisck.cc,77,KERNEL_PROFILER'
   32 | #define DO_PRAGMA(x) _Pragma(#x)
      |                      ^~~~~~~
/opt/tt-metal/tt_metal/tools/profiler/kernel_profiler.hpp:1047:5: note: in expansion of macro 'DO_PRAGMA'
 1047 |     DO_PRAGMA(message(PROFILER_MSG_NAME(name)));                               \
      |     ^~~~~~~~~
/opt/tt-metal/tt_metal/hw/firmware/src/tt-1xx/brisck.cc:77:9: note: in expansion of macro 'DeviceZoneScopedMainChildN'
   77 |         DeviceZoneScopedMainChildN("BRISC-KERNEL");
      |         ^~~~~~~~~~~~~~~~~~~~~~~~~~
Building trisc0, compile step:
/opt/tt-metal/runtime/sfpi/compiler/bin/riscv-tt-elf-g++ -O3 -std=c++17 -ftt-nttp -ftt-constinit -ftt-consteval -ftt-no-dyninit -flto=1 -flto-partition=one -ffast-math -fno-finite-math-only -fsigned-zeros -fno-associative-math -fno-exceptions -fno-rtti -fno-use-cxa-atexit -g -MMD -Wall -Werror -Wno-error=deprecated-declarations -Wno-error=multistatement-macros -Wno-error=parentheses -Wno-error=unused-but-set-variable -Wno-unused-variable -Wno-unused-function --param=min-pagesize=0 -mcpu=tt-bh-tensix -Winvalid-pch -Wno-error=invalid-pch -I. -I.. -I/opt/tt-metal/ -I/opt/tt-metal/ttnn -I/opt/tt-metal/ttnn/cpp -I/opt/tt-metal/tt_metal -I/opt/tt-metal/tt_metal/hw/inc -I/opt/tt-metal/tt_metal/tt-llk/common -I/opt/tt-metal/tt_metal/tt-llk/tools/include -I/opt/tt-metal/tt_metal/hostdevcommon/api -I/opt/tt-metal/tt_metal/api/ -I/opt/tt-metal/runtime/sfpi/include -I/opt/tt-metal/tt_metal/hw/ckernels/blackhole/metal/common -I/opt/tt-metal/tt_metal/hw/ckernels/blackhole/metal/llk_io -I/opt/tt-metal/tt_metal/hw/inc/internal/tt-1xx -I/opt/tt-metal/tt_metal/hw/inc/internal/tt-1xx/blackhole -I/opt/tt-metal/tt_metal/hw/inc/internal/tt-1xx/blackhole/blackhole_defines -I/opt/tt-metal/tt_metal/hw/inc/internal/tt-1xx/blackhole/noc -I/opt/tt-metal/tt_metal/tt-llk/tt_llk_blackhole/common/inc -I/opt/tt-metal/tt_metal/tt-llk/tt_llk_blackhole/llk_lib -I/opt/tt-metal/tt_metal/tt-llk/tt_llk_blackhole/llk_lib/hal -I/opt/tt-metal/tt_metal/hw/ckernels/blackhole/metal/llk_api -I/opt/tt-metal/tt_metal/hw/ckernels/blackhole/metal/llk_api/llk_sfpu -I/opt/tt-metal/tt_metal/hw/firmware/src/tt-1xx -I/opt/tt-metal/models/experimental/pi0/tt/megakernel/kernels -include /sp/ttcache_prof/tt-metal-cache/pch/e13a6eedc934b130/pch.h -DIS_NOT_POW2_NUM_L1_BANKS=1 -DLOG_BASE_2_OF_NUM_DRAM_BANKS=3 -DNUM_DRAM_BANKS=8 -DNUM_L1_BANKS=110 -DPCIE_NOC_X=19 -DPCIE_NOC_Y=24 -DTENSIX_FIRMWARE -DLOCAL_MEM_EN=0 -DPROFILE_KERNEL=1 -DPROFILER_FULL_HOST_BUFFER_SIZE_PER_RISC=768000 -DPROCESSOR_INDEX=2 -DUCK_CHLKC_UNPACK -DCOMPILE_FOR_TRISC=0 -DPROGRAMMABLE_CORE_TYPE=0 -DARCH_BLACKHOLE -DDISPATCH_MESSAGE_ADDR=4290184248 -DKERNEL_BUILD -DFULL_KERNEL_NAME="mk_trisc/10189204052475302643/" -DKERNEL_COMPILE_TIME_ARGS=2,18,4,5,897988541,0,1088,2,2048,0,2048,0,2048,0,2048,2,2048,2,2048 -c -o /sp/ttcache_prof/tt-metal-cache8908659371042919221/kernels/mk_trisc/10189204052475302643/trisc0/trisck.2475656884148353978_1.o /opt/tt-metal/tt_metal/hw/firmware/src/tt-1xx/trisck.cc -MF /sp/ttcache_prof/tt-metal-cache8908659371042919221/kernels/mk_trisc/10189204052475302643/trisc0/trisck.2475656884148353978_1.d
In file included from /opt/tt-metal/tt_metal/hw/ckernels/blackhole/metal/llk_io/llk_io_unpack.h:13,
                 from /opt/tt-metal/tt_metal/hw/inc/api/compute/compute_kernel_api.h:98,
                 from /opt/tt-metal/models/experimental/pi0/tt/megakernel/kernels/mk_trisc.cpp:22,
                 from ../chlkc_unpack.cpp:4,
                 from /opt/tt-metal/tt_metal/hw/ckernels/blackhole/metal/common/chlkc_list.h:26,
                 from /opt/tt-metal/tt_metal/hw/firmware/src/tt-1xx/trisck.cc:14:
/opt/tt-metal/tt_metal/hw/ckernels/blackhole/metal/llk_io/llk_io_unpack.h: In function 'void llk_wait_tiles(int, int32_t)':
/opt/tt-metal/tt_metal/tools/profiler/kernel_profiler.hpp:32:22: note: '#pragma message: CB-COMPUTE-WAIT-FRONT,/opt/tt-metal/tt_metal/hw/ckernels/blackhole/metal/llk_io/llk_io_unpack.h,19,KERNEL_PROFILER'
   32 | #define DO_PRAGMA(x) _Pragma(#x)
      |                      ^~~~~~~
/opt/tt-metal/tt_metal/tools/profiler/kernel_profiler.hpp:1052:5: note: in expansion of macro 'DO_PRAGMA'
 1052 |     DO_PRAGMA(message(PROFILER_MSG_NAME(name)));                               \
      |     ^~~~~~~~~
/opt/tt-metal/tt_metal/hw/ckernels/blackhole/metal/llk_io/llk_io_unpack.h:19:5: note: in expansion of macro 'DeviceZoneScopedSumN1'
   19 |     DeviceZoneScopedSumN1("CB-COMPUTE-WAIT-FRONT");
      |     ^~~~~~~~~~~~~~~~~~~~~
/opt/tt-metal/tt_metal/hw/firmware/src/tt-1xx/trisck.cc: In function 'uint32_t _start()':
/opt/tt-metal/tt_metal/tools/profiler/kernel_profiler.hpp:32:22: note: '#pragma message: TRISC-KERNEL,/opt/tt-metal/tt_metal/hw/firmware/src/tt-1xx/trisck.cc,89,KERNEL_PROFILER'
   32 | #define DO_PRAGMA(x) _Pragma(#x)
      |                      ^~~~~~~
/opt/tt-metal/tt_metal/tools/profiler/kernel_profiler.hpp:1047:5: note: in expansion of macro 'DO_PRAGMA'
 1047 |     DO_PRAGMA(message(PROFILER_MSG_NAME(name)));                               \
      |     ^~~~~~~~~
/opt/tt-metal/tt_metal/hw/firmware/src/tt-1xx/trisck.cc:89:5: note: in expansion of macro 'DeviceZoneScopedMainChildN'
   89 |     DeviceZoneScopedMainChildN("TRISC-KERNEL");
      |     ^~~~~~~~~~~~~~~~~~~~~~~~~~
Building trisc2, compile step:
/opt/tt-metal/runtime/sfpi/compiler/bin/riscv-tt-elf-g++ -O3 -std=c++17 -ftt-nttp -ftt-constinit -ftt-consteval -ftt-no-dyninit -flto=1 -flto-partition=one -ffast-math -fno-finite-math-only -fsigned-zeros -fno-associative-math -fno-exceptions -fno-rtti -fno-use-cxa-atexit -g -MMD -Wall -Werror -Wno-error=deprecated-declarations -Wno-error=multistatement-macros -Wno-error=parentheses -Wno-error=unused-but-set-variable -Wno-unused-variable -Wno-unused-function --param=min-pagesize=0 -mcpu=tt-bh-tensix -Winvalid-pch -Wno-error=invalid-pch -I. -I.. -I/opt/tt-metal/ -I/opt/tt-metal/ttnn -I/opt/tt-metal/ttnn/cpp -I/opt/tt-metal/tt_metal -I/opt/tt-metal/tt_metal/hw/inc -I/opt/tt-metal/tt_metal/tt-llk/common -I/opt/tt-metal/tt_metal/tt-llk/tools/include -I/opt/tt-metal/tt_metal/hostdevcommon/api -I/opt/tt-metal/tt_metal/api/ -I/opt/tt-metal/runtime/sfpi/include -I/opt/tt-metal/tt_metal/hw/ckernels/blackhole/metal/common -I/opt/tt-metal/tt_metal/hw/ckernels/blackhole/metal/llk_io -I/opt/tt-metal/tt_metal/hw/inc/internal/tt-1xx -I/opt/tt-metal/tt_metal/hw/inc/internal/tt-1xx/blackhole -I/opt/tt-metal/tt_metal/hw/inc/internal/tt-1xx/blackhole/blackhole_defines -I/opt/tt-metal/tt_metal/hw/inc/internal/tt-1xx/blackhole/noc -I/opt/tt-metal/tt_metal/tt-llk/tt_llk_blackhole/common/inc -I/opt/tt-metal/tt_metal/tt-llk/tt_llk_blackhole/llk_lib -I/opt/tt-metal/tt_metal/tt-llk/tt_llk_blackhole/llk_lib/hal -I/opt/tt-metal/tt_metal/hw/ckernels/blackhole/metal/llk_api -I/opt/tt-metal/tt_metal/hw/ckernels/blackhole/metal/llk_api/llk_sfpu -I/opt/tt-metal/tt_metal/hw/firmware/src/tt-1xx -I/opt/tt-metal/models/experimental/pi0/tt/megakernel/kernels -include /sp/ttcache_prof/tt-metal-cache/pch/e13a6eedc934b130/pch.h -DIS_NOT_POW2_NUM_L1_BANKS=1 -DLOG_BASE_2_OF_NUM_DRAM_BANKS=3 -DNUM_DRAM_BANKS=8 -DNUM_L1_BANKS=110 -DPCIE_NOC_X=19 -DPCIE_NOC_Y=24 -DTENSIX_FIRMWARE -DLOCAL_MEM_EN=0 -DPROFILE_KERNEL=1 -DPROFILER_FULL_HOST_BUFFER_SIZE_PER_RISC=768000 -DPROCESSOR_INDEX=4 -DUCK_CHLKC_PACK -DCOMPILE_FOR_TRISC=2 -DPROGRAMMABLE_CORE_TYPE=0 -DARCH_BLACKHOLE -DDISPATCH_MESSAGE_ADDR=4290184248 -DKERNEL_BUILD -DFULL_KERNEL_NAME="mk_trisc/10189204052475302643/" -DKERNEL_COMPILE_TIME_ARGS=2,18,4,5,897988541,0,1088,2,2048,0,2048,0,2048,0,2048,2,2048,2,2048 -c -o /sp/ttcache_prof/tt-metal-cache8908659371042919221/kernels/mk_trisc/10189204052475302643/trisc2/trisck.2475656884148353978_1.o /opt/tt-metal/tt_metal/hw/firmware/src/tt-1xx/trisck.cc -MF /sp/ttcache_prof/tt-metal-cache8908659371042919221/kernels/mk_trisc/10189204052475302643/trisc2/trisck.2475656884148353978_1.d
In file included from /opt/tt-metal/tt_metal/hw/ckernels/blackhole/metal/llk_io/llk_io_pack.h:14,
                 from /opt/tt-metal/tt_metal/hw/inc/api/compute/compute_kernel_api.h:73,
                 from /opt/tt-metal/models/experimental/pi0/tt/megakernel/kernels/mk_trisc.cpp:22,
                 from ../chlkc_pack.cpp:4,
                 from /opt/tt-metal/tt_metal/hw/ckernels/blackhole/metal/common/chlkc_list.h:21,
                 from /opt/tt-metal/tt_metal/hw/firmware/src/tt-1xx/trisck.cc:14:
/opt/tt-metal/tt_metal/hw/ckernels/blackhole/metal/llk_io/llk_io_pack.h: In function 'void llk_wait_for_free_tiles(int32_t, int32_t)':
/opt/tt-metal/tt_metal/tools/profiler/kernel_profiler.hpp:32:22: note: '#pragma message: CB-COMPUTE-RESERVE-BACK,/opt/tt-metal/tt_metal/hw/ckernels/blackhole/metal/llk_io/llk_io_pack.h,21,KERNEL_PROFILER'
   32 | #define DO_PRAGMA(x) _Pragma(#x)
      |                      ^~~~~~~
/opt/tt-metal/tt_metal/tools/profiler/kernel_profiler.hpp:1057:5: note: in expansion of macro 'DO_PRAGMA'
 1057 |     DO_PRAGMA(message(PROFILER_MSG_NAME(name)));                               \
      |     ^~~~~~~~~
/opt/tt-metal/tt_metal/hw/ckernels/blackhole/metal/llk_io/llk_io_pack.h:21:5: note: in expansion of macro 'DeviceZoneScopedSumN2'
   21 |     DeviceZoneScopedSumN2("CB-COMPUTE-RESERVE-BACK");
      |     ^~~~~~~~~~~~~~~~~~~~~
/opt/tt-metal/tt_metal/hw/firmware/src/tt-1xx/trisck.cc: In function 'uint32_t _start()':
/opt/tt-metal/tt_metal/tools/profiler/kernel_profiler.hpp:32:22: note: '#pragma message: TRISC-KERNEL,/opt/tt-metal/tt_metal/hw/firmware/src/tt-1xx/trisck.cc,89,KERNEL_PROFILER'
   32 | #define DO_PRAGMA(x) _Pragma(#x)
      |                      ^~~~~~~
/opt/tt-metal/tt_metal/tools/profiler/kernel_profiler.hpp:1047:5: note: in expansion of macro 'DO_PRAGMA'
 1047 |     DO_PRAGMA(message(PROFILER_MSG_NAME(name)));                               \
      |     ^~~~~~~~~
/opt/tt-metal/tt_metal/hw/firmware/src/tt-1xx/trisck.cc:89:5: note: in expansion of macro 'DeviceZoneScopedMainChildN'
   89 |     DeviceZoneScopedMainChildN("TRISC-KERNEL");
      |     ^~~~~~~~~~~~~~~~~~~~~~~~~~
Building trisc1, compile step:
/opt/tt-metal/runtime/sfpi/compiler/bin/riscv-tt-elf-g++ -O3 -std=c++17 -ftt-nttp -ftt-constinit -ftt-consteval -ftt-no-dyninit -flto=1 -flto-partition=one -ffast-math -fno-finite-math-only -fsigned-zeros -fno-associative-math -fno-exceptions -fno-rtti -fno-use-cxa-atexit -g -MMD -Wall -Werror -Wno-error=deprecated-declarations -Wno-error=multistatement-macros -Wno-error=parentheses -Wno-error=unused-but-set-variable -Wno-unused-variable -Wno-unused-function --param=min-pagesize=0 -mcpu=tt-bh-tensix -Winvalid-pch -Wno-error=invalid-pch -I. -I.. -I/opt/tt-metal/ -I/opt/tt-metal/ttnn -I/opt/tt-metal/ttnn/cpp -I/opt/tt-metal/tt_metal -I/opt/tt-metal/tt_metal/hw/inc -I/opt/tt-metal/tt_metal/tt-llk/common -I/opt/tt-metal/tt_metal/tt-llk/tools/include -I/opt/tt-metal/tt_metal/hostdevcommon/api -I/opt/tt-metal/tt_metal/api/ -I/opt/tt-metal/runtime/sfpi/include -I/opt/tt-metal/tt_metal/hw/ckernels/blackhole/metal/common -I/opt/tt-metal/tt_metal/hw/ckernels/blackhole/metal/llk_io -I/opt/tt-metal/tt_metal/hw/inc/internal/tt-1xx -I/opt/tt-metal/tt_metal/hw/inc/internal/tt-1xx/blackhole -I/opt/tt-metal/tt_metal/hw/inc/internal/tt-1xx/blackhole/blackhole_defines -I/opt/tt-metal/tt_metal/hw/inc/internal/tt-1xx/blackhole/noc -I/opt/tt-metal/tt_metal/tt-llk/tt_llk_blackhole/common/inc -I/opt/tt-metal/tt_metal/tt-llk/tt_llk_blackhole/llk_lib -I/opt/tt-metal/tt_metal/tt-llk/tt_llk_blackhole/llk_lib/hal -I/opt/tt-metal/tt_metal/hw/ckernels/blackhole/metal/llk_api -I/opt/tt-metal/tt_metal/hw/ckernels/blackhole/metal/llk_api/llk_sfpu -I/opt/tt-metal/tt_metal/hw/firmware/src/tt-1xx -I/opt/tt-metal/models/experimental/pi0/tt/megakernel/kernels -include /sp/ttcache_prof/tt-metal-cache/pch/e13a6eedc934b130/pch.h -DIS_NOT_POW2_NUM_L1_BANKS=1 -DLOG_BASE_2_OF_NUM_DRAM_BANKS=3 -DNUM_DRAM_BANKS=8 -DNUM_L1_BANKS=110 -DPCIE_NOC_X=19 -DPCIE_NOC_Y=24 -DTENSIX_FIRMWARE -DLOCAL_MEM_EN=0 -DPROFILE_KERNEL=1 -DPROFILER_FULL_HOST_BUFFER_SIZE_PER_RISC=768000 -DPROCESSOR_INDEX=3 -DUCK_CHLKC_MATH -DCOMPILE_FOR_TRISC=1 -DPROGRAMMABLE_CORE_TYPE=0 -DARCH_BLACKHOLE -DDISPATCH_MESSAGE_ADDR=4290184248 -DKERNEL_BUILD -DFULL_KERNEL_NAME="mk_trisc/10189204052475302643/" -DKERNEL_COMPILE_TIME_ARGS=2,18,4,5,897988541,0,1088,2,2048,0,2048,0,2048,0,2048,2,2048,2,2048 -c -o /sp/ttcache_prof/tt-metal-cache8908659371042919221/kernels/mk_trisc/10189204052475302643/trisc1/trisck.2475656884148353978_1.o /opt/tt-metal/tt_metal/hw/firmware/src/tt-1xx/trisck.cc -MF /sp/ttcache_prof/tt-metal-cache8908659371042919221/kernels/mk_trisc/10189204052475302643/trisc1/trisck.2475656884148353978_1.d
In file included from /opt/tt-metal/tt_metal/hw/firmware/src/tt-1xx/trisck.cc:16:
/opt/tt-metal/tt_metal/hw/firmware/src/tt-1xx/trisck.cc: In function 'uint32_t _start()':
/opt/tt-metal/tt_metal/tools/profiler/kernel_profiler.hpp:32:22: note: '#pragma message: TRISC-KERNEL,/opt/tt-metal/tt_metal/hw/firmware/src/tt-1xx/trisck.cc,89,KERNEL_PROFILER'
   32 | #define DO_PRAGMA(x) _Pragma(#x)
      |                      ^~~~~~~
/opt/tt-metal/tt_metal/tools/profiler/kernel_profiler.hpp:1047:5: note: in expansion of macro 'DO_PRAGMA'
 1047 |     DO_PRAGMA(message(PROFILER_MSG_NAME(name)));                               \
      |     ^~~~~~~~~
/opt/tt-metal/tt_metal/hw/firmware/src/tt-1xx/trisck.cc:89:5: note: in expansion of macro 'DeviceZoneScopedMainChildN'
   89 |     DeviceZoneScopedMainChildN("TRISC-KERNEL");
      |     ^~~~~~~~~~~~~~~~~~~~~~~~~~
Building ncrisc, compile step:
/opt/tt-metal/runtime/sfpi/compiler/bin/riscv-tt-elf-g++ -O2 -std=c++17 -ftt-nttp -ftt-constinit -ftt-consteval -ftt-no-dyninit -flto=1 -flto-partition=one -ffast-math -fno-finite-math-only -fsigned-zeros -fno-associative-math -fno-exceptions -fno-rtti -fno-use-cxa-atexit -g -MMD -Wall -Werror -Wno-error=deprecated-declarations -Wno-error=multistatement-macros -Wno-error=parentheses -Wno-error=unused-but-set-variable -Wno-unused-variable -Wno-unused-function --param=min-pagesize=0 -mcpu=tt-bh -fno-tree-loop-distribute-patterns -Winvalid-pch -Wno-error=invalid-pch -I. -I.. -I/opt/tt-metal/ -I/opt/tt-metal/ttnn -I/opt/tt-metal/ttnn/cpp -I/opt/tt-metal/tt_metal -I/opt/tt-metal/tt_metal/hw/inc -I/opt/tt-metal/tt_metal/tt-llk/common -I/opt/tt-metal/tt_metal/tt-llk/tools/include -I/opt/tt-metal/tt_metal/hostdevcommon/api -I/opt/tt-metal/tt_metal/api/ -I/opt/tt-metal/tt_metal/hw/ckernels/blackhole/metal/common -I/opt/tt-metal/tt_metal/hw/ckernels/blackhole/metal/llk_io -I/opt/tt-metal/tt_metal/hw/inc/internal/tt-1xx -I/opt/tt-metal/tt_metal/hw/inc/internal/tt-1xx/blackhole -I/opt/tt-metal/tt_metal/hw/inc/internal/tt-1xx/blackhole/blackhole_defines -I/opt/tt-metal/tt_metal/hw/inc/internal/tt-1xx/blackhole/noc -I/opt/tt-metal/tt_metal/tt-llk/tt_llk_blackhole/common/inc -I/opt/tt-metal/tt_metal/tt-llk/tt_llk_blackhole/llk_lib -I/opt/tt-metal/tt_metal/tt-llk/tt_llk_blackhole/llk_lib/hal -I/opt/tt-metal/tt_metal/hw/firmware/src/tt-1xx -I/opt/tt-metal/models/experimental/pi0/tt/megakernel/kernels_p2 -include /sp/ttcache_prof/tt-metal-cache/pch/1b9e28ac75b7aabf/pch.h -DIS_NOT_POW2_NUM_L1_BANKS=1 -DLOG_BASE_2_OF_NUM_DRAM_BANKS=3 -DNUM_DRAM_BANKS=8 -DNUM_L1_BANKS=110 -DPCIE_NOC_X=19 -DPCIE_NOC_Y=24 -DTENSIX_FIRMWARE -DLOCAL_MEM_EN=0 -DPROFILE_KERNEL=1 -DPROFILER_FULL_HOST_BUFFER_SIZE_PER_RISC=768000 -DPROCESSOR_INDEX=1 -DCOMPILE_FOR_NCRISC -DPROGRAMMABLE_CORE_TYPE=0 -DARCH_BLACKHOLE -DDISPATCH_MESSAGE_ADDR=4290184248 -DKERNEL_BUILD -DMK_FID8_HIFI2=1 -DPE_ATT_FID=3 -DPE_ATT_FLAT=2 -DPE_CT0=19 -DPE_MM_FID=3 -DPE_NO_EXPERT=1 -DNOC_INDEX=0 -DNOC_MODE=0 -DFULL_KERNEL_NAME="whole_ncrisc/14683244037653279947/" -DKERNEL_COMPILE_TIME_ARGS=2,18,4,5,897988541,0,1088,2,2048,0,2048,0,2048,0,2048,2,2048,2,2048,18,18,6,2,64,897988541,897988541,1110770931,955776,2,4,110,2,4096,0,1088 -c -o /sp/ttcache_prof/tt-metal-cache8908659371042919221/kernels/whole_ncrisc/14683244037653279947/ncrisc/ncrisck.2475656884148353978_1.o /opt/tt-metal/tt_metal/hw/firmware/src/tt-1xx/ncrisck.cc -MF /sp/ttcache_prof/tt-metal-cache8908659371042919221/kernels/whole_ncrisc/14683244037653279947/ncrisc/ncrisck.2475656884148353978_1.d
In file included from /opt/tt-metal/tt_metal/hw/inc/api/dataflow/dataflow_api.h:24,
                 from /opt/tt-metal/tt_metal/hw/inc/internal/firmware_common.h:23,
                 from /opt/tt-metal/tt_metal/hw/firmware/src/tt-1xx/ncrisck.cc:17:
/opt/tt-metal/tt_metal/tools/profiler/kernel_profiler.hpp: In function 'void kernel_profiler::quick_push()':
/opt/tt-metal/tt_metal/tools/profiler/kernel_profiler.hpp:32:22: note: '#pragma message: PROFILER-NOC-QUICK-PUSH,/opt/tt-metal/tt_metal/tools/profiler/kernel_profiler.hpp,633,KERNEL_PROFILER'
   32 | #define DO_PRAGMA(x) _Pragma(#x)
      |                      ^~~~~~~
/opt/tt-metal/tt_metal/tools/profiler/kernel_profiler.hpp:42:5: note: in expansion of macro 'DO_PRAGMA'
   42 |     DO_PRAGMA(message(PROFILER_MSG_NAME(name))); \
      |     ^~~~~~~~~
/opt/tt-metal/tt_metal/tools/profiler/kernel_profiler.hpp:633:5: note: in expansion of macro 'SrcLocNameToHash'
  633 |     SrcLocNameToHash("PROFILER-NOC-QUICK-PUSH");
      |     ^~~~~~~~~~~~~~~~
/opt/tt-metal/tt_metal/hw/firmware/src/tt-1xx/ncrisck.cc: In function 'uint32_t _start()':
/opt/tt-metal/tt_metal/tools/profiler/kernel_profiler.hpp:32:22: note: '#pragma message: NCRISC-KERNEL,/opt/tt-metal/tt_metal/hw/firmware/src/tt-1xx/ncrisck.cc,70,KERNEL_PROFILER'
   32 | #define DO_PRAGMA(x) _Pragma(#x)
      |                      ^~~~~~~
/opt/tt-metal/tt_metal/tools/profiler/kernel_profiler.hpp:1047:5: note: in expansion of macro 'DO_PRAGMA'
 1047 |     DO_PRAGMA(message(PROFILER_MSG_NAME(name)));                               \
      |     ^~~~~~~~~
/opt/tt-metal/tt_metal/hw/firmware/src/tt-1xx/ncrisck.cc:70:5: note: in expansion of macro 'DeviceZoneScopedMainChildN'
   70 |     DeviceZoneScopedMainChildN("NCRISC-KERNEL");
      |     ^~~~~~~~~~~~~~~~~~~~~~~~~~
Building brisc, compile step:
/opt/tt-metal/runtime/sfpi/compiler/bin/riscv-tt-elf-g++ -O2 -std=c++17 -ftt-nttp -ftt-constinit -ftt-consteval -ftt-no-dyninit -flto=1 -flto-partition=one -ffast-math -fno-finite-math-only -fsigned-zeros -fno-associative-math -fno-exceptions -fno-rtti -fno-use-cxa-atexit -g -MMD -Wall -Werror -Wno-error=deprecated-declarations -Wno-error=multistatement-macros -Wno-error=parentheses -Wno-error=unused-but-set-variable -Wno-unused-variable -Wno-unused-function --param=min-pagesize=0 -mcpu=tt-bh -fno-tree-loop-distribute-patterns -Winvalid-pch -Wno-error=invalid-pch -I. -I.. -I/opt/tt-metal/ -I/opt/tt-metal/ttnn -I/opt/tt-metal/ttnn/cpp -I/opt/tt-metal/tt_metal -I/opt/tt-metal/tt_metal/hw/inc -I/opt/tt-metal/tt_metal/tt-llk/common -I/opt/tt-metal/tt_metal/tt-llk/tools/include -I/opt/tt-metal/tt_metal/hostdevcommon/api -I/opt/tt-metal/tt_metal/api/ -I/opt/tt-metal/tt_metal/hw/ckernels/blackhole/metal/common -I/opt/tt-metal/tt_metal/hw/ckernels/blackhole/metal/llk_io -I/opt/tt-metal/tt_metal/hw/inc/internal/tt-1xx -I/opt/tt-metal/tt_metal/hw/inc/internal/tt-1xx/blackhole -I/opt/tt-metal/tt_metal/hw/inc/internal/tt-1xx/blackhole/blackhole_defines -I/opt/tt-metal/tt_metal/hw/inc/internal/tt-1xx/blackhole/noc -I/opt/tt-metal/tt_metal/tt-llk/tt_llk_blackhole/common/inc -I/opt/tt-metal/tt_metal/tt-llk/tt_llk_blackhole/llk_lib -I/opt/tt-metal/tt_metal/tt-llk/tt_llk_blackhole/llk_lib/hal -I/opt/tt-metal/tt_metal/hw/firmware/src/tt-1xx -I/opt/tt-metal/models/experimental/pi0/tt/megakernel/kernels_p2 -include /sp/ttcache_prof/tt-metal-cache/pch/1b9e28ac75b7aabf/pch.h -DIS_NOT_POW2_NUM_L1_BANKS=1 -DLOG_BASE_2_OF_NUM_DRAM_BANKS=3 -DNUM_DRAM_BANKS=8 -DNUM_L1_BANKS=110 -DPCIE_NOC_X=19 -DPCIE_NOC_Y=24 -DTENSIX_FIRMWARE -DLOCAL_MEM_EN=0 -DPROFILE_KERNEL=1 -DPROFILER_FULL_HOST_BUFFER_SIZE_PER_RISC=768000 -DPROCESSOR_INDEX=0 -DCOMPILE_FOR_BRISC -DPROGRAMMABLE_CORE_TYPE=0 -DARCH_BLACKHOLE -DDISPATCH_MESSAGE_ADDR=4290184248 -DKERNEL_BUILD -DMK_FID8_HIFI2=1 -DPE_ATT_FID=3 -DPE_ATT_FLAT=2 -DPE_CT0=19 -DPE_MM_FID=3 -DPE_NO_EXPERT=1 -DNOC_INDEX=1 -DNOC_MODE=0 -DFULL_KERNEL_NAME="whole_brisc/4149903463071487704/" -DKERNEL_COMPILE_TIME_ARGS=2,18,4,5,897988541,0,1088,2,2048,0,2048,0,2048,0,2048,2,2048,2,2048,18,18,6,2,64,897988541,897988541,1110770931,955776,2,4,110,2,4096,0,1088 -c -o /sp/ttcache_prof/tt-metal-cache8908659371042919221/kernels/whole_brisc/4149903463071487704/brisc/brisck.2475656884148353978_1.o /opt/tt-metal/tt_metal/hw/firmware/src/tt-1xx/brisck.cc -MF /sp/ttcache_prof/tt-metal-cache8908659371042919221/kernels/whole_brisc/4149903463071487704/brisc/brisck.2475656884148353978_1.d
In file included from /opt/tt-metal/tt_metal/hw/inc/api/dataflow/dataflow_api.h:24,
                 from /opt/tt-metal/tt_metal/hw/inc/internal/firmware_common.h:23,
                 from /opt/tt-metal/tt_metal/hw/firmware/src/tt-1xx/brisck.cc:16:
/opt/tt-metal/tt_metal/tools/profiler/kernel_profiler.hpp: In function 'void kernel_profiler::finish_profiler(bool)':
/opt/tt-metal/tt_metal/tools/profiler/kernel_profiler.hpp:32:22: note: '#pragma message: PROFILER-NOC-FLUSH,/opt/tt-metal/tt_metal/tools/profiler/kernel_profiler.hpp,481,KERNEL_PROFILER'
   32 | #define DO_PRAGMA(x) _Pragma(#x)
      |                      ^~~~~~~
/opt/tt-metal/tt_metal/tools/profiler/kernel_profiler.hpp:42:5: note: in expansion of macro 'DO_PRAGMA'
   42 |     DO_PRAGMA(message(PROFILER_MSG_NAME(name))); \
      |     ^~~~~~~~~
/opt/tt-metal/tt_metal/tools/profiler/kernel_profiler.hpp:481:17: note: in expansion of macro 'SrcLocNameToHash'
  481 |                 SrcLocNameToHash("PROFILER-NOC-FLUSH");
      |                 ^~~~~~~~~~~~~~~~
/opt/tt-metal/tt_metal/tools/profiler/kernel_profiler.hpp:32:22: note: '#pragma message: PROFILER-DRAM-PUSH,/opt/tt-metal/tt_metal/tools/profiler/kernel_profiler.hpp,490,KERNEL_PROFILER'
   32 | #define DO_PRAGMA(x) _Pragma(#x)
      |                      ^~~~~~~
/opt/tt-metal/tt_metal/tools/profiler/kernel_profiler.hpp:42:5: note: in expansion of macro 'DO_PRAGMA'
   42 |     DO_PRAGMA(message(PROFILER_MSG_NAME(name))); \
      |     ^~~~~~~~~
/opt/tt-metal/tt_metal/tools/profiler/kernel_profiler.hpp:490:17: note: in expansion of macro 'SrcLocNameToHash'
  490 |                 SrcLocNameToHash("PROFILER-DRAM-PUSH");
      |                 ^~~~~~~~~~~~~~~~
/opt/tt-metal/tt_metal/tools/profiler/kernel_profiler.hpp: In function 'void kernel_profiler::quick_push()':
/opt/tt-metal/tt_metal/tools/profiler/kernel_profiler.hpp:32:22: note: '#pragma message: PROFILER-NOC-QUICK-PUSH,/opt/tt-metal/tt_metal/tools/profiler/kernel_profiler.hpp,633,KERNEL_PROFILER'
   32 | #define DO_PRAGMA(x) _Pragma(#x)
      |                      ^~~~~~~
/opt/tt-metal/tt_metal/tools/profiler/kernel_profiler.hpp:42:5: note: in expansion of macro 'DO_PRAGMA'
   42 |     DO_PRAGMA(message(PROFILER_MSG_NAME(name))); \
      |     ^~~~~~~~~
/opt/tt-metal/tt_metal/tools/profiler/kernel_profiler.hpp:633:5: note: in expansion of macro 'SrcLocNameToHash'
  633 |     SrcLocNameToHash("PROFILER-NOC-QUICK-PUSH");
      |     ^~~~~~~~~~~~~~~~
/opt/tt-metal/tt_metal/hw/firmware/src/tt-1xx/brisck.cc: In function 'uint32_t _start()':
/opt/tt-metal/tt_metal/tools/profiler/kernel_profiler.hpp:32:22: note: '#pragma message: BRISC-KERNEL,/opt/tt-metal/tt_metal/hw/firmware/src/tt-1xx/brisck.cc,77,KERNEL_PROFILER'
   32 | #define DO_PRAGMA(x) _Pragma(#x)
      |                      ^~~~~~~
/opt/tt-metal/tt_metal/tools/profiler/kernel_profiler.hpp:1047:5: note: in expansion of macro 'DO_PRAGMA'
 1047 |     DO_PRAGMA(message(PROFILER_MSG_NAME(name)));                               \
      |     ^~~~~~~~~
/opt/tt-metal/tt_metal/hw/firmware/src/tt-1xx/brisck.cc:77:9: note: in expansion of macro 'DeviceZoneScopedMainChildN'
   77 |         DeviceZoneScopedMainChildN("BRISC-KERNEL");
      |         ^~~~~~~~~~~~~~~~~~~~~~~~~~
Building trisc2, compile step:
/opt/tt-metal/runtime/sfpi/compiler/bin/riscv-tt-elf-g++ -O3 -std=c++17 -ftt-nttp -ftt-constinit -ftt-consteval -ftt-no-dyninit -flto=1 -flto-partition=one -ffast-math -fno-finite-math-only -fsigned-zeros -fno-associative-math -fno-exceptions -fno-rtti -fno-use-cxa-atexit -g -MMD -Wall -Werror -Wno-error=deprecated-declarations -Wno-error=multistatement-macros -Wno-error=parentheses -Wno-error=unused-but-set-variable -Wno-unused-variable -Wno-unused-function --param=min-pagesize=0 -mcpu=tt-bh-tensix -Winvalid-pch -Wno-error=invalid-pch -I. -I.. -I/opt/tt-metal/ -I/opt/tt-metal/ttnn -I/opt/tt-metal/ttnn/cpp -I/opt/tt-metal/tt_metal -I/opt/tt-metal/tt_metal/hw/inc -I/opt/tt-metal/tt_metal/tt-llk/common -I/opt/tt-metal/tt_metal/tt-llk/tools/include -I/opt/tt-metal/tt_metal/hostdevcommon/api -I/opt/tt-metal/tt_metal/api/ -I/opt/tt-metal/runtime/sfpi/include -I/opt/tt-metal/tt_metal/hw/ckernels/blackhole/metal/common -I/opt/tt-metal/tt_metal/hw/ckernels/blackhole/metal/llk_io -I/opt/tt-metal/tt_metal/hw/inc/internal/tt-1xx -I/opt/tt-metal/tt_metal/hw/inc/internal/tt-1xx/blackhole -I/opt/tt-metal/tt_metal/hw/inc/internal/tt-1xx/blackhole/blackhole_defines -I/opt/tt-metal/tt_metal/hw/inc/internal/tt-1xx/blackhole/noc -I/opt/tt-metal/tt_metal/tt-llk/tt_llk_blackhole/common/inc -I/opt/tt-metal/tt_metal/tt-llk/tt_llk_blackhole/llk_lib -I/opt/tt-metal/tt_metal/tt-llk/tt_llk_blackhole/llk_lib/hal -I/opt/tt-metal/tt_metal/hw/ckernels/blackhole/metal/llk_api -I/opt/tt-metal/tt_metal/hw/ckernels/blackhole/metal/llk_api/llk_sfpu -I/opt/tt-metal/tt_metal/hw/firmware/src/tt-1xx -I/opt/tt-metal/models/experimental/pi0/tt/megakernel/kernels_p2 -include /sp/ttcache_prof/tt-metal-cache/pch/e13a6eedc934b130/pch.h -DIS_NOT_POW2_NUM_L1_BANKS=1 -DLOG_BASE_2_OF_NUM_DRAM_BANKS=3 -DNUM_DRAM_BANKS=8 -DNUM_L1_BANKS=110 -DPCIE_NOC_X=19 -DPCIE_NOC_Y=24 -DTENSIX_FIRMWARE -DLOCAL_MEM_EN=0 -DPROFILE_KERNEL=1 -DPROFILER_FULL_HOST_BUFFER_SIZE_PER_RISC=768000 -DPROCESSOR_INDEX=4 -DUCK_CHLKC_PACK -DCOMPILE_FOR_TRISC=2 -DPROGRAMMABLE_CORE_TYPE=0 -DARCH_BLACKHOLE -DDISPATCH_MESSAGE_ADDR=4290184248 -DKERNEL_BUILD -DFULL_KERNEL_NAME="whole_trisc/7898434307422931478/" -DKERNEL_COMPILE_TIME_ARGS=2,18,4,5,897988541,0,1088,2,2048,0,2048,0,2048,0,2048,2,2048,2,2048,18,18,6,2,64,897988541,897988541,1110770931,955776,2,4,110,2,4096,0,1088 -c -o /sp/ttcache_prof/tt-metal-cache8908659371042919221/kernels/whole_trisc/7898434307422931478/trisc2/trisck.2475656884148353978_1.o /opt/tt-metal/tt_metal/hw/firmware/src/tt-1xx/trisck.cc -MF /sp/ttcache_prof/tt-metal-cache8908659371042919221/kernels/whole_trisc/7898434307422931478/trisc2/trisck.2475656884148353978_1.d
In file included from /opt/tt-metal/tt_metal/hw/ckernels/blackhole/metal/llk_io/llk_io_pack.h:14,
                 from /opt/tt-metal/tt_metal/hw/inc/api/compute/compute_kernel_api.h:73,
                 from /opt/tt-metal/models/experimental/pi0/tt/megakernel/kernels_p2/../kernels/mk_trisc.cpp:22,
                 from /opt/tt-metal/models/experimental/pi0/tt/megakernel/kernels_p2/whole_trisc.cpp:12,
                 from ../chlkc_pack.cpp:4,
                 from /opt/tt-metal/tt_metal/hw/ckernels/blackhole/metal/common/chlkc_list.h:21,
                 from /opt/tt-metal/tt_metal/hw/firmware/src/tt-1xx/trisck.cc:14:
/opt/tt-metal/tt_metal/hw/ckernels/blackhole/metal/llk_io/llk_io_pack.h: In function 'void llk_wait_for_free_tiles(int32_t, int32_t)':
/opt/tt-metal/tt_metal/tools/profiler/kernel_profiler.hpp:32:22: note: '#pragma message: CB-COMPUTE-RESERVE-BACK,/opt/tt-metal/tt_metal/hw/ckernels/blackhole/metal/llk_io/llk_io_pack.h,21,KERNEL_PROFILER'
   32 | #define DO_PRAGMA(x) _Pragma(#x)
      |                      ^~~~~~~
/opt/tt-metal/tt_metal/tools/profiler/kernel_profiler.hpp:1057:5: note: in expansion of macro 'DO_PRAGMA'
 1057 |     DO_PRAGMA(message(PROFILER_MSG_NAME(name)));                               \
      |     ^~~~~~~~~
/opt/tt-metal/tt_metal/hw/ckernels/blackhole/metal/llk_io/llk_io_pack.h:21:5: note: in expansion of macro 'DeviceZoneScopedSumN2'
   21 |     DeviceZoneScopedSumN2("CB-COMPUTE-RESERVE-BACK");
      |     ^~~~~~~~~~~~~~~~~~~~~
/opt/tt-metal/tt_metal/hw/firmware/src/tt-1xx/trisck.cc: In function 'uint32_t _start()':
/opt/tt-metal/tt_metal/tools/profiler/kernel_profiler.hpp:32:22: note: '#pragma message: TRISC-KERNEL,/opt/tt-metal/tt_metal/hw/firmware/src/tt-1xx/trisck.cc,89,KERNEL_PROFILER'
   32 | #define DO_PRAGMA(x) _Pragma(#x)
      |                      ^~~~~~~
/opt/tt-metal/tt_metal/tools/profiler/kernel_profiler.hpp:1047:5: note: in expansion of macro 'DO_PRAGMA'
 1047 |     DO_PRAGMA(message(PROFILER_MSG_NAME(name)));                               \
      |     ^~~~~~~~~
/opt/tt-metal/tt_metal/hw/firmware/src/tt-1xx/trisck.cc:89:5: note: in expansion of macro 'DeviceZoneScopedMainChildN'
   89 |     DeviceZoneScopedMainChildN("TRISC-KERNEL");
      |     ^~~~~~~~~~~~~~~~~~~~~~~~~~
Building trisc0, compile step:
/opt/tt-metal/runtime/sfpi/compiler/bin/riscv-tt-elf-g++ -O3 -std=c++17 -ftt-nttp -ftt-constinit -ftt-consteval -ftt-no-dyninit -flto=1 -flto-partition=one -ffast-math -fno-finite-math-only -fsigned-zeros -fno-associative-math -fno-exceptions -fno-rtti -fno-use-cxa-atexit -g -MMD -Wall -Werror -Wno-error=deprecated-declarations -Wno-error=multistatement-macros -Wno-error=parentheses -Wno-error=unused-but-set-variable -Wno-unused-variable -Wno-unused-function --param=min-pagesize=0 -mcpu=tt-bh-tensix -Winvalid-pch -Wno-error=invalid-pch -I. -I.. -I/opt/tt-metal/ -I/opt/tt-metal/ttnn -I/opt/tt-metal/ttnn/cpp -I/opt/tt-metal/tt_metal -I/opt/tt-metal/tt_metal/hw/inc -I/opt/tt-metal/tt_metal/tt-llk/common -I/opt/tt-metal/tt_metal/tt-llk/tools/include -I/opt/tt-metal/tt_metal/hostdevcommon/api -I/opt/tt-metal/tt_metal/api/ -I/opt/tt-metal/runtime/sfpi/include -I/opt/tt-metal/tt_metal/hw/ckernels/blackhole/metal/common -I/opt/tt-metal/tt_metal/hw/ckernels/blackhole/metal/llk_io -I/opt/tt-metal/tt_metal/hw/inc/internal/tt-1xx -I/opt/tt-metal/tt_metal/hw/inc/internal/tt-1xx/blackhole -I/opt/tt-metal/tt_metal/hw/inc/internal/tt-1xx/blackhole/blackhole_defines -I/opt/tt-metal/tt_metal/hw/inc/internal/tt-1xx/blackhole/noc -I/opt/tt-metal/tt_metal/tt-llk/tt_llk_blackhole/common/inc -I/opt/tt-metal/tt_metal/tt-llk/tt_llk_blackhole/llk_lib -I/opt/tt-metal/tt_metal/tt-llk/tt_llk_blackhole/llk_lib/hal -I/opt/tt-metal/tt_metal/hw/ckernels/blackhole/metal/llk_api -I/opt/tt-metal/tt_metal/hw/ckernels/blackhole/metal/llk_api/llk_sfpu -I/opt/tt-metal/tt_metal/hw/firmware/src/tt-1xx -I/opt/tt-metal/models/experimental/pi0/tt/megakernel/kernels_p2 -include /sp/ttcache_prof/tt-metal-cache/pch/e13a6eedc934b130/pch.h -DIS_NOT_POW2_NUM_L1_BANKS=1 -DLOG_BASE_2_OF_NUM_DRAM_BANKS=3 -DNUM_DRAM_BANKS=8 -DNUM_L1_BANKS=110 -DPCIE_NOC_X=19 -DPCIE_NOC_Y=24 -DTENSIX_FIRMWARE -DLOCAL_MEM_EN=0 -DPROFILE_KERNEL=1 -DPROFILER_FULL_HOST_BUFFER_SIZE_PER_RISC=768000 -DPROCESSOR_INDEX=2 -DUCK_CHLKC_UNPACK -DCOMPILE_FOR_TRISC=0 -DPROGRAMMABLE_CORE_TYPE=0 -DARCH_BLACKHOLE -DDISPATCH_MESSAGE_ADDR=4290184248 -DKERNEL_BUILD -DFULL_KERNEL_NAME="whole_trisc/7898434307422931478/" -DKERNEL_COMPILE_TIME_ARGS=2,18,4,5,897988541,0,1088,2,2048,0,2048,0,2048,0,2048,2,2048,2,2048,18,18,6,2,64,897988541,897988541,1110770931,955776,2,4,110,2,4096,0,1088 -c -o /sp/ttcache_prof/tt-metal-cache8908659371042919221/kernels/whole_trisc/7898434307422931478/trisc0/trisck.2475656884148353978_1.o /opt/tt-metal/tt_metal/hw/firmware/src/tt-1xx/trisck.cc -MF /sp/ttcache_prof/tt-metal-cache8908659371042919221/kernels/whole_trisc/7898434307422931478/trisc0/trisck.2475656884148353978_1.d
In file included from /opt/tt-metal/tt_metal/hw/ckernels/blackhole/metal/llk_io/llk_io_unpack.h:13,
                 from /opt/tt-metal/tt_metal/hw/inc/api/compute/compute_kernel_api.h:98,
                 from /opt/tt-metal/models/experimental/pi0/tt/megakernel/kernels_p2/../kernels/mk_trisc.cpp:22,
                 from /opt/tt-metal/models/experimental/pi0/tt/megakernel/kernels_p2/whole_trisc.cpp:12,
                 from ../chlkc_unpack.cpp:4,
                 from /opt/tt-metal/tt_metal/hw/ckernels/blackhole/metal/common/chlkc_list.h:26,
                 from /opt/tt-metal/tt_metal/hw/firmware/src/tt-1xx/trisck.cc:14:
/opt/tt-metal/tt_metal/hw/ckernels/blackhole/metal/llk_io/llk_io_unpack.h: In function 'void llk_wait_tiles(int, int32_t)':
/opt/tt-metal/tt_metal/tools/profiler/kernel_profiler.hpp:32:22: note: '#pragma message: CB-COMPUTE-WAIT-FRONT,/opt/tt-metal/tt_metal/hw/ckernels/blackhole/metal/llk_io/llk_io_unpack.h,19,KERNEL_PROFILER'
   32 | #define DO_PRAGMA(x) _Pragma(#x)
      |                      ^~~~~~~
/opt/tt-metal/tt_metal/tools/profiler/kernel_profiler.hpp:1052:5: note: in expansion of macro 'DO_PRAGMA'
 1052 |     DO_PRAGMA(message(PROFILER_MSG_NAME(name)));                               \
      |     ^~~~~~~~~
/opt/tt-metal/tt_metal/hw/ckernels/blackhole/metal/llk_io/llk_io_unpack.h:19:5: note: in expansion of macro 'DeviceZoneScopedSumN1'
   19 |     DeviceZoneScopedSumN1("CB-COMPUTE-WAIT-FRONT");
      |     ^~~~~~~~~~~~~~~~~~~~~
/opt/tt-metal/tt_metal/hw/firmware/src/tt-1xx/trisck.cc: In function 'uint32_t _start()':
/opt/tt-metal/tt_metal/tools/profiler/kernel_profiler.hpp:32:22: note: '#pragma message: TRISC-KERNEL,/opt/tt-metal/tt_metal/hw/firmware/src/tt-1xx/trisck.cc,89,KERNEL_PROFILER'
   32 | #define DO_PRAGMA(x) _Pragma(#x)
      |                      ^~~~~~~
/opt/tt-metal/tt_metal/tools/profiler/kernel_profiler.hpp:1047:5: note: in expansion of macro 'DO_PRAGMA'
 1047 |     DO_PRAGMA(message(PROFILER_MSG_NAME(name)));                               \
      |     ^~~~~~~~~
/opt/tt-metal/tt_metal/hw/firmware/src/tt-1xx/trisck.cc:89:5: note: in expansion of macro 'DeviceZoneScopedMainChildN'
   89 |     DeviceZoneScopedMainChildN("TRISC-KERNEL");
      |     ^~~~~~~~~~~~~~~~~~~~~~~~~~
Building trisc1, compile step:
/opt/tt-metal/runtime/sfpi/compiler/bin/riscv-tt-elf-g++ -O3 -std=c++17 -ftt-nttp -ftt-constinit -ftt-consteval -ftt-no-dyninit -flto=1 -flto-partition=one -ffast-math -fno-finite-math-only -fsigned-zeros -fno-associative-math -fno-exceptions -fno-rtti -fno-use-cxa-atexit -g -MMD -Wall -Werror -Wno-error=deprecated-declarations -Wno-error=multistatement-macros -Wno-error=parentheses -Wno-error=unused-but-set-variable -Wno-unused-variable -Wno-unused-function --param=min-pagesize=0 -mcpu=tt-bh-tensix -Winvalid-pch -Wno-error=invalid-pch -I. -I.. -I/opt/tt-metal/ -I/opt/tt-metal/ttnn -I/opt/tt-metal/ttnn/cpp -I/opt/tt-metal/tt_metal -I/opt/tt-metal/tt_metal/hw/inc -I/opt/tt-metal/tt_metal/tt-llk/common -I/opt/tt-metal/tt_metal/tt-llk/tools/include -I/opt/tt-metal/tt_metal/hostdevcommon/api -I/opt/tt-metal/tt_metal/api/ -I/opt/tt-metal/runtime/sfpi/include -I/opt/tt-metal/tt_metal/hw/ckernels/blackhole/metal/common -I/opt/tt-metal/tt_metal/hw/ckernels/blackhole/metal/llk_io -I/opt/tt-metal/tt_metal/hw/inc/internal/tt-1xx -I/opt/tt-metal/tt_metal/hw/inc/internal/tt-1xx/blackhole -I/opt/tt-metal/tt_metal/hw/inc/internal/tt-1xx/blackhole/blackhole_defines -I/opt/tt-metal/tt_metal/hw/inc/internal/tt-1xx/blackhole/noc -I/opt/tt-metal/tt_metal/tt-llk/tt_llk_blackhole/common/inc -I/opt/tt-metal/tt_metal/tt-llk/tt_llk_blackhole/llk_lib -I/opt/tt-metal/tt_metal/tt-llk/tt_llk_blackhole/llk_lib/hal -I/opt/tt-metal/tt_metal/hw/ckernels/blackhole/metal/llk_api -I/opt/tt-metal/tt_metal/hw/ckernels/blackhole/metal/llk_api/llk_sfpu -I/opt/tt-metal/tt_metal/hw/firmware/src/tt-1xx -I/opt/tt-metal/models/experimental/pi0/tt/megakernel/kernels_p2 -include /sp/ttcache_prof/tt-metal-cache/pch/e13a6eedc934b130/pch.h -DIS_NOT_POW2_NUM_L1_BANKS=1 -DLOG_BASE_2_OF_NUM_DRAM_BANKS=3 -DNUM_DRAM_BANKS=8 -DNUM_L1_BANKS=110 -DPCIE_NOC_X=19 -DPCIE_NOC_Y=24 -DTENSIX_FIRMWARE -DLOCAL_MEM_EN=0 -DPROFILE_KERNEL=1 -DPROFILER_FULL_HOST_BUFFER_SIZE_PER_RISC=768000 -DPROCESSOR_INDEX=3 -DUCK_CHLKC_MATH -DCOMPILE_FOR_TRISC=1 -DPROGRAMMABLE_CORE_TYPE=0 -DARCH_BLACKHOLE -DDISPATCH_MESSAGE_ADDR=4290184248 -DKERNEL_BUILD -DFULL_KERNEL_NAME="whole_trisc/7898434307422931478/" -DKERNEL_COMPILE_TIME_ARGS=2,18,4,5,897988541,0,1088,2,2048,0,2048,0,2048,0,2048,2,2048,2,2048,18,18,6,2,64,897988541,897988541,1110770931,955776,2,4,110,2,4096,0,1088 -c -o /sp/ttcache_prof/tt-metal-cache8908659371042919221/kernels/whole_trisc/7898434307422931478/trisc1/trisck.2475656884148353978_1.o /opt/tt-metal/tt_metal/hw/firmware/src/tt-1xx/trisck.cc -MF /sp/ttcache_prof/tt-metal-cache8908659371042919221/kernels/whole_trisc/7898434307422931478/trisc1/trisck.2475656884148353978_1.d
In file included from /opt/tt-metal/tt_metal/hw/firmware/src/tt-1xx/trisck.cc:16:
/opt/tt-metal/tt_metal/hw/firmware/src/tt-1xx/trisck.cc: In function 'uint32_t _start()':
/opt/tt-metal/tt_metal/tools/profiler/kernel_profiler.hpp:32:22: note: '#pragma message: TRISC-KERNEL,/opt/tt-metal/tt_metal/hw/firmware/src/tt-1xx/trisck.cc,89,KERNEL_PROFILER'
   32 | #define DO_PRAGMA(x) _Pragma(#x)
      |                      ^~~~~~~
/opt/tt-metal/tt_metal/tools/profiler/kernel_profiler.hpp:1047:5: note: in expansion of macro 'DO_PRAGMA'
 1047 |     DO_PRAGMA(message(PROFILER_MSG_NAME(name)));                               \
      |     ^~~~~~~~~
/opt/tt-metal/tt_metal/hw/firmware/src/tt-1xx/trisck.cc:89:5: note: in expansion of macro 'DeviceZoneScopedMainChildN'
   89 |     DeviceZoneScopedMainChildN("TRISC-KERNEL");
      |     ^~~~~~~~~~~~~~~~~~~~~~~~~~
Building ncrisc, compile step:
/opt/tt-metal/runtime/sfpi/compiler/bin/riscv-tt-elf-g++ -O2 -std=c++17 -ftt-nttp -ftt-constinit -ftt-consteval -ftt-no-dyninit -flto=1 -flto-partition=one -ffast-math -fno-finite-math-only -fsigned-zeros -fno-associative-math -fno-exceptions -fno-rtti -fno-use-cxa-atexit -g -MMD -Wall -Werror -Wno-error=deprecated-declarations -Wno-error=multistatement-macros -Wno-error=parentheses -Wno-error=unused-but-set-variable -Wno-unused-variable -Wno-unused-function --param=min-pagesize=0 -mcpu=tt-bh -fno-tree-loop-distribute-patterns -Winvalid-pch -Wno-error=invalid-pch -I. -I.. -I/opt/tt-metal/ -I/opt/tt-metal/ttnn -I/opt/tt-metal/ttnn/cpp -I/opt/tt-metal/tt_metal -I/opt/tt-metal/tt_metal/hw/inc -I/opt/tt-metal/tt_metal/tt-llk/common -I/opt/tt-metal/tt_metal/tt-llk/tools/include -I/opt/tt-metal/tt_metal/hostdevcommon/api -I/opt/tt-metal/tt_metal/api/ -I/opt/tt-metal/tt_metal/hw/ckernels/blackhole/metal/common -I/opt/tt-metal/tt_metal/hw/ckernels/blackhole/metal/llk_io -I/opt/tt-metal/tt_metal/hw/inc/internal/tt-1xx -I/opt/tt-metal/tt_metal/hw/inc/internal/tt-1xx/blackhole -I/opt/tt-metal/tt_metal/hw/inc/internal/tt-1xx/blackhole/blackhole_defines -I/opt/tt-metal/tt_metal/hw/inc/internal/tt-1xx/blackhole/noc -I/opt/tt-metal/tt_metal/tt-llk/tt_llk_blackhole/common/inc -I/opt/tt-metal/tt_metal/tt-llk/tt_llk_blackhole/llk_lib -I/opt/tt-metal/tt_metal/tt-llk/tt_llk_blackhole/llk_lib/hal -I/opt/tt-metal/tt_metal/hw/firmware/src/tt-1xx -I/opt/tt-metal/models/experimental/pi0/tt/megakernel/kernels_p2 -include /sp/ttcache_prof/tt-metal-cache/pch/1b9e28ac75b7aabf/pch.h -DIS_NOT_POW2_NUM_L1_BANKS=1 -DLOG_BASE_2_OF_NUM_DRAM_BANKS=3 -DNUM_DRAM_BANKS=8 -DNUM_L1_BANKS=110 -DPCIE_NOC_X=19 -DPCIE_NOC_Y=24 -DTENSIX_FIRMWARE -DLOCAL_MEM_EN=0 -DPROFILE_KERNEL=1 -DPROFILER_FULL_HOST_BUFFER_SIZE_PER_RISC=768000 -DPROCESSOR_INDEX=1 -DCOMPILE_FOR_NCRISC -DPROGRAMMABLE_CORE_TYPE=0 -DARCH_BLACKHOLE -DDISPATCH_MESSAGE_ADDR=4290184248 -DKERNEL_BUILD -DMK_FID8_HIFI2=1 -DPE_ATT_FID=3 -DPE_ATT_FLAT=2 -DPE_CT0=19 -DPE_NO_EXPERT=1 -DNOC_INDEX=0 -DNOC_MODE=0 -DFULL_KERNEL_NAME="whole_ncrisc/10430365785128782497/" -DKERNEL_COMPILE_TIME_ARGS=2,18,4,5,897988541,0,1088,2,2048,0,2048,0,2048,0,2048,2,2048,2,2048,18,18,6,2,64,897988541,897988541,1110770931,856832,2,4,110,2,4096,0,1088 -c -o /sp/ttcache_prof/tt-metal-cache8908659371042919221/kernels/whole_ncrisc/10430365785128782497/ncrisc/ncrisck.2475656884148353978_1.o /opt/tt-metal/tt_metal/hw/firmware/src/tt-1xx/ncrisck.cc -MF /sp/ttcache_prof/tt-metal-cache8908659371042919221/kernels/whole_ncrisc/10430365785128782497/ncrisc/ncrisck.2475656884148353978_1.d
In file included from /opt/tt-metal/tt_metal/hw/inc/api/dataflow/dataflow_api.h:24,
                 from /opt/tt-metal/tt_metal/hw/inc/internal/firmware_common.h:23,
                 from /opt/tt-metal/tt_metal/hw/firmware/src/tt-1xx/ncrisck.cc:17:
/opt/tt-metal/tt_metal/tools/profiler/kernel_profiler.hpp: In function 'void kernel_profiler::quick_push()':
/opt/tt-metal/tt_metal/tools/profiler/kernel_profiler.hpp:32:22: note: '#pragma message: PROFILER-NOC-QUICK-PUSH,/opt/tt-metal/tt_metal/tools/profiler/kernel_profiler.hpp,633,KERNEL_PROFILER'
   32 | #define DO_PRAGMA(x) _Pragma(#x)
      |                      ^~~~~~~
/opt/tt-metal/tt_metal/tools/profiler/kernel_profiler.hpp:42:5: note: in expansion of macro 'DO_PRAGMA'
   42 |     DO_PRAGMA(message(PROFILER_MSG_NAME(name))); \
      |     ^~~~~~~~~
/opt/tt-metal/tt_metal/tools/profiler/kernel_profiler.hpp:633:5: note: in expansion of macro 'SrcLocNameToHash'
  633 |     SrcLocNameToHash("PROFILER-NOC-QUICK-PUSH");
      |     ^~~~~~~~~~~~~~~~
/opt/tt-metal/tt_metal/hw/firmware/src/tt-1xx/ncrisck.cc: In function 'uint32_t _start()':
/opt/tt-metal/tt_metal/tools/profiler/kernel_profiler.hpp:32:22: note: '#pragma message: NCRISC-KERNEL,/opt/tt-metal/tt_metal/hw/firmware/src/tt-1xx/ncrisck.cc,70,KERNEL_PROFILER'
   32 | #define DO_PRAGMA(x) _Pragma(#x)
      |                      ^~~~~~~
/opt/tt-metal/tt_metal/tools/profiler/kernel_profiler.hpp:1047:5: note: in expansion of macro 'DO_PRAGMA'
 1047 |     DO_PRAGMA(message(PROFILER_MSG_NAME(name)));                               \
      |     ^~~~~~~~~
/opt/tt-metal/tt_metal/hw/firmware/src/tt-1xx/ncrisck.cc:70:5: note: in expansion of macro 'DeviceZoneScopedMainChildN'
   70 |     DeviceZoneScopedMainChildN("NCRISC-KERNEL");
      |     ^~~~~~~~~~~~~~~~~~~~~~~~~~
Building brisc, compile step:
/opt/tt-metal/runtime/sfpi/compiler/bin/riscv-tt-elf-g++ -O2 -std=c++17 -ftt-nttp -ftt-constinit -ftt-consteval -ftt-no-dyninit -flto=1 -flto-partition=one -ffast-math -fno-finite-math-only -fsigned-zeros -fno-associative-math -fno-exceptions -fno-rtti -fno-use-cxa-atexit -g -MMD -Wall -Werror -Wno-error=deprecated-declarations -Wno-error=multistatement-macros -Wno-error=parentheses -Wno-error=unused-but-set-variable -Wno-unused-variable -Wno-unused-function --param=min-pagesize=0 -mcpu=tt-bh -fno-tree-loop-distribute-patterns -Winvalid-pch -Wno-error=invalid-pch -I. -I.. -I/opt/tt-metal/ -I/opt/tt-metal/ttnn -I/opt/tt-metal/ttnn/cpp -I/opt/tt-metal/tt_metal -I/opt/tt-metal/tt_metal/hw/inc -I/opt/tt-metal/tt_metal/tt-llk/common -I/opt/tt-metal/tt_metal/tt-llk/tools/include -I/opt/tt-metal/tt_metal/hostdevcommon/api -I/opt/tt-metal/tt_metal/api/ -I/opt/tt-metal/tt_metal/hw/ckernels/blackhole/metal/common -I/opt/tt-metal/tt_metal/hw/ckernels/blackhole/metal/llk_io -I/opt/tt-metal/tt_metal/hw/inc/internal/tt-1xx -I/opt/tt-metal/tt_metal/hw/inc/internal/tt-1xx/blackhole -I/opt/tt-metal/tt_metal/hw/inc/internal/tt-1xx/blackhole/blackhole_defines -I/opt/tt-metal/tt_metal/hw/inc/internal/tt-1xx/blackhole/noc -I/opt/tt-metal/tt_metal/tt-llk/tt_llk_blackhole/common/inc -I/opt/tt-metal/tt_metal/tt-llk/tt_llk_blackhole/llk_lib -I/opt/tt-metal/tt_metal/tt-llk/tt_llk_blackhole/llk_lib/hal -I/opt/tt-metal/tt_metal/hw/firmware/src/tt-1xx -I/opt/tt-metal/models/experimental/pi0/tt/megakernel/kernels_p2 -include /sp/ttcache_prof/tt-metal-cache/pch/1b9e28ac75b7aabf/pch.h -DIS_NOT_POW2_NUM_L1_BANKS=1 -DLOG_BASE_2_OF_NUM_DRAM_BANKS=3 -DNUM_DRAM_BANKS=8 -DNUM_L1_BANKS=110 -DPCIE_NOC_X=19 -DPCIE_NOC_Y=24 -DTENSIX_FIRMWARE -DLOCAL_MEM_EN=0 -DPROFILE_KERNEL=1 -DPROFILER_FULL_HOST_BUFFER_SIZE_PER_RISC=768000 -DPROCESSOR_INDEX=0 -DCOMPILE_FOR_BRISC -DPROGRAMMABLE_CORE_TYPE=0 -DARCH_BLACKHOLE -DDISPATCH_MESSAGE_ADDR=4290184248 -DKERNEL_BUILD -DMK_FID8_HIFI2=1 -DPE_ATT_FID=3 -DPE_ATT_FLAT=2 -DPE_CT0=19 -DPE_NO_EXPERT=1 -DNOC_INDEX=1 -DNOC_MODE=0 -DFULL_KERNEL_NAME="whole_brisc/6271431027185384752/" -DKERNEL_COMPILE_TIME_ARGS=2,18,4,5,897988541,0,1088,2,2048,0,2048,0,2048,0,2048,2,2048,2,2048,18,18,6,2,64,897988541,897988541,1110770931,856832,2,4,110,2,4096,0,1088 -c -o /sp/ttcache_prof/tt-metal-cache8908659371042919221/kernels/whole_brisc/6271431027185384752/brisc/brisck.2475656884148353978_1.o /opt/tt-metal/tt_metal/hw/firmware/src/tt-1xx/brisck.cc -MF /sp/ttcache_prof/tt-metal-cache8908659371042919221/kernels/whole_brisc/6271431027185384752/brisc/brisck.2475656884148353978_1.d
In file included from /opt/tt-metal/tt_metal/hw/inc/api/dataflow/dataflow_api.h:24,
                 from /opt/tt-metal/tt_metal/hw/inc/internal/firmware_common.h:23,
                 from /opt/tt-metal/tt_metal/hw/firmware/src/tt-1xx/brisck.cc:16:
/opt/tt-metal/tt_metal/tools/profiler/kernel_profiler.hpp: In function 'void kernel_profiler::finish_profiler(bool)':
/opt/tt-metal/tt_metal/tools/profiler/kernel_profiler.hpp:32:22: note: '#pragma message: PROFILER-NOC-FLUSH,/opt/tt-metal/tt_metal/tools/profiler/kernel_profiler.hpp,481,KERNEL_PROFILER'
   32 | #define DO_PRAGMA(x) _Pragma(#x)
      |                      ^~~~~~~
/opt/tt-metal/tt_metal/tools/profiler/kernel_profiler.hpp:42:5: note: in expansion of macro 'DO_PRAGMA'
   42 |     DO_PRAGMA(message(PROFILER_MSG_NAME(name))); \
      |     ^~~~~~~~~
/opt/tt-metal/tt_metal/tools/profiler/kernel_profiler.hpp:481:17: note: in expansion of macro 'SrcLocNameToHash'
  481 |                 SrcLocNameToHash("PROFILER-NOC-FLUSH");
      |                 ^~~~~~~~~~~~~~~~
/opt/tt-metal/tt_metal/tools/profiler/kernel_profiler.hpp:32:22: note: '#pragma message: PROFILER-DRAM-PUSH,/opt/tt-metal/tt_metal/tools/profiler/kernel_profiler.hpp,490,KERNEL_PROFILER'
   32 | #define DO_PRAGMA(x) _Pragma(#x)
      |                      ^~~~~~~
/opt/tt-metal/tt_metal/tools/profiler/kernel_profiler.hpp:42:5: note: in expansion of macro 'DO_PRAGMA'
   42 |     DO_PRAGMA(message(PROFILER_MSG_NAME(name))); \
      |     ^~~~~~~~~
/opt/tt-metal/tt_metal/tools/profiler/kernel_profiler.hpp:490:17: note: in expansion of macro 'SrcLocNameToHash'
  490 |                 SrcLocNameToHash("PROFILER-DRAM-PUSH");
      |                 ^~~~~~~~~~~~~~~~
/opt/tt-metal/tt_metal/tools/profiler/kernel_profiler.hpp: In function 'void kernel_profiler::quick_push()':
/opt/tt-metal/tt_metal/tools/profiler/kernel_profiler.hpp:32:22: note: '#pragma message: PROFILER-NOC-QUICK-PUSH,/opt/tt-metal/tt_metal/tools/profiler/kernel_profiler.hpp,633,KERNEL_PROFILER'
   32 | #define DO_PRAGMA(x) _Pragma(#x)
      |                      ^~~~~~~
/opt/tt-metal/tt_metal/tools/profiler/kernel_profiler.hpp:42:5: note: in expansion of macro 'DO_PRAGMA'
   42 |     DO_PRAGMA(message(PROFILER_MSG_NAME(name))); \
      |     ^~~~~~~~~
/opt/tt-metal/tt_metal/tools/profiler/kernel_profiler.hpp:633:5: note: in expansion of macro 'SrcLocNameToHash'
  633 |     SrcLocNameToHash("PROFILER-NOC-QUICK-PUSH");
      |     ^~~~~~~~~~~~~~~~
/opt/tt-metal/tt_metal/hw/firmware/src/tt-1xx/brisck.cc: In function 'uint32_t _start()':
/opt/tt-metal/tt_metal/tools/profiler/kernel_profiler.hpp:32:22: note: '#pragma message: BRISC-KERNEL,/opt/tt-metal/tt_metal/hw/firmware/src/tt-1xx/brisck.cc,77,KERNEL_PROFILER'
   32 | #define DO_PRAGMA(x) _Pragma(#x)
      |                      ^~~~~~~
/opt/tt-metal/tt_metal/tools/profiler/kernel_profiler.hpp:1047:5: note: in expansion of macro 'DO_PRAGMA'
 1047 |     DO_PRAGMA(message(PROFILER_MSG_NAME(name)));                               \
      |     ^~~~~~~~~
/opt/tt-metal/tt_metal/hw/firmware/src/tt-1xx/brisck.cc:77:9: note: in expansion of macro 'DeviceZoneScopedMainChildN'
   77 |         DeviceZoneScopedMainChildN("BRISC-KERNEL");
      |         ^~~~~~~~~~~~~~~~~~~~~~~~~~
Building trisc2, compile step:
/opt/tt-metal/runtime/sfpi/compiler/bin/riscv-tt-elf-g++ -O3 -std=c++17 -ftt-nttp -ftt-constinit -ftt-consteval -ftt-no-dyninit -flto=1 -flto-partition=one -ffast-math -fno-finite-math-only -fsigned-zeros -fno-associative-math -fno-exceptions -fno-rtti -fno-use-cxa-atexit -g -MMD -Wall -Werror -Wno-error=deprecated-declarations -Wno-error=multistatement-macros -Wno-error=parentheses -Wno-error=unused-but-set-variable -Wno-unused-variable -Wno-unused-function --param=min-pagesize=0 -mcpu=tt-bh-tensix -Winvalid-pch -Wno-error=invalid-pch -I. -I.. -I/opt/tt-metal/ -I/opt/tt-metal/ttnn -I/opt/tt-metal/ttnn/cpp -I/opt/tt-metal/tt_metal -I/opt/tt-metal/tt_metal/hw/inc -I/opt/tt-metal/tt_metal/tt-llk/common -I/opt/tt-metal/tt_metal/tt-llk/tools/include -I/opt/tt-metal/tt_metal/hostdevcommon/api -I/opt/tt-metal/tt_metal/api/ -I/opt/tt-metal/runtime/sfpi/include -I/opt/tt-metal/tt_metal/hw/ckernels/blackhole/metal/common -I/opt/tt-metal/tt_metal/hw/ckernels/blackhole/metal/llk_io -I/opt/tt-metal/tt_metal/hw/inc/internal/tt-1xx -I/opt/tt-metal/tt_metal/hw/inc/internal/tt-1xx/blackhole -I/opt/tt-metal/tt_metal/hw/inc/internal/tt-1xx/blackhole/blackhole_defines -I/opt/tt-metal/tt_metal/hw/inc/internal/tt-1xx/blackhole/noc -I/opt/tt-metal/tt_metal/tt-llk/tt_llk_blackhole/common/inc -I/opt/tt-metal/tt_metal/tt-llk/tt_llk_blackhole/llk_lib -I/opt/tt-metal/tt_metal/tt-llk/tt_llk_blackhole/llk_lib/hal -I/opt/tt-metal/tt_metal/hw/ckernels/blackhole/metal/llk_api -I/opt/tt-metal/tt_metal/hw/ckernels/blackhole/metal/llk_api/llk_sfpu -I/opt/tt-metal/tt_metal/hw/firmware/src/tt-1xx -I/opt/tt-metal/models/experimental/pi0/tt/megakernel/kernels_p2 -include /sp/ttcache_prof/tt-metal-cache/pch/e13a6eedc934b130/pch.h -DIS_NOT_POW2_NUM_L1_BANKS=1 -DLOG_BASE_2_OF_NUM_DRAM_BANKS=3 -DNUM_DRAM_BANKS=8 -DNUM_L1_BANKS=110 -DPCIE_NOC_X=19 -DPCIE_NOC_Y=24 -DTENSIX_FIRMWARE -DLOCAL_MEM_EN=0 -DPROFILE_KERNEL=1 -DPROFILER_FULL_HOST_BUFFER_SIZE_PER_RISC=768000 -DPROCESSOR_INDEX=4 -DUCK_CHLKC_PACK -DCOMPILE_FOR_TRISC=2 -DPROGRAMMABLE_CORE_TYPE=0 -DARCH_BLACKHOLE -DDISPATCH_MESSAGE_ADDR=4290184248 -DKERNEL_BUILD -DFULL_KERNEL_NAME="whole_trisc/9456069743072038443/" -DKERNEL_COMPILE_TIME_ARGS=2,18,4,5,897988541,0,1088,2,2048,0,2048,0,2048,0,2048,2,2048,2,2048,18,18,6,2,64,897988541,897988541,1110770931,856832,2,4,110,2,4096,0,1088 -c -o /sp/ttcache_prof/tt-metal-cache8908659371042919221/kernels/whole_trisc/9456069743072038443/trisc2/trisck.2475656884148353978_1.o /opt/tt-metal/tt_metal/hw/firmware/src/tt-1xx/trisck.cc -MF /sp/ttcache_prof/tt-metal-cache8908659371042919221/kernels/whole_trisc/9456069743072038443/trisc2/trisck.2475656884148353978_1.d
In file included from /opt/tt-metal/tt_metal/hw/ckernels/blackhole/metal/llk_io/llk_io_pack.h:14,
                 from /opt/tt-metal/tt_metal/hw/inc/api/compute/compute_kernel_api.h:73,
                 from /opt/tt-metal/models/experimental/pi0/tt/megakernel/kernels_p2/../kernels/mk_trisc.cpp:22,
                 from /opt/tt-metal/models/experimental/pi0/tt/megakernel/kernels_p2/whole_trisc.cpp:12,
                 from ../chlkc_pack.cpp:4,
                 from /opt/tt-metal/tt_metal/hw/ckernels/blackhole/metal/common/chlkc_list.h:21,
                 from /opt/tt-metal/tt_metal/hw/firmware/src/tt-1xx/trisck.cc:14:
/opt/tt-metal/tt_metal/hw/ckernels/blackhole/metal/llk_io/llk_io_pack.h: In function 'void llk_wait_for_free_tiles(int32_t, int32_t)':
/opt/tt-metal/tt_metal/tools/profiler/kernel_profiler.hpp:32:22: note: '#pragma message: CB-COMPUTE-RESERVE-BACK,/opt/tt-metal/tt_metal/hw/ckernels/blackhole/metal/llk_io/llk_io_pack.h,21,KERNEL_PROFILER'
   32 | #define DO_PRAGMA(x) _Pragma(#x)
      |                      ^~~~~~~
/opt/tt-metal/tt_metal/tools/profiler/kernel_profiler.hpp:1057:5: note: in expansion of macro 'DO_PRAGMA'
 1057 |     DO_PRAGMA(message(PROFILER_MSG_NAME(name)));                               \
      |     ^~~~~~~~~
/opt/tt-metal/tt_metal/hw/ckernels/blackhole/metal/llk_io/llk_io_pack.h:21:5: note: in expansion of macro 'DeviceZoneScopedSumN2'
   21 |     DeviceZoneScopedSumN2("CB-COMPUTE-RESERVE-BACK");
      |     ^~~~~~~~~~~~~~~~~~~~~
/opt/tt-metal/tt_metal/hw/firmware/src/tt-1xx/trisck.cc: In function 'uint32_t _start()':
/opt/tt-metal/tt_metal/tools/profiler/kernel_profiler.hpp:32:22: note: '#pragma message: TRISC-KERNEL,/opt/tt-metal/tt_metal/hw/firmware/src/tt-1xx/trisck.cc,89,KERNEL_PROFILER'
   32 | #define DO_PRAGMA(x) _Pragma(#x)
      |                      ^~~~~~~
/opt/tt-metal/tt_metal/tools/profiler/kernel_profiler.hpp:1047:5: note: in expansion of macro 'DO_PRAGMA'
 1047 |     DO_PRAGMA(message(PROFILER_MSG_NAME(name)));                               \
      |     ^~~~~~~~~
/opt/tt-metal/tt_metal/hw/firmware/src/tt-1xx/trisck.cc:89:5: note: in expansion of macro 'DeviceZoneScopedMainChildN'
   89 |     DeviceZoneScopedMainChildN("TRISC-KERNEL");
      |     ^~~~~~~~~~~~~~~~~~~~~~~~~~
Building trisc0, compile step:
/opt/tt-metal/runtime/sfpi/compiler/bin/riscv-tt-elf-g++ -O3 -std=c++17 -ftt-nttp -ftt-constinit -ftt-consteval -ftt-no-dyninit -flto=1 -flto-partition=one -ffast-math -fno-finite-math-only -fsigned-zeros -fno-associative-math -fno-exceptions -fno-rtti -fno-use-cxa-atexit -g -MMD -Wall -Werror -Wno-error=deprecated-declarations -Wno-error=multistatement-macros -Wno-error=parentheses -Wno-error=unused-but-set-variable -Wno-unused-variable -Wno-unused-function --param=min-pagesize=0 -mcpu=tt-bh-tensix -Winvalid-pch -Wno-error=invalid-pch -I. -I.. -I/opt/tt-metal/ -I/opt/tt-metal/ttnn -I/opt/tt-metal/ttnn/cpp -I/opt/tt-metal/tt_metal -I/opt/tt-metal/tt_metal/hw/inc -I/opt/tt-metal/tt_metal/tt-llk/common -I/opt/tt-metal/tt_metal/tt-llk/tools/include -I/opt/tt-metal/tt_metal/hostdevcommon/api -I/opt/tt-metal/tt_metal/api/ -I/opt/tt-metal/runtime/sfpi/include -I/opt/tt-metal/tt_metal/hw/ckernels/blackhole/metal/common -I/opt/tt-metal/tt_metal/hw/ckernels/blackhole/metal/llk_io -I/opt/tt-metal/tt_metal/hw/inc/internal/tt-1xx -I/opt/tt-metal/tt_metal/hw/inc/internal/tt-1xx/blackhole -I/opt/tt-metal/tt_metal/hw/inc/internal/tt-1xx/blackhole/blackhole_defines -I/opt/tt-metal/tt_metal/hw/inc/internal/tt-1xx/blackhole/noc -I/opt/tt-metal/tt_metal/tt-llk/tt_llk_blackhole/common/inc -I/opt/tt-metal/tt_metal/tt-llk/tt_llk_blackhole/llk_lib -I/opt/tt-metal/tt_metal/tt-llk/tt_llk_blackhole/llk_lib/hal -I/opt/tt-metal/tt_metal/hw/ckernels/blackhole/metal/llk_api -I/opt/tt-metal/tt_metal/hw/ckernels/blackhole/metal/llk_api/llk_sfpu -I/opt/tt-metal/tt_metal/hw/firmware/src/tt-1xx -I/opt/tt-metal/models/experimental/pi0/tt/megakernel/kernels_p2 -include /sp/ttcache_prof/tt-metal-cache/pch/e13a6eedc934b130/pch.h -DIS_NOT_POW2_NUM_L1_BANKS=1 -DLOG_BASE_2_OF_NUM_DRAM_BANKS=3 -DNUM_DRAM_BANKS=8 -DNUM_L1_BANKS=110 -DPCIE_NOC_X=19 -DPCIE_NOC_Y=24 -DTENSIX_FIRMWARE -DLOCAL_MEM_EN=0 -DPROFILE_KERNEL=1 -DPROFILER_FULL_HOST_BUFFER_SIZE_PER_RISC=768000 -DPROCESSOR_INDEX=2 -DUCK_CHLKC_UNPACK -DCOMPILE_FOR_TRISC=0 -DPROGRAMMABLE_CORE_TYPE=0 -DARCH_BLACKHOLE -DDISPATCH_MESSAGE_ADDR=4290184248 -DKERNEL_BUILD -DFULL_KERNEL_NAME="whole_trisc/9456069743072038443/" -DKERNEL_COMPILE_TIME_ARGS=2,18,4,5,897988541,0,1088,2,2048,0,2048,0,2048,0,2048,2,2048,2,2048,18,18,6,2,64,897988541,897988541,1110770931,856832,2,4,110,2,4096,0,1088 -c -o /sp/ttcache_prof/tt-metal-cache8908659371042919221/kernels/whole_trisc/9456069743072038443/trisc0/trisck.2475656884148353978_1.o /opt/tt-metal/tt_metal/hw/firmware/src/tt-1xx/trisck.cc -MF /sp/ttcache_prof/tt-metal-cache8908659371042919221/kernels/whole_trisc/9456069743072038443/trisc0/trisck.2475656884148353978_1.d
In file included from /opt/tt-metal/tt_metal/hw/ckernels/blackhole/metal/llk_io/llk_io_unpack.h:13,
                 from /opt/tt-metal/tt_metal/hw/inc/api/compute/compute_kernel_api.h:98,
                 from /opt/tt-metal/models/experimental/pi0/tt/megakernel/kernels_p2/../kernels/mk_trisc.cpp:22,
                 from /opt/tt-metal/models/experimental/pi0/tt/megakernel/kernels_p2/whole_trisc.cpp:12,
                 from ../chlkc_unpack.cpp:4,
                 from /opt/tt-metal/tt_metal/hw/ckernels/blackhole/metal/common/chlkc_list.h:26,
                 from /opt/tt-metal/tt_metal/hw/firmware/src/tt-1xx/trisck.cc:14:
/opt/tt-metal/tt_metal/hw/ckernels/blackhole/metal/llk_io/llk_io_unpack.h: In function 'void llk_wait_tiles(int, int32_t)':
/opt/tt-metal/tt_metal/tools/profiler/kernel_profiler.hpp:32:22: note: '#pragma message: CB-COMPUTE-WAIT-FRONT,/opt/tt-metal/tt_metal/hw/ckernels/blackhole/metal/llk_io/llk_io_unpack.h,19,KERNEL_PROFILER'
   32 | #define DO_PRAGMA(x) _Pragma(#x)
      |                      ^~~~~~~
/opt/tt-metal/tt_metal/tools/profiler/kernel_profiler.hpp:1052:5: note: in expansion of macro 'DO_PRAGMA'
 1052 |     DO_PRAGMA(message(PROFILER_MSG_NAME(name)));                               \
      |     ^~~~~~~~~
/opt/tt-metal/tt_metal/hw/ckernels/blackhole/metal/llk_io/llk_io_unpack.h:19:5: note: in expansion of macro 'DeviceZoneScopedSumN1'
   19 |     DeviceZoneScopedSumN1("CB-COMPUTE-WAIT-FRONT");
      |     ^~~~~~~~~~~~~~~~~~~~~
/opt/tt-metal/tt_metal/hw/firmware/src/tt-1xx/trisck.cc: In function 'uint32_t _start()':
/opt/tt-metal/tt_metal/tools/profiler/kernel_profiler.hpp:32:22: note: '#pragma message: TRISC-KERNEL,/opt/tt-metal/tt_metal/hw/firmware/src/tt-1xx/trisck.cc,89,KERNEL_PROFILER'
   32 | #define DO_PRAGMA(x) _Pragma(#x)
      |                      ^~~~~~~
/opt/tt-metal/tt_metal/tools/profiler/kernel_profiler.hpp:1047:5: note: in expansion of macro 'DO_PRAGMA'
 1047 |     DO_PRAGMA(message(PROFILER_MSG_NAME(name)));                               \
      |     ^~~~~~~~~
/opt/tt-metal/tt_metal/hw/firmware/src/tt-1xx/trisck.cc:89:5: note: in expansion of macro 'DeviceZoneScopedMainChildN'
   89 |     DeviceZoneScopedMainChildN("TRISC-KERNEL");
      |     ^~~~~~~~~~~~~~~~~~~~~~~~~~
Building trisc1, compile step:
/opt/tt-metal/runtime/sfpi/compiler/bin/riscv-tt-elf-g++ -O3 -std=c++17 -ftt-nttp -ftt-constinit -ftt-consteval -ftt-no-dyninit -flto=1 -flto-partition=one -ffast-math -fno-finite-math-only -fsigned-zeros -fno-associative-math -fno-exceptions -fno-rtti -fno-use-cxa-atexit -g -MMD -Wall -Werror -Wno-error=deprecated-declarations -Wno-error=multistatement-macros -Wno-error=parentheses -Wno-error=unused-but-set-variable -Wno-unused-variable -Wno-unused-function --param=min-pagesize=0 -mcpu=tt-bh-tensix -Winvalid-pch -Wno-error=invalid-pch -I. -I.. -I/opt/tt-metal/ -I/opt/tt-metal/ttnn -I/opt/tt-metal/ttnn/cpp -I/opt/tt-metal/tt_metal -I/opt/tt-metal/tt_metal/hw/inc -I/opt/tt-metal/tt_metal/tt-llk/common -I/opt/tt-metal/tt_metal/tt-llk/tools/include -I/opt/tt-metal/tt_metal/hostdevcommon/api -I/opt/tt-metal/tt_metal/api/ -I/opt/tt-metal/runtime/sfpi/include -I/opt/tt-metal/tt_metal/hw/ckernels/blackhole/metal/common -I/opt/tt-metal/tt_metal/hw/ckernels/blackhole/metal/llk_io -I/opt/tt-metal/tt_metal/hw/inc/internal/tt-1xx -I/opt/tt-metal/tt_metal/hw/inc/internal/tt-1xx/blackhole -I/opt/tt-metal/tt_metal/hw/inc/internal/tt-1xx/blackhole/blackhole_defines -I/opt/tt-metal/tt_metal/hw/inc/internal/tt-1xx/blackhole/noc -I/opt/tt-metal/tt_metal/tt-llk/tt_llk_blackhole/common/inc -I/opt/tt-metal/tt_metal/tt-llk/tt_llk_blackhole/llk_lib -I/opt/tt-metal/tt_metal/tt-llk/tt_llk_blackhole/llk_lib/hal -I/opt/tt-metal/tt_metal/hw/ckernels/blackhole/metal/llk_api -I/opt/tt-metal/tt_metal/hw/ckernels/blackhole/metal/llk_api/llk_sfpu -I/opt/tt-metal/tt_metal/hw/firmware/src/tt-1xx -I/opt/tt-metal/models/experimental/pi0/tt/megakernel/kernels_p2 -include /sp/ttcache_prof/tt-metal-cache/pch/e13a6eedc934b130/pch.h -DIS_NOT_POW2_NUM_L1_BANKS=1 -DLOG_BASE_2_OF_NUM_DRAM_BANKS=3 -DNUM_DRAM_BANKS=8 -DNUM_L1_BANKS=110 -DPCIE_NOC_X=19 -DPCIE_NOC_Y=24 -DTENSIX_FIRMWARE -DLOCAL_MEM_EN=0 -DPROFILE_KERNEL=1 -DPROFILER_FULL_HOST_BUFFER_SIZE_PER_RISC=768000 -DPROCESSOR_INDEX=3 -DUCK_CHLKC_MATH -DCOMPILE_FOR_TRISC=1 -DPROGRAMMABLE_CORE_TYPE=0 -DARCH_BLACKHOLE -DDISPATCH_MESSAGE_ADDR=4290184248 -DKERNEL_BUILD -DFULL_KERNEL_NAME="whole_trisc/9456069743072038443/" -DKERNEL_COMPILE_TIME_ARGS=2,18,4,5,897988541,0,1088,2,2048,0,2048,0,2048,0,2048,2,2048,2,2048,18,18,6,2,64,897988541,897988541,1110770931,856832,2,4,110,2,4096,0,1088 -c -o /sp/ttcache_prof/tt-metal-cache8908659371042919221/kernels/whole_trisc/9456069743072038443/trisc1/trisck.2475656884148353978_1.o /opt/tt-metal/tt_metal/hw/firmware/src/tt-1xx/trisck.cc -MF /sp/ttcache_prof/tt-metal-cache8908659371042919221/kernels/whole_trisc/9456069743072038443/trisc1/trisck.2475656884148353978_1.d
In file included from /opt/tt-metal/tt_metal/hw/firmware/src/tt-1xx/trisck.cc:16:
/opt/tt-metal/tt_metal/hw/firmware/src/tt-1xx/trisck.cc: In function 'uint32_t _start()':
/opt/tt-metal/tt_metal/tools/profiler/kernel_profiler.hpp:32:22: note: '#pragma message: TRISC-KERNEL,/opt/tt-metal/tt_metal/hw/firmware/src/tt-1xx/trisck.cc,89,KERNEL_PROFILER'
   32 | #define DO_PRAGMA(x) _Pragma(#x)
      |                      ^~~~~~~
/opt/tt-metal/tt_metal/tools/profiler/kernel_profiler.hpp:1047:5: note: in expansion of macro 'DO_PRAGMA'
 1047 |     DO_PRAGMA(message(PROFILER_MSG_NAME(name)));                               \
      |     ^~~~~~~~~
/opt/tt-metal/tt_metal/hw/firmware/src/tt-1xx/trisck.cc:89:5: note: in expansion of macro 'DeviceZoneScopedMainChildN'
   89 |     DeviceZoneScopedMainChildN("TRISC-KERNEL");
      |     ^~~~~~~~~~~~~~~~~~~~~~~~~~
Building ncrisc, compile step:
/opt/tt-metal/runtime/sfpi/compiler/bin/riscv-tt-elf-g++ -O2 -std=c++17 -ftt-nttp -ftt-constinit -ftt-consteval -ftt-no-dyninit -flto=1 -flto-partition=one -ffast-math -fno-finite-math-only -fsigned-zeros -fno-associative-math -fno-exceptions -fno-rtti -fno-use-cxa-atexit -g -MMD -Wall -Werror -Wno-error=deprecated-declarations -Wno-error=multistatement-macros -Wno-error=parentheses -Wno-error=unused-but-set-variable -Wno-unused-variable -Wno-unused-function --param=min-pagesize=0 -mcpu=tt-bh -fno-tree-loop-distribute-patterns -Winvalid-pch -Wno-error=invalid-pch -I. -I.. -I/opt/tt-metal/ -I/opt/tt-metal/ttnn -I/opt/tt-metal/ttnn/cpp -I/opt/tt-metal/tt_metal -I/opt/tt-metal/tt_metal/hw/inc -I/opt/tt-metal/tt_metal/tt-llk/common -I/opt/tt-metal/tt_metal/tt-llk/tools/include -I/opt/tt-metal/tt_metal/hostdevcommon/api -I/opt/tt-metal/tt_metal/api/ -I/opt/tt-metal/tt_metal/hw/ckernels/blackhole/metal/common -I/opt/tt-metal/tt_metal/hw/ckernels/blackhole/metal/llk_io -I/opt/tt-metal/tt_metal/hw/inc/internal/tt-1xx -I/opt/tt-metal/tt_metal/hw/inc/internal/tt-1xx/blackhole -I/opt/tt-metal/tt_metal/hw/inc/internal/tt-1xx/blackhole/blackhole_defines -I/opt/tt-metal/tt_metal/hw/inc/internal/tt-1xx/blackhole/noc -I/opt/tt-metal/tt_metal/tt-llk/tt_llk_blackhole/common/inc -I/opt/tt-metal/tt_metal/tt-llk/tt_llk_blackhole/llk_lib -I/opt/tt-metal/tt_metal/tt-llk/tt_llk_blackhole/llk_lib/hal -I/opt/tt-metal/tt_metal/hw/firmware/src/tt-1xx -I/opt/tt-metal/models/experimental/pi0/tt/megakernel/kernels_p2 -include /sp/ttcache_prof/tt-metal-cache/pch/1b9e28ac75b7aabf/pch.h -DIS_NOT_POW2_NUM_L1_BANKS=1 -DLOG_BASE_2_OF_NUM_DRAM_BANKS=3 -DNUM_DRAM_BANKS=8 -DNUM_L1_BANKS=110 -DPCIE_NOC_X=19 -DPCIE_NOC_Y=24 -DTENSIX_FIRMWARE -DLOCAL_MEM_EN=0 -DPROFILE_KERNEL=1 -DPROFILER_FULL_HOST_BUFFER_SIZE_PER_RISC=768000 -DPROCESSOR_INDEX=1 -DCOMPILE_FOR_NCRISC -DPROGRAMMABLE_CORE_TYPE=0 -DARCH_BLACKHOLE -DDISPATCH_MESSAGE_ADDR=4290184248 -DKERNEL_BUILD -DMK_FID8_HIFI2=1 -DPE_ATT_FID=3 -DPE_ATT_FLAT=2 -DPE_CT0=19 -DPE_MM_FID=3 -DPE_NO_EXPERT=1 -DNOC_INDEX=0 -DNOC_MODE=0 -DFULL_KERNEL_NAME="whole_ncrisc/3070087771028210899/" -DKERNEL_COMPILE_TIME_ARGS=2,23,5,5,897988541,0,1088,2,2048,0,2048,0,2048,0,2048,2,2048,2,2048,21,20,7,4,128,897988541,897988541,1110770931,955776,2,4,110,2,4096,0,1088 -c -o /sp/ttcache_prof/tt-metal-cache8908659371042919221/kernels/whole_ncrisc/3070087771028210899/ncrisc/ncrisck.2475656884148353978_1.o /opt/tt-metal/tt_metal/hw/firmware/src/tt-1xx/ncrisck.cc -MF /sp/ttcache_prof/tt-metal-cache8908659371042919221/kernels/whole_ncrisc/3070087771028210899/ncrisc/ncrisck.2475656884148353978_1.d
In file included from /opt/tt-metal/tt_metal/hw/inc/api/dataflow/dataflow_api.h:24,
                 from /opt/tt-metal/tt_metal/hw/inc/internal/firmware_common.h:23,
                 from /opt/tt-metal/tt_metal/hw/firmware/src/tt-1xx/ncrisck.cc:17:
/opt/tt-metal/tt_metal/tools/profiler/kernel_profiler.hpp: In function 'void kernel_profiler::quick_push()':
/opt/tt-metal/tt_metal/tools/profiler/kernel_profiler.hpp:32:22: note: '#pragma message: PROFILER-NOC-QUICK-PUSH,/opt/tt-metal/tt_metal/tools/profiler/kernel_profiler.hpp,633,KERNEL_PROFILER'
   32 | #define DO_PRAGMA(x) _Pragma(#x)
      |                      ^~~~~~~
/opt/tt-metal/tt_metal/tools/profiler/kernel_profiler.hpp:42:5: note: in expansion of macro 'DO_PRAGMA'
   42 |     DO_PRAGMA(message(PROFILER_MSG_NAME(name))); \
      |     ^~~~~~~~~
/opt/tt-metal/tt_metal/tools/profiler/kernel_profiler.hpp:633:5: note: in expansion of macro 'SrcLocNameToHash'
  633 |     SrcLocNameToHash("PROFILER-NOC-QUICK-PUSH");
      |     ^~~~~~~~~~~~~~~~
/opt/tt-metal/tt_metal/hw/firmware/src/tt-1xx/ncrisck.cc: In function 'uint32_t _start()':
/opt/tt-metal/tt_metal/tools/profiler/kernel_profiler.hpp:32:22: note: '#pragma message: NCRISC-KERNEL,/opt/tt-metal/tt_metal/hw/firmware/src/tt-1xx/ncrisck.cc,70,KERNEL_PROFILER'
   32 | #define DO_PRAGMA(x) _Pragma(#x)
      |                      ^~~~~~~
/opt/tt-metal/tt_metal/tools/profiler/kernel_profiler.hpp:1047:5: note: in expansion of macro 'DO_PRAGMA'
 1047 |     DO_PRAGMA(message(PROFILER_MSG_NAME(name)));                               \
      |     ^~~~~~~~~
/opt/tt-metal/tt_metal/hw/firmware/src/tt-1xx/ncrisck.cc:70:5: note: in expansion of macro 'DeviceZoneScopedMainChildN'
   70 |     DeviceZoneScopedMainChildN("NCRISC-KERNEL");
      |     ^~~~~~~~~~~~~~~~~~~~~~~~~~
Building brisc, compile step:
/opt/tt-metal/runtime/sfpi/compiler/bin/riscv-tt-elf-g++ -O2 -std=c++17 -ftt-nttp -ftt-constinit -ftt-consteval -ftt-no-dyninit -flto=1 -flto-partition=one -ffast-math -fno-finite-math-only -fsigned-zeros -fno-associative-math -fno-exceptions -fno-rtti -fno-use-cxa-atexit -g -MMD -Wall -Werror -Wno-error=deprecated-declarations -Wno-error=multistatement-macros -Wno-error=parentheses -Wno-error=unused-but-set-variable -Wno-unused-variable -Wno-unused-function --param=min-pagesize=0 -mcpu=tt-bh -fno-tree-loop-distribute-patterns -Winvalid-pch -Wno-error=invalid-pch -I. -I.. -I/opt/tt-metal/ -I/opt/tt-metal/ttnn -I/opt/tt-metal/ttnn/cpp -I/opt/tt-metal/tt_metal -I/opt/tt-metal/tt_metal/hw/inc -I/opt/tt-metal/tt_metal/tt-llk/common -I/opt/tt-metal/tt_metal/tt-llk/tools/include -I/opt/tt-metal/tt_metal/hostdevcommon/api -I/opt/tt-metal/tt_metal/api/ -I/opt/tt-metal/tt_metal/hw/ckernels/blackhole/metal/common -I/opt/tt-metal/tt_metal/hw/ckernels/blackhole/metal/llk_io -I/opt/tt-metal/tt_metal/hw/inc/internal/tt-1xx -I/opt/tt-metal/tt_metal/hw/inc/internal/tt-1xx/blackhole -I/opt/tt-metal/tt_metal/hw/inc/internal/tt-1xx/blackhole/blackhole_defines -I/opt/tt-metal/tt_metal/hw/inc/internal/tt-1xx/blackhole/noc -I/opt/tt-metal/tt_metal/tt-llk/tt_llk_blackhole/common/inc -I/opt/tt-metal/tt_metal/tt-llk/tt_llk_blackhole/llk_lib -I/opt/tt-metal/tt_metal/tt-llk/tt_llk_blackhole/llk_lib/hal -I/opt/tt-metal/tt_metal/hw/firmware/src/tt-1xx -I/opt/tt-metal/models/experimental/pi0/tt/megakernel/kernels_p2 -include /sp/ttcache_prof/tt-metal-cache/pch/1b9e28ac75b7aabf/pch.h -DIS_NOT_POW2_NUM_L1_BANKS=1 -DLOG_BASE_2_OF_NUM_DRAM_BANKS=3 -DNUM_DRAM_BANKS=8 -DNUM_L1_BANKS=110 -DPCIE_NOC_X=19 -DPCIE_NOC_Y=24 -DTENSIX_FIRMWARE -DLOCAL_MEM_EN=0 -DPROFILE_KERNEL=1 -DPROFILER_FULL_HOST_BUFFER_SIZE_PER_RISC=768000 -DPROCESSOR_INDEX=0 -DCOMPILE_FOR_BRISC -DPROGRAMMABLE_CORE_TYPE=0 -DARCH_BLACKHOLE -DDISPATCH_MESSAGE_ADDR=4290184248 -DKERNEL_BUILD -DMK_FID8_HIFI2=1 -DPE_ATT_FID=3 -DPE_ATT_FLAT=2 -DPE_CT0=19 -DPE_MM_FID=3 -DPE_NO_EXPERT=1 -DNOC_INDEX=1 -DNOC_MODE=0 -DFULL_KERNEL_NAME="whole_brisc/5040077931573614488/" -DKERNEL_COMPILE_TIME_ARGS=2,23,5,5,897988541,0,1088,2,2048,0,2048,0,2048,0,2048,2,2048,2,2048,21,20,7,4,128,897988541,897988541,1110770931,955776,2,4,110,2,4096,0,1088 -c -o /sp/ttcache_prof/tt-metal-cache8908659371042919221/kernels/whole_brisc/5040077931573614488/brisc/brisck.2475656884148353978_1.o /opt/tt-metal/tt_metal/hw/firmware/src/tt-1xx/brisck.cc -MF /sp/ttcache_prof/tt-metal-cache8908659371042919221/kernels/whole_brisc/5040077931573614488/brisc/brisck.2475656884148353978_1.d
In file included from /opt/tt-metal/tt_metal/hw/inc/api/dataflow/dataflow_api.h:24,
                 from /opt/tt-metal/tt_metal/hw/inc/internal/firmware_common.h:23,
                 from /opt/tt-metal/tt_metal/hw/firmware/src/tt-1xx/brisck.cc:16:
/opt/tt-metal/tt_metal/tools/profiler/kernel_profiler.hpp: In function 'void kernel_profiler::finish_profiler(bool)':
/opt/tt-metal/tt_metal/tools/profiler/kernel_profiler.hpp:32:22: note: '#pragma message: PROFILER-NOC-FLUSH,/opt/tt-metal/tt_metal/tools/profiler/kernel_profiler.hpp,481,KERNEL_PROFILER'
   32 | #define DO_PRAGMA(x) _Pragma(#x)
      |                      ^~~~~~~
/opt/tt-metal/tt_metal/tools/profiler/kernel_profiler.hpp:42:5: note: in expansion of macro 'DO_PRAGMA'
   42 |     DO_PRAGMA(message(PROFILER_MSG_NAME(name))); \
      |     ^~~~~~~~~
/opt/tt-metal/tt_metal/tools/profiler/kernel_profiler.hpp:481:17: note: in expansion of macro 'SrcLocNameToHash'
  481 |                 SrcLocNameToHash("PROFILER-NOC-FLUSH");
      |                 ^~~~~~~~~~~~~~~~
/opt/tt-metal/tt_metal/tools/profiler/kernel_profiler.hpp:32:22: note: '#pragma message: PROFILER-DRAM-PUSH,/opt/tt-metal/tt_metal/tools/profiler/kernel_profiler.hpp,490,KERNEL_PROFILER'
   32 | #define DO_PRAGMA(x) _Pragma(#x)
      |                      ^~~~~~~
/opt/tt-metal/tt_metal/tools/profiler/kernel_profiler.hpp:42:5: note: in expansion of macro 'DO_PRAGMA'
   42 |     DO_PRAGMA(message(PROFILER_MSG_NAME(name))); \
      |     ^~~~~~~~~
/opt/tt-metal/tt_metal/tools/profiler/kernel_profiler.hpp:490:17: note: in expansion of macro 'SrcLocNameToHash'
  490 |                 SrcLocNameToHash("PROFILER-DRAM-PUSH");
      |                 ^~~~~~~~~~~~~~~~
/opt/tt-metal/tt_metal/tools/profiler/kernel_profiler.hpp: In function 'void kernel_profiler::quick_push()':
/opt/tt-metal/tt_metal/tools/profiler/kernel_profiler.hpp:32:22: note: '#pragma message: PROFILER-NOC-QUICK-PUSH,/opt/tt-metal/tt_metal/tools/profiler/kernel_profiler.hpp,633,KERNEL_PROFILER'
   32 | #define DO_PRAGMA(x) _Pragma(#x)
      |                      ^~~~~~~
/opt/tt-metal/tt_metal/tools/profiler/kernel_profiler.hpp:42:5: note: in expansion of macro 'DO_PRAGMA'
   42 |     DO_PRAGMA(message(PROFILER_MSG_NAME(name))); \
      |     ^~~~~~~~~
/opt/tt-metal/tt_metal/tools/profiler/kernel_profiler.hpp:633:5: note: in expansion of macro 'SrcLocNameToHash'
  633 |     SrcLocNameToHash("PROFILER-NOC-QUICK-PUSH");
      |     ^~~~~~~~~~~~~~~~
/opt/tt-metal/tt_metal/hw/firmware/src/tt-1xx/brisck.cc: In function 'uint32_t _start()':
/opt/tt-metal/tt_metal/tools/profiler/kernel_profiler.hpp:32:22: note: '#pragma message: BRISC-KERNEL,/opt/tt-metal/tt_metal/hw/firmware/src/tt-1xx/brisck.cc,77,KERNEL_PROFILER'
   32 | #define DO_PRAGMA(x) _Pragma(#x)
      |                      ^~~~~~~
/opt/tt-metal/tt_metal/tools/profiler/kernel_profiler.hpp:1047:5: note: in expansion of macro 'DO_PRAGMA'
 1047 |     DO_PRAGMA(message(PROFILER_MSG_NAME(name)));                               \
      |     ^~~~~~~~~
/opt/tt-metal/tt_metal/hw/firmware/src/tt-1xx/brisck.cc:77:9: note: in expansion of macro 'DeviceZoneScopedMainChildN'
   77 |         DeviceZoneScopedMainChildN("BRISC-KERNEL");
      |         ^~~~~~~~~~~~~~~~~~~~~~~~~~
Building trisc0, compile step:
/opt/tt-metal/runtime/sfpi/compiler/bin/riscv-tt-elf-g++ -O3 -std=c++17 -ftt-nttp -ftt-constinit -ftt-consteval -ftt-no-dyninit -flto=1 -flto-partition=one -ffast-math -fno-finite-math-only -fsigned-zeros -fno-associative-math -fno-exceptions -fno-rtti -fno-use-cxa-atexit -g -MMD -Wall -Werror -Wno-error=deprecated-declarations -Wno-error=multistatement-macros -Wno-error=parentheses -Wno-error=unused-but-set-variable -Wno-unused-variable -Wno-unused-function --param=min-pagesize=0 -mcpu=tt-bh-tensix -Winvalid-pch -Wno-error=invalid-pch -I. -I.. -I/opt/tt-metal/ -I/opt/tt-metal/ttnn -I/opt/tt-metal/ttnn/cpp -I/opt/tt-metal/tt_metal -I/opt/tt-metal/tt_metal/hw/inc -I/opt/tt-metal/tt_metal/tt-llk/common -I/opt/tt-metal/tt_metal/tt-llk/tools/include -I/opt/tt-metal/tt_metal/hostdevcommon/api -I/opt/tt-metal/tt_metal/api/ -I/opt/tt-metal/runtime/sfpi/include -I/opt/tt-metal/tt_metal/hw/ckernels/blackhole/metal/common -I/opt/tt-metal/tt_metal/hw/ckernels/blackhole/metal/llk_io -I/opt/tt-metal/tt_metal/hw/inc/internal/tt-1xx -I/opt/tt-metal/tt_metal/hw/inc/internal/tt-1xx/blackhole -I/opt/tt-metal/tt_metal/hw/inc/internal/tt-1xx/blackhole/blackhole_defines -I/opt/tt-metal/tt_metal/hw/inc/internal/tt-1xx/blackhole/noc -I/opt/tt-metal/tt_metal/tt-llk/tt_llk_blackhole/common/inc -I/opt/tt-metal/tt_metal/tt-llk/tt_llk_blackhole/llk_lib -I/opt/tt-metal/tt_metal/tt-llk/tt_llk_blackhole/llk_lib/hal -I/opt/tt-metal/tt_metal/hw/ckernels/blackhole/metal/llk_api -I/opt/tt-metal/tt_metal/hw/ckernels/blackhole/metal/llk_api/llk_sfpu -I/opt/tt-metal/tt_metal/hw/firmware/src/tt-1xx -I/opt/tt-metal/models/experimental/pi0/tt/megakernel/kernels_p2 -include /sp/ttcache_prof/tt-metal-cache/pch/e13a6eedc934b130/pch.h -DIS_NOT_POW2_NUM_L1_BANKS=1 -DLOG_BASE_2_OF_NUM_DRAM_BANKS=3 -DNUM_DRAM_BANKS=8 -DNUM_L1_BANKS=110 -DPCIE_NOC_X=19 -DPCIE_NOC_Y=24 -DTENSIX_FIRMWARE -DLOCAL_MEM_EN=0 -DPROFILE_KERNEL=1 -DPROFILER_FULL_HOST_BUFFER_SIZE_PER_RISC=768000 -DPROCESSOR_INDEX=2 -DUCK_CHLKC_UNPACK -DCOMPILE_FOR_TRISC=0 -DPROGRAMMABLE_CORE_TYPE=0 -DARCH_BLACKHOLE -DDISPATCH_MESSAGE_ADDR=4290184248 -DKERNEL_BUILD -DFULL_KERNEL_NAME="whole_trisc/8683076588250723516/" -DKERNEL_COMPILE_TIME_ARGS=2,23,5,5,897988541,0,1088,2,2048,0,2048,0,2048,0,2048,2,2048,2,2048,21,20,7,4,128,897988541,897988541,1110770931,955776,2,4,110,2,4096,0,1088 -c -o /sp/ttcache_prof/tt-metal-cache8908659371042919221/kernels/whole_trisc/8683076588250723516/trisc0/trisck.2475656884148353978_1.o /opt/tt-metal/tt_metal/hw/firmware/src/tt-1xx/trisck.cc -MF /sp/ttcache_prof/tt-metal-cache8908659371042919221/kernels/whole_trisc/8683076588250723516/trisc0/trisck.2475656884148353978_1.d
In file included from /opt/tt-metal/tt_metal/hw/ckernels/blackhole/metal/llk_io/llk_io_unpack.h:13,
                 from /opt/tt-metal/tt_metal/hw/inc/api/compute/compute_kernel_api.h:98,
                 from /opt/tt-metal/models/experimental/pi0/tt/megakernel/kernels_p2/../kernels/mk_trisc.cpp:22,
                 from /opt/tt-metal/models/experimental/pi0/tt/megakernel/kernels_p2/whole_trisc.cpp:12,
                 from ../chlkc_unpack.cpp:4,
                 from /opt/tt-metal/tt_metal/hw/ckernels/blackhole/metal/common/chlkc_list.h:26,
                 from /opt/tt-metal/tt_metal/hw/firmware/src/tt-1xx/trisck.cc:14:
/opt/tt-metal/tt_metal/hw/ckernels/blackhole/metal/llk_io/llk_io_unpack.h: In function 'void llk_wait_tiles(int, int32_t)':
/opt/tt-metal/tt_metal/tools/profiler/kernel_profiler.hpp:32:22: note: '#pragma message: CB-COMPUTE-WAIT-FRONT,/opt/tt-metal/tt_metal/hw/ckernels/blackhole/metal/llk_io/llk_io_unpack.h,19,KERNEL_PROFILER'
   32 | #define DO_PRAGMA(x) _Pragma(#x)
      |                      ^~~~~~~
/opt/tt-metal/tt_metal/tools/profiler/kernel_profiler.hpp:1052:5: note: in expansion of macro 'DO_PRAGMA'
 1052 |     DO_PRAGMA(message(PROFILER_MSG_NAME(name)));                               \
      |     ^~~~~~~~~
/opt/tt-metal/tt_metal/hw/ckernels/blackhole/metal/llk_io/llk_io_unpack.h:19:5: note: in expansion of macro 'DeviceZoneScopedSumN1'
   19 |     DeviceZoneScopedSumN1("CB-COMPUTE-WAIT-FRONT");
      |     ^~~~~~~~~~~~~~~~~~~~~
/opt/tt-metal/tt_metal/hw/firmware/src/tt-1xx/trisck.cc: In function 'uint32_t _start()':
/opt/tt-metal/tt_metal/tools/profiler/kernel_profiler.hpp:32:22: note: '#pragma message: TRISC-KERNEL,/opt/tt-metal/tt_metal/hw/firmware/src/tt-1xx/trisck.cc,89,KERNEL_PROFILER'
   32 | #define DO_PRAGMA(x) _Pragma(#x)
      |                      ^~~~~~~
/opt/tt-metal/tt_metal/tools/profiler/kernel_profiler.hpp:1047:5: note: in expansion of macro 'DO_PRAGMA'
 1047 |     DO_PRAGMA(message(PROFILER_MSG_NAME(name)));                               \
      |     ^~~~~~~~~
/opt/tt-metal/tt_metal/hw/firmware/src/tt-1xx/trisck.cc:89:5: note: in expansion of macro 'DeviceZoneScopedMainChildN'
   89 |     DeviceZoneScopedMainChildN("TRISC-KERNEL");
      |     ^~~~~~~~~~~~~~~~~~~~~~~~~~
Building trisc2, compile step:
/opt/tt-metal/runtime/sfpi/compiler/bin/riscv-tt-elf-g++ -O3 -std=c++17 -ftt-nttp -ftt-constinit -ftt-consteval -ftt-no-dyninit -flto=1 -flto-partition=one -ffast-math -fno-finite-math-only -fsigned-zeros -fno-associative-math -fno-exceptions -fno-rtti -fno-use-cxa-atexit -g -MMD -Wall -Werror -Wno-error=deprecated-declarations -Wno-error=multistatement-macros -Wno-error=parentheses -Wno-error=unused-but-set-variable -Wno-unused-variable -Wno-unused-function --param=min-pagesize=0 -mcpu=tt-bh-tensix -Winvalid-pch -Wno-error=invalid-pch -I. -I.. -I/opt/tt-metal/ -I/opt/tt-metal/ttnn -I/opt/tt-metal/ttnn/cpp -I/opt/tt-metal/tt_metal -I/opt/tt-metal/tt_metal/hw/inc -I/opt/tt-metal/tt_metal/tt-llk/common -I/opt/tt-metal/tt_metal/tt-llk/tools/include -I/opt/tt-metal/tt_metal/hostdevcommon/api -I/opt/tt-metal/tt_metal/api/ -I/opt/tt-metal/runtime/sfpi/include -I/opt/tt-metal/tt_metal/hw/ckernels/blackhole/metal/common -I/opt/tt-metal/tt_metal/hw/ckernels/blackhole/metal/llk_io -I/opt/tt-metal/tt_metal/hw/inc/internal/tt-1xx -I/opt/tt-metal/tt_metal/hw/inc/internal/tt-1xx/blackhole -I/opt/tt-metal/tt_metal/hw/inc/internal/tt-1xx/blackhole/blackhole_defines -I/opt/tt-metal/tt_metal/hw/inc/internal/tt-1xx/blackhole/noc -I/opt/tt-metal/tt_metal/tt-llk/tt_llk_blackhole/common/inc -I/opt/tt-metal/tt_metal/tt-llk/tt_llk_blackhole/llk_lib -I/opt/tt-metal/tt_metal/tt-llk/tt_llk_blackhole/llk_lib/hal -I/opt/tt-metal/tt_metal/hw/ckernels/blackhole/metal/llk_api -I/opt/tt-metal/tt_metal/hw/ckernels/blackhole/metal/llk_api/llk_sfpu -I/opt/tt-metal/tt_metal/hw/firmware/src/tt-1xx -I/opt/tt-metal/models/experimental/pi0/tt/megakernel/kernels_p2 -include /sp/ttcache_prof/tt-metal-cache/pch/e13a6eedc934b130/pch.h -DIS_NOT_POW2_NUM_L1_BANKS=1 -DLOG_BASE_2_OF_NUM_DRAM_BANKS=3 -DNUM_DRAM_BANKS=8 -DNUM_L1_BANKS=110 -DPCIE_NOC_X=19 -DPCIE_NOC_Y=24 -DTENSIX_FIRMWARE -DLOCAL_MEM_EN=0 -DPROFILE_KERNEL=1 -DPROFILER_FULL_HOST_BUFFER_SIZE_PER_RISC=768000 -DPROCESSOR_INDEX=4 -DUCK_CHLKC_PACK -DCOMPILE_FOR_TRISC=2 -DPROGRAMMABLE_CORE_TYPE=0 -DARCH_BLACKHOLE -DDISPATCH_MESSAGE_ADDR=4290184248 -DKERNEL_BUILD -DFULL_KERNEL_NAME="whole_trisc/8683076588250723516/" -DKERNEL_COMPILE_TIME_ARGS=2,23,5,5,897988541,0,1088,2,2048,0,2048,0,2048,0,2048,2,2048,2,2048,21,20,7,4,128,897988541,897988541,1110770931,955776,2,4,110,2,4096,0,1088 -c -o /sp/ttcache_prof/tt-metal-cache8908659371042919221/kernels/whole_trisc/8683076588250723516/trisc2/trisck.2475656884148353978_1.o /opt/tt-metal/tt_metal/hw/firmware/src/tt-1xx/trisck.cc -MF /sp/ttcache_prof/tt-metal-cache8908659371042919221/kernels/whole_trisc/8683076588250723516/trisc2/trisck.2475656884148353978_1.d
In file included from /opt/tt-metal/tt_metal/hw/ckernels/blackhole/metal/llk_io/llk_io_pack.h:14,
                 from /opt/tt-metal/tt_metal/hw/inc/api/compute/compute_kernel_api.h:73,
                 from /opt/tt-metal/models/experimental/pi0/tt/megakernel/kernels_p2/../kernels/mk_trisc.cpp:22,
                 from /opt/tt-metal/models/experimental/pi0/tt/megakernel/kernels_p2/whole_trisc.cpp:12,
                 from ../chlkc_pack.cpp:4,
                 from /opt/tt-metal/tt_metal/hw/ckernels/blackhole/metal/common/chlkc_list.h:21,
                 from /opt/tt-metal/tt_metal/hw/firmware/src/tt-1xx/trisck.cc:14:
/opt/tt-metal/tt_metal/hw/ckernels/blackhole/metal/llk_io/llk_io_pack.h: In function 'void llk_wait_for_free_tiles(int32_t, int32_t)':
/opt/tt-metal/tt_metal/tools/profiler/kernel_profiler.hpp:32:22: note: '#pragma message: CB-COMPUTE-RESERVE-BACK,/opt/tt-metal/tt_metal/hw/ckernels/blackhole/metal/llk_io/llk_io_pack.h,21,KERNEL_PROFILER'
   32 | #define DO_PRAGMA(x) _Pragma(#x)
      |                      ^~~~~~~
/opt/tt-metal/tt_metal/tools/profiler/kernel_profiler.hpp:1057:5: note: in expansion of macro 'DO_PRAGMA'
 1057 |     DO_PRAGMA(message(PROFILER_MSG_NAME(name)));                               \
      |     ^~~~~~~~~
/opt/tt-metal/tt_metal/hw/ckernels/blackhole/metal/llk_io/llk_io_pack.h:21:5: note: in expansion of macro 'DeviceZoneScopedSumN2'
   21 |     DeviceZoneScopedSumN2("CB-COMPUTE-RESERVE-BACK");
      |     ^~~~~~~~~~~~~~~~~~~~~
/opt/tt-metal/tt_metal/hw/firmware/src/tt-1xx/trisck.cc: In function 'uint32_t _start()':
/opt/tt-metal/tt_metal/tools/profiler/kernel_profiler.hpp:32:22: note: '#pragma message: TRISC-KERNEL,/opt/tt-metal/tt_metal/hw/firmware/src/tt-1xx/trisck.cc,89,KERNEL_PROFILER'
   32 | #define DO_PRAGMA(x) _Pragma(#x)
      |                      ^~~~~~~
/opt/tt-metal/tt_metal/tools/profiler/kernel_profiler.hpp:1047:5: note: in expansion of macro 'DO_PRAGMA'
 1047 |     DO_PRAGMA(message(PROFILER_MSG_NAME(name)));                               \
      |     ^~~~~~~~~
/opt/tt-metal/tt_metal/hw/firmware/src/tt-1xx/trisck.cc:89:5: note: in expansion of macro 'DeviceZoneScopedMainChildN'
   89 |     DeviceZoneScopedMainChildN("TRISC-KERNEL");
      |     ^~~~~~~~~~~~~~~~~~~~~~~~~~
Building trisc1, compile step:
/opt/tt-metal/runtime/sfpi/compiler/bin/riscv-tt-elf-g++ -O3 -std=c++17 -ftt-nttp -ftt-constinit -ftt-consteval -ftt-no-dyninit -flto=1 -flto-partition=one -ffast-math -fno-finite-math-only -fsigned-zeros -fno-associative-math -fno-exceptions -fno-rtti -fno-use-cxa-atexit -g -MMD -Wall -Werror -Wno-error=deprecated-declarations -Wno-error=multistatement-macros -Wno-error=parentheses -Wno-error=unused-but-set-variable -Wno-unused-variable -Wno-unused-function --param=min-pagesize=0 -mcpu=tt-bh-tensix -Winvalid-pch -Wno-error=invalid-pch -I. -I.. -I/opt/tt-metal/ -I/opt/tt-metal/ttnn -I/opt/tt-metal/ttnn/cpp -I/opt/tt-metal/tt_metal -I/opt/tt-metal/tt_metal/hw/inc -I/opt/tt-metal/tt_metal/tt-llk/common -I/opt/tt-metal/tt_metal/tt-llk/tools/include -I/opt/tt-metal/tt_metal/hostdevcommon/api -I/opt/tt-metal/tt_metal/api/ -I/opt/tt-metal/runtime/sfpi/include -I/opt/tt-metal/tt_metal/hw/ckernels/blackhole/metal/common -I/opt/tt-metal/tt_metal/hw/ckernels/blackhole/metal/llk_io -I/opt/tt-metal/tt_metal/hw/inc/internal/tt-1xx -I/opt/tt-metal/tt_metal/hw/inc/internal/tt-1xx/blackhole -I/opt/tt-metal/tt_metal/hw/inc/internal/tt-1xx/blackhole/blackhole_defines -I/opt/tt-metal/tt_metal/hw/inc/internal/tt-1xx/blackhole/noc -I/opt/tt-metal/tt_metal/tt-llk/tt_llk_blackhole/common/inc -I/opt/tt-metal/tt_metal/tt-llk/tt_llk_blackhole/llk_lib -I/opt/tt-metal/tt_metal/tt-llk/tt_llk_blackhole/llk_lib/hal -I/opt/tt-metal/tt_metal/hw/ckernels/blackhole/metal/llk_api -I/opt/tt-metal/tt_metal/hw/ckernels/blackhole/metal/llk_api/llk_sfpu -I/opt/tt-metal/tt_metal/hw/firmware/src/tt-1xx -I/opt/tt-metal/models/experimental/pi0/tt/megakernel/kernels_p2 -include /sp/ttcache_prof/tt-metal-cache/pch/e13a6eedc934b130/pch.h -DIS_NOT_POW2_NUM_L1_BANKS=1 -DLOG_BASE_2_OF_NUM_DRAM_BANKS=3 -DNUM_DRAM_BANKS=8 -DNUM_L1_BANKS=110 -DPCIE_NOC_X=19 -DPCIE_NOC_Y=24 -DTENSIX_FIRMWARE -DLOCAL_MEM_EN=0 -DPROFILE_KERNEL=1 -DPROFILER_FULL_HOST_BUFFER_SIZE_PER_RISC=768000 -DPROCESSOR_INDEX=3 -DUCK_CHLKC_MATH -DCOMPILE_FOR_TRISC=1 -DPROGRAMMABLE_CORE_TYPE=0 -DARCH_BLACKHOLE -DDISPATCH_MESSAGE_ADDR=4290184248 -DKERNEL_BUILD -DFULL_KERNEL_NAME="whole_trisc/8683076588250723516/" -DKERNEL_COMPILE_TIME_ARGS=2,23,5,5,897988541,0,1088,2,2048,0,2048,0,2048,0,2048,2,2048,2,2048,21,20,7,4,128,897988541,897988541,1110770931,955776,2,4,110,2,4096,0,1088 -c -o /sp/ttcache_prof/tt-metal-cache8908659371042919221/kernels/whole_trisc/8683076588250723516/trisc1/trisck.2475656884148353978_1.o /opt/tt-metal/tt_metal/hw/firmware/src/tt-1xx/trisck.cc -MF /sp/ttcache_prof/tt-metal-cache8908659371042919221/kernels/whole_trisc/8683076588250723516/trisc1/trisck.2475656884148353978_1.d
In file included from /opt/tt-metal/tt_metal/hw/firmware/src/tt-1xx/trisck.cc:16:
/opt/tt-metal/tt_metal/hw/firmware/src/tt-1xx/trisck.cc: In function 'uint32_t _start()':
/opt/tt-metal/tt_metal/tools/profiler/kernel_profiler.hpp:32:22: note: '#pragma message: TRISC-KERNEL,/opt/tt-metal/tt_metal/hw/firmware/src/tt-1xx/trisck.cc,89,KERNEL_PROFILER'
   32 | #define DO_PRAGMA(x) _Pragma(#x)
      |                      ^~~~~~~
/opt/tt-metal/tt_metal/tools/profiler/kernel_profiler.hpp:1047:5: note: in expansion of macro 'DO_PRAGMA'
 1047 |     DO_PRAGMA(message(PROFILER_MSG_NAME(name)));                               \
      |     ^~~~~~~~~
/opt/tt-metal/tt_metal/hw/firmware/src/tt-1xx/trisck.cc:89:5: note: in expansion of macro 'DeviceZoneScopedMainChildN'
   89 |     DeviceZoneScopedMainChildN("TRISC-KERNEL");
      |     ^~~~~~~~~~~~~~~~~~~~~~~~~~
Building ncrisc, compile step:
/opt/tt-metal/runtime/sfpi/compiler/bin/riscv-tt-elf-g++ -O2 -std=c++17 -ftt-nttp -ftt-constinit -ftt-consteval -ftt-no-dyninit -flto=1 -flto-partition=one -ffast-math -fno-finite-math-only -fsigned-zeros -fno-associative-math -fno-exceptions -fno-rtti -fno-use-cxa-atexit -g -MMD -Wall -Werror -Wno-error=deprecated-declarations -Wno-error=multistatement-macros -Wno-error=parentheses -Wno-error=unused-but-set-variable -Wno-unused-variable -Wno-unused-function --param=min-pagesize=0 -mcpu=tt-bh -fno-tree-loop-distribute-patterns -Winvalid-pch -Wno-error=invalid-pch -I. -I.. -I/opt/tt-metal/ -I/opt/tt-metal/ttnn -I/opt/tt-metal/ttnn/cpp -I/opt/tt-metal/tt_metal -I/opt/tt-metal/tt_metal/hw/inc -I/opt/tt-metal/tt_metal/tt-llk/common -I/opt/tt-metal/tt_metal/tt-llk/tools/include -I/opt/tt-metal/tt_metal/hostdevcommon/api -I/opt/tt-metal/tt_metal/api/ -I/opt/tt-metal/tt_metal/hw/ckernels/blackhole/metal/common -I/opt/tt-metal/tt_metal/hw/ckernels/blackhole/metal/llk_io -I/opt/tt-metal/tt_metal/hw/inc/internal/tt-1xx -I/opt/tt-metal/tt_metal/hw/inc/internal/tt-1xx/blackhole -I/opt/tt-metal/tt_metal/hw/inc/internal/tt-1xx/blackhole/blackhole_defines -I/opt/tt-metal/tt_metal/hw/inc/internal/tt-1xx/blackhole/noc -I/opt/tt-metal/tt_metal/tt-llk/tt_llk_blackhole/common/inc -I/opt/tt-metal/tt_metal/tt-llk/tt_llk_blackhole/llk_lib -I/opt/tt-metal/tt_metal/tt-llk/tt_llk_blackhole/llk_lib/hal -I/opt/tt-metal/tt_metal/hw/firmware/src/tt-1xx -I/opt/tt-metal/models/experimental/pi0/tt/megakernel/kernels_p2 -include /sp/ttcache_prof/tt-metal-cache/pch/1b9e28ac75b7aabf/pch.h -DIS_NOT_POW2_NUM_L1_BANKS=1 -DLOG_BASE_2_OF_NUM_DRAM_BANKS=3 -DNUM_DRAM_BANKS=8 -DNUM_L1_BANKS=110 -DPCIE_NOC_X=19 -DPCIE_NOC_Y=24 -DTENSIX_FIRMWARE -DLOCAL_MEM_EN=0 -DPROFILE_KERNEL=1 -DPROFILER_FULL_HOST_BUFFER_SIZE_PER_RISC=768000 -DPROCESSOR_INDEX=1 -DCOMPILE_FOR_NCRISC -DPROGRAMMABLE_CORE_TYPE=0 -DARCH_BLACKHOLE -DDISPATCH_MESSAGE_ADDR=4290184248 -DKERNEL_BUILD -DMK_FID8_HIFI2=1 -DPE_ATT_FID=3 -DPE_ATT_FLAT=2 -DPE_CT0=19 -DPE_NO_EXPERT=1 -DNOC_INDEX=0 -DNOC_MODE=0 -DFULL_KERNEL_NAME="whole_ncrisc/15547425182375594208/" -DKERNEL_COMPILE_TIME_ARGS=2,23,5,5,897988541,0,1088,2,2048,0,2048,0,2048,0,2048,2,2048,2,2048,21,20,7,4,128,897988541,897988541,1110770931,856832,2,4,110,2,4096,0,1088 -c -o /sp/ttcache_prof/tt-metal-cache8908659371042919221/kernels/whole_ncrisc/15547425182375594208/ncrisc/ncrisck.2475656884148353978_1.o /opt/tt-metal/tt_metal/hw/firmware/src/tt-1xx/ncrisck.cc -MF /sp/ttcache_prof/tt-metal-cache8908659371042919221/kernels/whole_ncrisc/15547425182375594208/ncrisc/ncrisck.2475656884148353978_1.d
In file included from /opt/tt-metal/tt_metal/hw/inc/api/dataflow/dataflow_api.h:24,
                 from /opt/tt-metal/tt_metal/hw/inc/internal/firmware_common.h:23,
                 from /opt/tt-metal/tt_metal/hw/firmware/src/tt-1xx/ncrisck.cc:17:
/opt/tt-metal/tt_metal/tools/profiler/kernel_profiler.hpp: In function 'void kernel_profiler::quick_push()':
/opt/tt-metal/tt_metal/tools/profiler/kernel_profiler.hpp:32:22: note: '#pragma message: PROFILER-NOC-QUICK-PUSH,/opt/tt-metal/tt_metal/tools/profiler/kernel_profiler.hpp,633,KERNEL_PROFILER'
   32 | #define DO_PRAGMA(x) _Pragma(#x)
      |                      ^~~~~~~
/opt/tt-metal/tt_metal/tools/profiler/kernel_profiler.hpp:42:5: note: in expansion of macro 'DO_PRAGMA'
   42 |     DO_PRAGMA(message(PROFILER_MSG_NAME(name))); \
      |     ^~~~~~~~~
/opt/tt-metal/tt_metal/tools/profiler/kernel_profiler.hpp:633:5: note: in expansion of macro 'SrcLocNameToHash'
  633 |     SrcLocNameToHash("PROFILER-NOC-QUICK-PUSH");
      |     ^~~~~~~~~~~~~~~~
/opt/tt-metal/tt_metal/hw/firmware/src/tt-1xx/ncrisck.cc: In function 'uint32_t _start()':
/opt/tt-metal/tt_metal/tools/profiler/kernel_profiler.hpp:32:22: note: '#pragma message: NCRISC-KERNEL,/opt/tt-metal/tt_metal/hw/firmware/src/tt-1xx/ncrisck.cc,70,KERNEL_PROFILER'
   32 | #define DO_PRAGMA(x) _Pragma(#x)
      |                      ^~~~~~~
/opt/tt-metal/tt_metal/tools/profiler/kernel_profiler.hpp:1047:5: note: in expansion of macro 'DO_PRAGMA'
 1047 |     DO_PRAGMA(message(PROFILER_MSG_NAME(name)));                               \
      |     ^~~~~~~~~
/opt/tt-metal/tt_metal/hw/firmware/src/tt-1xx/ncrisck.cc:70:5: note: in expansion of macro 'DeviceZoneScopedMainChildN'
   70 |     DeviceZoneScopedMainChildN("NCRISC-KERNEL");
      |     ^~~~~~~~~~~~~~~~~~~~~~~~~~
Building brisc, compile step:
/opt/tt-metal/runtime/sfpi/compiler/bin/riscv-tt-elf-g++ -O2 -std=c++17 -ftt-nttp -ftt-constinit -ftt-consteval -ftt-no-dyninit -flto=1 -flto-partition=one -ffast-math -fno-finite-math-only -fsigned-zeros -fno-associative-math -fno-exceptions -fno-rtti -fno-use-cxa-atexit -g -MMD -Wall -Werror -Wno-error=deprecated-declarations -Wno-error=multistatement-macros -Wno-error=parentheses -Wno-error=unused-but-set-variable -Wno-unused-variable -Wno-unused-function --param=min-pagesize=0 -mcpu=tt-bh -fno-tree-loop-distribute-patterns -Winvalid-pch -Wno-error=invalid-pch -I. -I.. -I/opt/tt-metal/ -I/opt/tt-metal/ttnn -I/opt/tt-metal/ttnn/cpp -I/opt/tt-metal/tt_metal -I/opt/tt-metal/tt_metal/hw/inc -I/opt/tt-metal/tt_metal/tt-llk/common -I/opt/tt-metal/tt_metal/tt-llk/tools/include -I/opt/tt-metal/tt_metal/hostdevcommon/api -I/opt/tt-metal/tt_metal/api/ -I/opt/tt-metal/tt_metal/hw/ckernels/blackhole/metal/common -I/opt/tt-metal/tt_metal/hw/ckernels/blackhole/metal/llk_io -I/opt/tt-metal/tt_metal/hw/inc/internal/tt-1xx -I/opt/tt-metal/tt_metal/hw/inc/internal/tt-1xx/blackhole -I/opt/tt-metal/tt_metal/hw/inc/internal/tt-1xx/blackhole/blackhole_defines -I/opt/tt-metal/tt_metal/hw/inc/internal/tt-1xx/blackhole/noc -I/opt/tt-metal/tt_metal/tt-llk/tt_llk_blackhole/common/inc -I/opt/tt-metal/tt_metal/tt-llk/tt_llk_blackhole/llk_lib -I/opt/tt-metal/tt_metal/tt-llk/tt_llk_blackhole/llk_lib/hal -I/opt/tt-metal/tt_metal/hw/firmware/src/tt-1xx -I/opt/tt-metal/models/experimental/pi0/tt/megakernel/kernels_p2 -include /sp/ttcache_prof/tt-metal-cache/pch/1b9e28ac75b7aabf/pch.h -DIS_NOT_POW2_NUM_L1_BANKS=1 -DLOG_BASE_2_OF_NUM_DRAM_BANKS=3 -DNUM_DRAM_BANKS=8 -DNUM_L1_BANKS=110 -DPCIE_NOC_X=19 -DPCIE_NOC_Y=24 -DTENSIX_FIRMWARE -DLOCAL_MEM_EN=0 -DPROFILE_KERNEL=1 -DPROFILER_FULL_HOST_BUFFER_SIZE_PER_RISC=768000 -DPROCESSOR_INDEX=0 -DCOMPILE_FOR_BRISC -DPROGRAMMABLE_CORE_TYPE=0 -DARCH_BLACKHOLE -DDISPATCH_MESSAGE_ADDR=4290184248 -DKERNEL_BUILD -DMK_FID8_HIFI2=1 -DPE_ATT_FID=3 -DPE_ATT_FLAT=2 -DPE_CT0=19 -DPE_NO_EXPERT=1 -DNOC_INDEX=1 -DNOC_MODE=0 -DFULL_KERNEL_NAME="whole_brisc/11347180521394865255/" -DKERNEL_COMPILE_TIME_ARGS=2,23,5,5,897988541,0,1088,2,2048,0,2048,0,2048,0,2048,2,2048,2,2048,21,20,7,4,128,897988541,897988541,1110770931,856832,2,4,110,2,4096,0,1088 -c -o /sp/ttcache_prof/tt-metal-cache8908659371042919221/kernels/whole_brisc/11347180521394865255/brisc/brisck.2475656884148353978_1.o /opt/tt-metal/tt_metal/hw/firmware/src/tt-1xx/brisck.cc -MF /sp/ttcache_prof/tt-metal-cache8908659371042919221/kernels/whole_brisc/11347180521394865255/brisc/brisck.2475656884148353978_1.d
In file included from /opt/tt-metal/tt_metal/hw/inc/api/dataflow/dataflow_api.h:24,
                 from /opt/tt-metal/tt_metal/hw/inc/internal/firmware_common.h:23,
                 from /opt/tt-metal/tt_metal/hw/firmware/src/tt-1xx/brisck.cc:16:
/opt/tt-metal/tt_metal/tools/profiler/kernel_profiler.hpp: In function 'void kernel_profiler::finish_profiler(bool)':
/opt/tt-metal/tt_metal/tools/profiler/kernel_profiler.hpp:32:22: note: '#pragma message: PROFILER-NOC-FLUSH,/opt/tt-metal/tt_metal/tools/profiler/kernel_profiler.hpp,481,KERNEL_PROFILER'
   32 | #define DO_PRAGMA(x) _Pragma(#x)
      |                      ^~~~~~~
/opt/tt-metal/tt_metal/tools/profiler/kernel_profiler.hpp:42:5: note: in expansion of macro 'DO_PRAGMA'
   42 |     DO_PRAGMA(message(PROFILER_MSG_NAME(name))); \
      |     ^~~~~~~~~
/opt/tt-metal/tt_metal/tools/profiler/kernel_profiler.hpp:481:17: note: in expansion of macro 'SrcLocNameToHash'
  481 |                 SrcLocNameToHash("PROFILER-NOC-FLUSH");
      |                 ^~~~~~~~~~~~~~~~
/opt/tt-metal/tt_metal/tools/profiler/kernel_profiler.hpp:32:22: note: '#pragma message: PROFILER-DRAM-PUSH,/opt/tt-metal/tt_metal/tools/profiler/kernel_profiler.hpp,490,KERNEL_PROFILER'
   32 | #define DO_PRAGMA(x) _Pragma(#x)
      |                      ^~~~~~~
/opt/tt-metal/tt_metal/tools/profiler/kernel_profiler.hpp:42:5: note: in expansion of macro 'DO_PRAGMA'
   42 |     DO_PRAGMA(message(PROFILER_MSG_NAME(name))); \
      |     ^~~~~~~~~
/opt/tt-metal/tt_metal/tools/profiler/kernel_profiler.hpp:490:17: note: in expansion of macro 'SrcLocNameToHash'
  490 |                 SrcLocNameToHash("PROFILER-DRAM-PUSH");
      |                 ^~~~~~~~~~~~~~~~
/opt/tt-metal/tt_metal/tools/profiler/kernel_profiler.hpp: In function 'void kernel_profiler::quick_push()':
/opt/tt-metal/tt_metal/tools/profiler/kernel_profiler.hpp:32:22: note: '#pragma message: PROFILER-NOC-QUICK-PUSH,/opt/tt-metal/tt_metal/tools/profiler/kernel_profiler.hpp,633,KERNEL_PROFILER'
   32 | #define DO_PRAGMA(x) _Pragma(#x)
      |                      ^~~~~~~
/opt/tt-metal/tt_metal/tools/profiler/kernel_profiler.hpp:42:5: note: in expansion of macro 'DO_PRAGMA'
   42 |     DO_PRAGMA(message(PROFILER_MSG_NAME(name))); \
      |     ^~~~~~~~~
/opt/tt-metal/tt_metal/tools/profiler/kernel_profiler.hpp:633:5: note: in expansion of macro 'SrcLocNameToHash'
  633 |     SrcLocNameToHash("PROFILER-NOC-QUICK-PUSH");
      |     ^~~~~~~~~~~~~~~~
/opt/tt-metal/tt_metal/hw/firmware/src/tt-1xx/brisck.cc: In function 'uint32_t _start()':
/opt/tt-metal/tt_metal/tools/profiler/kernel_profiler.hpp:32:22: note: '#pragma message: BRISC-KERNEL,/opt/tt-metal/tt_metal/hw/firmware/src/tt-1xx/brisck.cc,77,KERNEL_PROFILER'
   32 | #define DO_PRAGMA(x) _Pragma(#x)
      |                      ^~~~~~~
/opt/tt-metal/tt_metal/tools/profiler/kernel_profiler.hpp:1047:5: note: in expansion of macro 'DO_PRAGMA'
 1047 |     DO_PRAGMA(message(PROFILER_MSG_NAME(name)));                               \
      |     ^~~~~~~~~
/opt/tt-metal/tt_metal/hw/firmware/src/tt-1xx/brisck.cc:77:9: note: in expansion of macro 'DeviceZoneScopedMainChildN'
   77 |         DeviceZoneScopedMainChildN("BRISC-KERNEL");
      |         ^~~~~~~~~~~~~~~~~~~~~~~~~~
Building trisc2, compile step:
/opt/tt-metal/runtime/sfpi/compiler/bin/riscv-tt-elf-g++ -O3 -std=c++17 -ftt-nttp -ftt-constinit -ftt-consteval -ftt-no-dyninit -flto=1 -flto-partition=one -ffast-math -fno-finite-math-only -fsigned-zeros -fno-associative-math -fno-exceptions -fno-rtti -fno-use-cxa-atexit -g -MMD -Wall -Werror -Wno-error=deprecated-declarations -Wno-error=multistatement-macros -Wno-error=parentheses -Wno-error=unused-but-set-variable -Wno-unused-variable -Wno-unused-function --param=min-pagesize=0 -mcpu=tt-bh-tensix -Winvalid-pch -Wno-error=invalid-pch -I. -I.. -I/opt/tt-metal/ -I/opt/tt-metal/ttnn -I/opt/tt-metal/ttnn/cpp -I/opt/tt-metal/tt_metal -I/opt/tt-metal/tt_metal/hw/inc -I/opt/tt-metal/tt_metal/tt-llk/common -I/opt/tt-metal/tt_metal/tt-llk/tools/include -I/opt/tt-metal/tt_metal/hostdevcommon/api -I/opt/tt-metal/tt_metal/api/ -I/opt/tt-metal/runtime/sfpi/include -I/opt/tt-metal/tt_metal/hw/ckernels/blackhole/metal/common -I/opt/tt-metal/tt_metal/hw/ckernels/blackhole/metal/llk_io -I/opt/tt-metal/tt_metal/hw/inc/internal/tt-1xx -I/opt/tt-metal/tt_metal/hw/inc/internal/tt-1xx/blackhole -I/opt/tt-metal/tt_metal/hw/inc/internal/tt-1xx/blackhole/blackhole_defines -I/opt/tt-metal/tt_metal/hw/inc/internal/tt-1xx/blackhole/noc -I/opt/tt-metal/tt_metal/tt-llk/tt_llk_blackhole/common/inc -I/opt/tt-metal/tt_metal/tt-llk/tt_llk_blackhole/llk_lib -I/opt/tt-metal/tt_metal/tt-llk/tt_llk_blackhole/llk_lib/hal -I/opt/tt-metal/tt_metal/hw/ckernels/blackhole/metal/llk_api -I/opt/tt-metal/tt_metal/hw/ckernels/blackhole/metal/llk_api/llk_sfpu -I/opt/tt-metal/tt_metal/hw/firmware/src/tt-1xx -I/opt/tt-metal/models/experimental/pi0/tt/megakernel/kernels_p2 -include /sp/ttcache_prof/tt-metal-cache/pch/e13a6eedc934b130/pch.h -DIS_NOT_POW2_NUM_L1_BANKS=1 -DLOG_BASE_2_OF_NUM_DRAM_BANKS=3 -DNUM_DRAM_BANKS=8 -DNUM_L1_BANKS=110 -DPCIE_NOC_X=19 -DPCIE_NOC_Y=24 -DTENSIX_FIRMWARE -DLOCAL_MEM_EN=0 -DPROFILE_KERNEL=1 -DPROFILER_FULL_HOST_BUFFER_SIZE_PER_RISC=768000 -DPROCESSOR_INDEX=4 -DUCK_CHLKC_PACK -DCOMPILE_FOR_TRISC=2 -DPROGRAMMABLE_CORE_TYPE=0 -DARCH_BLACKHOLE -DDISPATCH_MESSAGE_ADDR=4290184248 -DKERNEL_BUILD -DFULL_KERNEL_NAME="whole_trisc/9258102955141870564/" -DKERNEL_COMPILE_TIME_ARGS=2,23,5,5,897988541,0,1088,2,2048,0,2048,0,2048,0,2048,2,2048,2,2048,21,20,7,4,128,897988541,897988541,1110770931,856832,2,4,110,2,4096,0,1088 -c -o /sp/ttcache_prof/tt-metal-cache8908659371042919221/kernels/whole_trisc/9258102955141870564/trisc2/trisck.2475656884148353978_1.o /opt/tt-metal/tt_metal/hw/firmware/src/tt-1xx/trisck.cc -MF /sp/ttcache_prof/tt-metal-cache8908659371042919221/kernels/whole_trisc/9258102955141870564/trisc2/trisck.2475656884148353978_1.d
In file included from /opt/tt-metal/tt_metal/hw/ckernels/blackhole/metal/llk_io/llk_io_pack.h:14,
                 from /opt/tt-metal/tt_metal/hw/inc/api/compute/compute_kernel_api.h:73,
                 from /opt/tt-metal/models/experimental/pi0/tt/megakernel/kernels_p2/../kernels/mk_trisc.cpp:22,
                 from /opt/tt-metal/models/experimental/pi0/tt/megakernel/kernels_p2/whole_trisc.cpp:12,
                 from ../chlkc_pack.cpp:4,
                 from /opt/tt-metal/tt_metal/hw/ckernels/blackhole/metal/common/chlkc_list.h:21,
                 from /opt/tt-metal/tt_metal/hw/firmware/src/tt-1xx/trisck.cc:14:
/opt/tt-metal/tt_metal/hw/ckernels/blackhole/metal/llk_io/llk_io_pack.h: In function 'void llk_wait_for_free_tiles(int32_t, int32_t)':
/opt/tt-metal/tt_metal/tools/profiler/kernel_profiler.hpp:32:22: note: '#pragma message: CB-COMPUTE-RESERVE-BACK,/opt/tt-metal/tt_metal/hw/ckernels/blackhole/metal/llk_io/llk_io_pack.h,21,KERNEL_PROFILER'
   32 | #define DO_PRAGMA(x) _Pragma(#x)
      |                      ^~~~~~~
/opt/tt-metal/tt_metal/tools/profiler/kernel_profiler.hpp:1057:5: note: in expansion of macro 'DO_PRAGMA'
 1057 |     DO_PRAGMA(message(PROFILER_MSG_NAME(name)));                               \
      |     ^~~~~~~~~
/opt/tt-metal/tt_metal/hw/ckernels/blackhole/metal/llk_io/llk_io_pack.h:21:5: note: in expansion of macro 'DeviceZoneScopedSumN2'
   21 |     DeviceZoneScopedSumN2("CB-COMPUTE-RESERVE-BACK");
      |     ^~~~~~~~~~~~~~~~~~~~~
/opt/tt-metal/tt_metal/hw/firmware/src/tt-1xx/trisck.cc: In function 'uint32_t _start()':
/opt/tt-metal/tt_metal/tools/profiler/kernel_profiler.hpp:32:22: note: '#pragma message: TRISC-KERNEL,/opt/tt-metal/tt_metal/hw/firmware/src/tt-1xx/trisck.cc,89,KERNEL_PROFILER'
   32 | #define DO_PRAGMA(x) _Pragma(#x)
      |                      ^~~~~~~
/opt/tt-metal/tt_metal/tools/profiler/kernel_profiler.hpp:1047:5: note: in expansion of macro 'DO_PRAGMA'
 1047 |     DO_PRAGMA(message(PROFILER_MSG_NAME(name)));                               \
      |     ^~~~~~~~~
/opt/tt-metal/tt_metal/hw/firmware/src/tt-1xx/trisck.cc:89:5: note: in expansion of macro 'DeviceZoneScopedMainChildN'
   89 |     DeviceZoneScopedMainChildN("TRISC-KERNEL");
      |     ^~~~~~~~~~~~~~~~~~~~~~~~~~
Building trisc0, compile step:
/opt/tt-metal/runtime/sfpi/compiler/bin/riscv-tt-elf-g++ -O3 -std=c++17 -ftt-nttp -ftt-constinit -ftt-consteval -ftt-no-dyninit -flto=1 -flto-partition=one -ffast-math -fno-finite-math-only -fsigned-zeros -fno-associative-math -fno-exceptions -fno-rtti -fno-use-cxa-atexit -g -MMD -Wall -Werror -Wno-error=deprecated-declarations -Wno-error=multistatement-macros -Wno-error=parentheses -Wno-error=unused-but-set-variable -Wno-unused-variable -Wno-unused-function --param=min-pagesize=0 -mcpu=tt-bh-tensix -Winvalid-pch -Wno-error=invalid-pch -I. -I.. -I/opt/tt-metal/ -I/opt/tt-metal/ttnn -I/opt/tt-metal/ttnn/cpp -I/opt/tt-metal/tt_metal -I/opt/tt-metal/tt_metal/hw/inc -I/opt/tt-metal/tt_metal/tt-llk/common -I/opt/tt-metal/tt_metal/tt-llk/tools/include -I/opt/tt-metal/tt_metal/hostdevcommon/api -I/opt/tt-metal/tt_metal/api/ -I/opt/tt-metal/runtime/sfpi/include -I/opt/tt-metal/tt_metal/hw/ckernels/blackhole/metal/common -I/opt/tt-metal/tt_metal/hw/ckernels/blackhole/metal/llk_io -I/opt/tt-metal/tt_metal/hw/inc/internal/tt-1xx -I/opt/tt-metal/tt_metal/hw/inc/internal/tt-1xx/blackhole -I/opt/tt-metal/tt_metal/hw/inc/internal/tt-1xx/blackhole/blackhole_defines -I/opt/tt-metal/tt_metal/hw/inc/internal/tt-1xx/blackhole/noc -I/opt/tt-metal/tt_metal/tt-llk/tt_llk_blackhole/common/inc -I/opt/tt-metal/tt_metal/tt-llk/tt_llk_blackhole/llk_lib -I/opt/tt-metal/tt_metal/tt-llk/tt_llk_blackhole/llk_lib/hal -I/opt/tt-metal/tt_metal/hw/ckernels/blackhole/metal/llk_api -I/opt/tt-metal/tt_metal/hw/ckernels/blackhole/metal/llk_api/llk_sfpu -I/opt/tt-metal/tt_metal/hw/firmware/src/tt-1xx -I/opt/tt-metal/models/experimental/pi0/tt/megakernel/kernels_p2 -include /sp/ttcache_prof/tt-metal-cache/pch/e13a6eedc934b130/pch.h -DIS_NOT_POW2_NUM_L1_BANKS=1 -DLOG_BASE_2_OF_NUM_DRAM_BANKS=3 -DNUM_DRAM_BANKS=8 -DNUM_L1_BANKS=110 -DPCIE_NOC_X=19 -DPCIE_NOC_Y=24 -DTENSIX_FIRMWARE -DLOCAL_MEM_EN=0 -DPROFILE_KERNEL=1 -DPROFILER_FULL_HOST_BUFFER_SIZE_PER_RISC=768000 -DPROCESSOR_INDEX=2 -DUCK_CHLKC_UNPACK -DCOMPILE_FOR_TRISC=0 -DPROGRAMMABLE_CORE_TYPE=0 -DARCH_BLACKHOLE -DDISPATCH_MESSAGE_ADDR=4290184248 -DKERNEL_BUILD -DFULL_KERNEL_NAME="whole_trisc/9258102955141870564/" -DKERNEL_COMPILE_TIME_ARGS=2,23,5,5,897988541,0,1088,2,2048,0,2048,0,2048,0,2048,2,2048,2,2048,21,20,7,4,128,897988541,897988541,1110770931,856832,2,4,110,2,4096,0,1088 -c -o /sp/ttcache_prof/tt-metal-cache8908659371042919221/kernels/whole_trisc/9258102955141870564/trisc0/trisck.2475656884148353978_1.o /opt/tt-metal/tt_metal/hw/firmware/src/tt-1xx/trisck.cc -MF /sp/ttcache_prof/tt-metal-cache8908659371042919221/kernels/whole_trisc/9258102955141870564/trisc0/trisck.2475656884148353978_1.d
In file included from /opt/tt-metal/tt_metal/hw/ckernels/blackhole/metal/llk_io/llk_io_unpack.h:13,
                 from /opt/tt-metal/tt_metal/hw/inc/api/compute/compute_kernel_api.h:98,
                 from /opt/tt-metal/models/experimental/pi0/tt/megakernel/kernels_p2/../kernels/mk_trisc.cpp:22,
                 from /opt/tt-metal/models/experimental/pi0/tt/megakernel/kernels_p2/whole_trisc.cpp:12,
                 from ../chlkc_unpack.cpp:4,
                 from /opt/tt-metal/tt_metal/hw/ckernels/blackhole/metal/common/chlkc_list.h:26,
                 from /opt/tt-metal/tt_metal/hw/firmware/src/tt-1xx/trisck.cc:14:
/opt/tt-metal/tt_metal/hw/ckernels/blackhole/metal/llk_io/llk_io_unpack.h: In function 'void llk_wait_tiles(int, int32_t)':
/opt/tt-metal/tt_metal/tools/profiler/kernel_profiler.hpp:32:22: note: '#pragma message: CB-COMPUTE-WAIT-FRONT,/opt/tt-metal/tt_metal/hw/ckernels/blackhole/metal/llk_io/llk_io_unpack.h,19,KERNEL_PROFILER'
   32 | #define DO_PRAGMA(x) _Pragma(#x)
      |                      ^~~~~~~
/opt/tt-metal/tt_metal/tools/profiler/kernel_profiler.hpp:1052:5: note: in expansion of macro 'DO_PRAGMA'
 1052 |     DO_PRAGMA(message(PROFILER_MSG_NAME(name)));                               \
      |     ^~~~~~~~~
/opt/tt-metal/tt_metal/hw/ckernels/blackhole/metal/llk_io/llk_io_unpack.h:19:5: note: in expansion of macro 'DeviceZoneScopedSumN1'
   19 |     DeviceZoneScopedSumN1("CB-COMPUTE-WAIT-FRONT");
      |     ^~~~~~~~~~~~~~~~~~~~~
/opt/tt-metal/tt_metal/hw/firmware/src/tt-1xx/trisck.cc: In function 'uint32_t _start()':
/opt/tt-metal/tt_metal/tools/profiler/kernel_profiler.hpp:32:22: note: '#pragma message: TRISC-KERNEL,/opt/tt-metal/tt_metal/hw/firmware/src/tt-1xx/trisck.cc,89,KERNEL_PROFILER'
   32 | #define DO_PRAGMA(x) _Pragma(#x)
      |                      ^~~~~~~
/opt/tt-metal/tt_metal/tools/profiler/kernel_profiler.hpp:1047:5: note: in expansion of macro 'DO_PRAGMA'
 1047 |     DO_PRAGMA(message(PROFILER_MSG_NAME(name)));                               \
      |     ^~~~~~~~~
/opt/tt-metal/tt_metal/hw/firmware/src/tt-1xx/trisck.cc:89:5: note: in expansion of macro 'DeviceZoneScopedMainChildN'
   89 |     DeviceZoneScopedMainChildN("TRISC-KERNEL");
      |     ^~~~~~~~~~~~~~~~~~~~~~~~~~
Building trisc1, compile step:
/opt/tt-metal/runtime/sfpi/compiler/bin/riscv-tt-elf-g++ -O3 -std=c++17 -ftt-nttp -ftt-constinit -ftt-consteval -ftt-no-dyninit -flto=1 -flto-partition=one -ffast-math -fno-finite-math-only -fsigned-zeros -fno-associative-math -fno-exceptions -fno-rtti -fno-use-cxa-atexit -g -MMD -Wall -Werror -Wno-error=deprecated-declarations -Wno-error=multistatement-macros -Wno-error=parentheses -Wno-error=unused-but-set-variable -Wno-unused-variable -Wno-unused-function --param=min-pagesize=0 -mcpu=tt-bh-tensix -Winvalid-pch -Wno-error=invalid-pch -I. -I.. -I/opt/tt-metal/ -I/opt/tt-metal/ttnn -I/opt/tt-metal/ttnn/cpp -I/opt/tt-metal/tt_metal -I/opt/tt-metal/tt_metal/hw/inc -I/opt/tt-metal/tt_metal/tt-llk/common -I/opt/tt-metal/tt_metal/tt-llk/tools/include -I/opt/tt-metal/tt_metal/hostdevcommon/api -I/opt/tt-metal/tt_metal/api/ -I/opt/tt-metal/runtime/sfpi/include -I/opt/tt-metal/tt_metal/hw/ckernels/blackhole/metal/common -I/opt/tt-metal/tt_metal/hw/ckernels/blackhole/metal/llk_io -I/opt/tt-metal/tt_metal/hw/inc/internal/tt-1xx -I/opt/tt-metal/tt_metal/hw/inc/internal/tt-1xx/blackhole -I/opt/tt-metal/tt_metal/hw/inc/internal/tt-1xx/blackhole/blackhole_defines -I/opt/tt-metal/tt_metal/hw/inc/internal/tt-1xx/blackhole/noc -I/opt/tt-metal/tt_metal/tt-llk/tt_llk_blackhole/common/inc -I/opt/tt-metal/tt_metal/tt-llk/tt_llk_blackhole/llk_lib -I/opt/tt-metal/tt_metal/tt-llk/tt_llk_blackhole/llk_lib/hal -I/opt/tt-metal/tt_metal/hw/ckernels/blackhole/metal/llk_api -I/opt/tt-metal/tt_metal/hw/ckernels/blackhole/metal/llk_api/llk_sfpu -I/opt/tt-metal/tt_metal/hw/firmware/src/tt-1xx -I/opt/tt-metal/models/experimental/pi0/tt/megakernel/kernels_p2 -include /sp/ttcache_prof/tt-metal-cache/pch/e13a6eedc934b130/pch.h -DIS_NOT_POW2_NUM_L1_BANKS=1 -DLOG_BASE_2_OF_NUM_DRAM_BANKS=3 -DNUM_DRAM_BANKS=8 -DNUM_L1_BANKS=110 -DPCIE_NOC_X=19 -DPCIE_NOC_Y=24 -DTENSIX_FIRMWARE -DLOCAL_MEM_EN=0 -DPROFILE_KERNEL=1 -DPROFILER_FULL_HOST_BUFFER_SIZE_PER_RISC=768000 -DPROCESSOR_INDEX=3 -DUCK_CHLKC_MATH -DCOMPILE_FOR_TRISC=1 -DPROGRAMMABLE_CORE_TYPE=0 -DARCH_BLACKHOLE -DDISPATCH_MESSAGE_ADDR=4290184248 -DKERNEL_BUILD -DFULL_KERNEL_NAME="whole_trisc/9258102955141870564/" -DKERNEL_COMPILE_TIME_ARGS=2,23,5,5,897988541,0,1088,2,2048,0,2048,0,2048,0,2048,2,2048,2,2048,21,20,7,4,128,897988541,897988541,1110770931,856832,2,4,110,2,4096,0,1088 -c -o /sp/ttcache_prof/tt-metal-cache8908659371042919221/kernels/whole_trisc/9258102955141870564/trisc1/trisck.2475656884148353978_1.o /opt/tt-metal/tt_metal/hw/firmware/src/tt-1xx/trisck.cc -MF /sp/ttcache_prof/tt-metal-cache8908659371042919221/kernels/whole_trisc/9258102955141870564/trisc1/trisck.2475656884148353978_1.d
In file included from /opt/tt-metal/tt_metal/hw/firmware/src/tt-1xx/trisck.cc:16:
/opt/tt-metal/tt_metal/hw/firmware/src/tt-1xx/trisck.cc: In function 'uint32_t _start()':
/opt/tt-metal/tt_metal/tools/profiler/kernel_profiler.hpp:32:22: note: '#pragma message: TRISC-KERNEL,/opt/tt-metal/tt_metal/hw/firmware/src/tt-1xx/trisck.cc,89,KERNEL_PROFILER'
   32 | #define DO_PRAGMA(x) _Pragma(#x)
      |                      ^~~~~~~
/opt/tt-metal/tt_metal/tools/profiler/kernel_profiler.hpp:1047:5: note: in expansion of macro 'DO_PRAGMA'
 1047 |     DO_PRAGMA(message(PROFILER_MSG_NAME(name)));                               \
      |     ^~~~~~~~~
/opt/tt-metal/tt_metal/hw/firmware/src/tt-1xx/trisck.cc:89:5: note: in expansion of macro 'DeviceZoneScopedMainChildN'
   89 |     DeviceZoneScopedMainChildN("TRISC-KERNEL");
      |     ^~~~~~~~~~~~~~~~~~~~~~~~~~
Building ncrisc, compile step:
/opt/tt-metal/runtime/sfpi/compiler/bin/riscv-tt-elf-g++ -O2 -std=c++17 -ftt-nttp -ftt-constinit -ftt-consteval -ftt-no-dyninit -flto=1 -flto-partition=one -ffast-math -fno-finite-math-only -fsigned-zeros -fno-associative-math -fno-exceptions -fno-rtti -fno-use-cxa-atexit -g -MMD -Wall -Werror -Wno-error=deprecated-declarations -Wno-error=multistatement-macros -Wno-error=parentheses -Wno-error=unused-but-set-variable -Wno-unused-variable -Wno-unused-function --param=min-pagesize=0 -mcpu=tt-bh -fno-tree-loop-distribute-patterns -Winvalid-pch -Wno-error=invalid-pch -I. -I.. -I/opt/tt-metal/ -I/opt/tt-metal/ttnn -I/opt/tt-metal/ttnn/cpp -I/opt/tt-metal/tt_metal -I/opt/tt-metal/tt_metal/hw/inc -I/opt/tt-metal/tt_metal/tt-llk/common -I/opt/tt-metal/tt_metal/tt-llk/tools/include -I/opt/tt-metal/tt_metal/hostdevcommon/api -I/opt/tt-metal/tt_metal/api/ -I/opt/tt-metal/tt_metal/hw/ckernels/blackhole/metal/common -I/opt/tt-metal/tt_metal/hw/ckernels/blackhole/metal/llk_io -I/opt/tt-metal/tt_metal/hw/inc/internal/tt-1xx -I/opt/tt-metal/tt_metal/hw/inc/internal/tt-1xx/blackhole -I/opt/tt-metal/tt_metal/hw/inc/internal/tt-1xx/blackhole/blackhole_defines -I/opt/tt-metal/tt_metal/hw/inc/internal/tt-1xx/blackhole/noc -I/opt/tt-metal/tt_metal/tt-llk/tt_llk_blackhole/common/inc -I/opt/tt-metal/tt_metal/tt-llk/tt_llk_blackhole/llk_lib -I/opt/tt-metal/tt_metal/tt-llk/tt_llk_blackhole/llk_lib/hal -I/opt/tt-metal/tt_metal/hw/firmware/src/tt-1xx -I/opt/tt-metal/models/experimental/pi0/tt/megakernel/kernels -include /sp/ttcache_prof/tt-metal-cache/pch/1b9e28ac75b7aabf/pch.h -DIS_NOT_POW2_NUM_L1_BANKS=1 -DLOG_BASE_2_OF_NUM_DRAM_BANKS=3 -DNUM_DRAM_BANKS=8 -DNUM_L1_BANKS=110 -DPCIE_NOC_X=19 -DPCIE_NOC_Y=24 -DTENSIX_FIRMWARE -DLOCAL_MEM_EN=0 -DPROFILE_KERNEL=1 -DPROFILER_FULL_HOST_BUFFER_SIZE_PER_RISC=768000 -DPROCESSOR_INDEX=1 -DCOMPILE_FOR_NCRISC -DPROGRAMMABLE_CORE_TYPE=0 -DARCH_BLACKHOLE -DDISPATCH_MESSAGE_ADDR=4290184248 -DKERNEL_BUILD -DMK_FID=3 -DMK_FID8_HIFI2=1 -DMK_KV_MCAST=1 -DNOC_INDEX=0 -DNOC_MODE=0 -DFULL_KERNEL_NAME="mk_ncrisc/2060836580590635841/" -DKERNEL_COMPILE_TIME_ARGS=2,23,5,5,897988541,0,1088,2,2048,0,2048,0,2048,0,2048,2,2048,2,2048 -c -o /sp/ttcache_prof/tt-metal-cache8908659371042919221/kernels/mk_ncrisc/2060836580590635841/ncrisc/ncrisck.2475656884148353978_1.o /opt/tt-metal/tt_metal/hw/firmware/src/tt-1xx/ncrisck.cc -MF /sp/ttcache_prof/tt-metal-cache8908659371042919221/kernels/mk_ncrisc/2060836580590635841/ncrisc/ncrisck.2475656884148353978_1.d
In file included from /opt/tt-metal/tt_metal/hw/inc/api/dataflow/dataflow_api.h:24,
                 from /opt/tt-metal/tt_metal/hw/inc/internal/firmware_common.h:23,
                 from /opt/tt-metal/tt_metal/hw/firmware/src/tt-1xx/ncrisck.cc:17:
/opt/tt-metal/tt_metal/tools/profiler/kernel_profiler.hpp: In function 'void kernel_profiler::quick_push()':
/opt/tt-metal/tt_metal/tools/profiler/kernel_profiler.hpp:32:22: note: '#pragma message: PROFILER-NOC-QUICK-PUSH,/opt/tt-metal/tt_metal/tools/profiler/kernel_profiler.hpp,633,KERNEL_PROFILER'
   32 | #define DO_PRAGMA(x) _Pragma(#x)
      |                      ^~~~~~~
/opt/tt-metal/tt_metal/tools/profiler/kernel_profiler.hpp:42:5: note: in expansion of macro 'DO_PRAGMA'
   42 |     DO_PRAGMA(message(PROFILER_MSG_NAME(name))); \
      |     ^~~~~~~~~
/opt/tt-metal/tt_metal/tools/profiler/kernel_profiler.hpp:633:5: note: in expansion of macro 'SrcLocNameToHash'
  633 |     SrcLocNameToHash("PROFILER-NOC-QUICK-PUSH");
      |     ^~~~~~~~~~~~~~~~
/opt/tt-metal/tt_metal/hw/firmware/src/tt-1xx/ncrisck.cc: In function 'uint32_t _start()':
/opt/tt-metal/tt_metal/tools/profiler/kernel_profiler.hpp:32:22: note: '#pragma message: NCRISC-KERNEL,/opt/tt-metal/tt_metal/hw/firmware/src/tt-1xx/ncrisck.cc,70,KERNEL_PROFILER'
   32 | #define DO_PRAGMA(x) _Pragma(#x)
      |                      ^~~~~~~
/opt/tt-metal/tt_metal/tools/profiler/kernel_profiler.hpp:1047:5: note: in expansion of macro 'DO_PRAGMA'
 1047 |     DO_PRAGMA(message(PROFILER_MSG_NAME(name)));                               \
      |     ^~~~~~~~~
/opt/tt-metal/tt_metal/hw/firmware/src/tt-1xx/ncrisck.cc:70:5: note: in expansion of macro 'DeviceZoneScopedMainChildN'
   70 |     DeviceZoneScopedMainChildN("NCRISC-KERNEL");
      |     ^~~~~~~~~~~~~~~~~~~~~~~~~~
Building brisc, compile step:
/opt/tt-metal/runtime/sfpi/compiler/bin/riscv-tt-elf-g++ -O2 -std=c++17 -ftt-nttp -ftt-constinit -ftt-consteval -ftt-no-dyninit -flto=1 -flto-partition=one -ffast-math -fno-finite-math-only -fsigned-zeros -fno-associative-math -fno-exceptions -fno-rtti -fno-use-cxa-atexit -g -MMD -Wall -Werror -Wno-error=deprecated-declarations -Wno-error=multistatement-macros -Wno-error=parentheses -Wno-error=unused-but-set-variable -Wno-unused-variable -Wno-unused-function --param=min-pagesize=0 -mcpu=tt-bh -fno-tree-loop-distribute-patterns -Winvalid-pch -Wno-error=invalid-pch -I. -I.. -I/opt/tt-metal/ -I/opt/tt-metal/ttnn -I/opt/tt-metal/ttnn/cpp -I/opt/tt-metal/tt_metal -I/opt/tt-metal/tt_metal/hw/inc -I/opt/tt-metal/tt_metal/tt-llk/common -I/opt/tt-metal/tt_metal/tt-llk/tools/include -I/opt/tt-metal/tt_metal/hostdevcommon/api -I/opt/tt-metal/tt_metal/api/ -I/opt/tt-metal/tt_metal/hw/ckernels/blackhole/metal/common -I/opt/tt-metal/tt_metal/hw/ckernels/blackhole/metal/llk_io -I/opt/tt-metal/tt_metal/hw/inc/internal/tt-1xx -I/opt/tt-metal/tt_metal/hw/inc/internal/tt-1xx/blackhole -I/opt/tt-metal/tt_metal/hw/inc/internal/tt-1xx/blackhole/blackhole_defines -I/opt/tt-metal/tt_metal/hw/inc/internal/tt-1xx/blackhole/noc -I/opt/tt-metal/tt_metal/tt-llk/tt_llk_blackhole/common/inc -I/opt/tt-metal/tt_metal/tt-llk/tt_llk_blackhole/llk_lib -I/opt/tt-metal/tt_metal/tt-llk/tt_llk_blackhole/llk_lib/hal -I/opt/tt-metal/tt_metal/hw/firmware/src/tt-1xx -I/opt/tt-metal/models/experimental/pi0/tt/megakernel/kernels -include /sp/ttcache_prof/tt-metal-cache/pch/1b9e28ac75b7aabf/pch.h -DIS_NOT_POW2_NUM_L1_BANKS=1 -DLOG_BASE_2_OF_NUM_DRAM_BANKS=3 -DNUM_DRAM_BANKS=8 -DNUM_L1_BANKS=110 -DPCIE_NOC_X=19 -DPCIE_NOC_Y=24 -DTENSIX_FIRMWARE -DLOCAL_MEM_EN=0 -DPROFILE_KERNEL=1 -DPROFILER_FULL_HOST_BUFFER_SIZE_PER_RISC=768000 -DPROCESSOR_INDEX=0 -DCOMPILE_FOR_BRISC -DPROGRAMMABLE_CORE_TYPE=0 -DARCH_BLACKHOLE -DDISPATCH_MESSAGE_ADDR=4290184248 -DKERNEL_BUILD -DMK_FID=3 -DMK_FID8_HIFI2=1 -DMK_KV_MCAST=1 -DNOC_INDEX=1 -DNOC_MODE=0 -DFULL_KERNEL_NAME="mk_brisc/7225099672551129820/" -DKERNEL_COMPILE_TIME_ARGS=2,23,5,5,897988541,0,1088,2,2048,0,2048,0,2048,0,2048,2,2048,2,2048 -c -o /sp/ttcache_prof/tt-metal-cache8908659371042919221/kernels/mk_brisc/7225099672551129820/brisc/brisck.2475656884148353978_1.o /opt/tt-metal/tt_metal/hw/firmware/src/tt-1xx/brisck.cc -MF /sp/ttcache_prof/tt-metal-cache8908659371042919221/kernels/mk_brisc/7225099672551129820/brisc/brisck.2475656884148353978_1.d
In file included from /opt/tt-metal/tt_metal/hw/inc/api/dataflow/dataflow_api.h:24,
                 from /opt/tt-metal/tt_metal/hw/inc/internal/firmware_common.h:23,
                 from /opt/tt-metal/tt_metal/hw/firmware/src/tt-1xx/brisck.cc:16:
/opt/tt-metal/tt_metal/tools/profiler/kernel_profiler.hpp: In function 'void kernel_profiler::finish_profiler(bool)':
/opt/tt-metal/tt_metal/tools/profiler/kernel_profiler.hpp:32:22: note: '#pragma message: PROFILER-NOC-FLUSH,/opt/tt-metal/tt_metal/tools/profiler/kernel_profiler.hpp,481,KERNEL_PROFILER'
   32 | #define DO_PRAGMA(x) _Pragma(#x)
      |                      ^~~~~~~
/opt/tt-metal/tt_metal/tools/profiler/kernel_profiler.hpp:42:5: note: in expansion of macro 'DO_PRAGMA'
   42 |     DO_PRAGMA(message(PROFILER_MSG_NAME(name))); \
      |     ^~~~~~~~~
/opt/tt-metal/tt_metal/tools/profiler/kernel_profiler.hpp:481:17: note: in expansion of macro 'SrcLocNameToHash'
  481 |                 SrcLocNameToHash("PROFILER-NOC-FLUSH");
      |                 ^~~~~~~~~~~~~~~~
/opt/tt-metal/tt_metal/tools/profiler/kernel_profiler.hpp:32:22: note: '#pragma message: PROFILER-DRAM-PUSH,/opt/tt-metal/tt_metal/tools/profiler/kernel_profiler.hpp,490,KERNEL_PROFILER'
   32 | #define DO_PRAGMA(x) _Pragma(#x)
      |                      ^~~~~~~
/opt/tt-metal/tt_metal/tools/profiler/kernel_profiler.hpp:42:5: note: in expansion of macro 'DO_PRAGMA'
   42 |     DO_PRAGMA(message(PROFILER_MSG_NAME(name))); \
      |     ^~~~~~~~~
/opt/tt-metal/tt_metal/tools/profiler/kernel_profiler.hpp:490:17: note: in expansion of macro 'SrcLocNameToHash'
  490 |                 SrcLocNameToHash("PROFILER-DRAM-PUSH");
      |                 ^~~~~~~~~~~~~~~~
/opt/tt-metal/tt_metal/tools/profiler/kernel_profiler.hpp: In function 'void kernel_profiler::quick_push()':
/opt/tt-metal/tt_metal/tools/profiler/kernel_profiler.hpp:32:22: note: '#pragma message: PROFILER-NOC-QUICK-PUSH,/opt/tt-metal/tt_metal/tools/profiler/kernel_profiler.hpp,633,KERNEL_PROFILER'
   32 | #define DO_PRAGMA(x) _Pragma(#x)
      |                      ^~~~~~~
/opt/tt-metal/tt_metal/tools/profiler/kernel_profiler.hpp:42:5: note: in expansion of macro 'DO_PRAGMA'
   42 |     DO_PRAGMA(message(PROFILER_MSG_NAME(name))); \
      |     ^~~~~~~~~
/opt/tt-metal/tt_metal/tools/profiler/kernel_profiler.hpp:633:5: note: in expansion of macro 'SrcLocNameToHash'
  633 |     SrcLocNameToHash("PROFILER-NOC-QUICK-PUSH");
      |     ^~~~~~~~~~~~~~~~
/opt/tt-metal/tt_metal/hw/firmware/src/tt-1xx/brisck.cc: In function 'uint32_t _start()':
/opt/tt-metal/tt_metal/tools/profiler/kernel_profiler.hpp:32:22: note: '#pragma message: BRISC-KERNEL,/opt/tt-metal/tt_metal/hw/firmware/src/tt-1xx/brisck.cc,77,KERNEL_PROFILER'
   32 | #define DO_PRAGMA(x) _Pragma(#x)
      |                      ^~~~~~~
/opt/tt-metal/tt_metal/tools/profiler/kernel_profiler.hpp:1047:5: note: in expansion of macro 'DO_PRAGMA'
 1047 |     DO_PRAGMA(message(PROFILER_MSG_NAME(name)));                               \
      |     ^~~~~~~~~
/opt/tt-metal/tt_metal/hw/firmware/src/tt-1xx/brisck.cc:77:9: note: in expansion of macro 'DeviceZoneScopedMainChildN'
   77 |         DeviceZoneScopedMainChildN("BRISC-KERNEL");
      |         ^~~~~~~~~~~~~~~~~~~~~~~~~~
Building trisc0, compile step:
/opt/tt-metal/runtime/sfpi/compiler/bin/riscv-tt-elf-g++ -O3 -std=c++17 -ftt-nttp -ftt-constinit -ftt-consteval -ftt-no-dyninit -flto=1 -flto-partition=one -ffast-math -fno-finite-math-only -fsigned-zeros -fno-associative-math -fno-exceptions -fno-rtti -fno-use-cxa-atexit -g -MMD -Wall -Werror -Wno-error=deprecated-declarations -Wno-error=multistatement-macros -Wno-error=parentheses -Wno-error=unused-but-set-variable -Wno-unused-variable -Wno-unused-function --param=min-pagesize=0 -mcpu=tt-bh-tensix -Winvalid-pch -Wno-error=invalid-pch -I. -I.. -I/opt/tt-metal/ -I/opt/tt-metal/ttnn -I/opt/tt-metal/ttnn/cpp -I/opt/tt-metal/tt_metal -I/opt/tt-metal/tt_metal/hw/inc -I/opt/tt-metal/tt_metal/tt-llk/common -I/opt/tt-metal/tt_metal/tt-llk/tools/include -I/opt/tt-metal/tt_metal/hostdevcommon/api -I/opt/tt-metal/tt_metal/api/ -I/opt/tt-metal/runtime/sfpi/include -I/opt/tt-metal/tt_metal/hw/ckernels/blackhole/metal/common -I/opt/tt-metal/tt_metal/hw/ckernels/blackhole/metal/llk_io -I/opt/tt-metal/tt_metal/hw/inc/internal/tt-1xx -I/opt/tt-metal/tt_metal/hw/inc/internal/tt-1xx/blackhole -I/opt/tt-metal/tt_metal/hw/inc/internal/tt-1xx/blackhole/blackhole_defines -I/opt/tt-metal/tt_metal/hw/inc/internal/tt-1xx/blackhole/noc -I/opt/tt-metal/tt_metal/tt-llk/tt_llk_blackhole/common/inc -I/opt/tt-metal/tt_metal/tt-llk/tt_llk_blackhole/llk_lib -I/opt/tt-metal/tt_metal/tt-llk/tt_llk_blackhole/llk_lib/hal -I/opt/tt-metal/tt_metal/hw/ckernels/blackhole/metal/llk_api -I/opt/tt-metal/tt_metal/hw/ckernels/blackhole/metal/llk_api/llk_sfpu -I/opt/tt-metal/tt_metal/hw/firmware/src/tt-1xx -I/opt/tt-metal/models/experimental/pi0/tt/megakernel/kernels -include /sp/ttcache_prof/tt-metal-cache/pch/e13a6eedc934b130/pch.h -DIS_NOT_POW2_NUM_L1_BANKS=1 -DLOG_BASE_2_OF_NUM_DRAM_BANKS=3 -DNUM_DRAM_BANKS=8 -DNUM_L1_BANKS=110 -DPCIE_NOC_X=19 -DPCIE_NOC_Y=24 -DTENSIX_FIRMWARE -DLOCAL_MEM_EN=0 -DPROFILE_KERNEL=1 -DPROFILER_FULL_HOST_BUFFER_SIZE_PER_RISC=768000 -DPROCESSOR_INDEX=2 -DUCK_CHLKC_UNPACK -DCOMPILE_FOR_TRISC=0 -DPROGRAMMABLE_CORE_TYPE=0 -DARCH_BLACKHOLE -DDISPATCH_MESSAGE_ADDR=4290184248 -DKERNEL_BUILD -DFULL_KERNEL_NAME="mk_trisc/3061344681756468337/" -DKERNEL_COMPILE_TIME_ARGS=2,23,5,5,897988541,0,1088,2,2048,0,2048,0,2048,0,2048,2,2048,2,2048 -c -o /sp/ttcache_prof/tt-metal-cache8908659371042919221/kernels/mk_trisc/3061344681756468337/trisc0/trisck.2475656884148353978_1.o /opt/tt-metal/tt_metal/hw/firmware/src/tt-1xx/trisck.cc -MF /sp/ttcache_prof/tt-metal-cache8908659371042919221/kernels/mk_trisc/3061344681756468337/trisc0/trisck.2475656884148353978_1.d
In file included from /opt/tt-metal/tt_metal/hw/ckernels/blackhole/metal/llk_io/llk_io_unpack.h:13,
                 from /opt/tt-metal/tt_metal/hw/inc/api/compute/compute_kernel_api.h:98,
                 from /opt/tt-metal/models/experimental/pi0/tt/megakernel/kernels/mk_trisc.cpp:22,
                 from ../chlkc_unpack.cpp:4,
                 from /opt/tt-metal/tt_metal/hw/ckernels/blackhole/metal/common/chlkc_list.h:26,
                 from /opt/tt-metal/tt_metal/hw/firmware/src/tt-1xx/trisck.cc:14:
/opt/tt-metal/tt_metal/hw/ckernels/blackhole/metal/llk_io/llk_io_unpack.h: In function 'void llk_wait_tiles(int, int32_t)':
/opt/tt-metal/tt_metal/tools/profiler/kernel_profiler.hpp:32:22: note: '#pragma message: CB-COMPUTE-WAIT-FRONT,/opt/tt-metal/tt_metal/hw/ckernels/blackhole/metal/llk_io/llk_io_unpack.h,19,KERNEL_PROFILER'
   32 | #define DO_PRAGMA(x) _Pragma(#x)
      |                      ^~~~~~~
/opt/tt-metal/tt_metal/tools/profiler/kernel_profiler.hpp:1052:5: note: in expansion of macro 'DO_PRAGMA'
 1052 |     DO_PRAGMA(message(PROFILER_MSG_NAME(name)));                               \
      |     ^~~~~~~~~
/opt/tt-metal/tt_metal/hw/ckernels/blackhole/metal/llk_io/llk_io_unpack.h:19:5: note: in expansion of macro 'DeviceZoneScopedSumN1'
   19 |     DeviceZoneScopedSumN1("CB-COMPUTE-WAIT-FRONT");
      |     ^~~~~~~~~~~~~~~~~~~~~
/opt/tt-metal/tt_metal/hw/firmware/src/tt-1xx/trisck.cc: In function 'uint32_t _start()':
/opt/tt-metal/tt_metal/tools/profiler/kernel_profiler.hpp:32:22: note: '#pragma message: TRISC-KERNEL,/opt/tt-metal/tt_metal/hw/firmware/src/tt-1xx/trisck.cc,89,KERNEL_PROFILER'
   32 | #define DO_PRAGMA(x) _Pragma(#x)
      |                      ^~~~~~~
/opt/tt-metal/tt_metal/tools/profiler/kernel_profiler.hpp:1047:5: note: in expansion of macro 'DO_PRAGMA'
 1047 |     DO_PRAGMA(message(PROFILER_MSG_NAME(name)));                               \
      |     ^~~~~~~~~
/opt/tt-metal/tt_metal/hw/firmware/src/tt-1xx/trisck.cc:89:5: note: in expansion of macro 'DeviceZoneScopedMainChildN'
   89 |     DeviceZoneScopedMainChildN("TRISC-KERNEL");
      |     ^~~~~~~~~~~~~~~~~~~~~~~~~~
Building trisc2, compile step:
/opt/tt-metal/runtime/sfpi/compiler/bin/riscv-tt-elf-g++ -O3 -std=c++17 -ftt-nttp -ftt-constinit -ftt-consteval -ftt-no-dyninit -flto=1 -flto-partition=one -ffast-math -fno-finite-math-only -fsigned-zeros -fno-associative-math -fno-exceptions -fno-rtti -fno-use-cxa-atexit -g -MMD -Wall -Werror -Wno-error=deprecated-declarations -Wno-error=multistatement-macros -Wno-error=parentheses -Wno-error=unused-but-set-variable -Wno-unused-variable -Wno-unused-function --param=min-pagesize=0 -mcpu=tt-bh-tensix -Winvalid-pch -Wno-error=invalid-pch -I. -I.. -I/opt/tt-metal/ -I/opt/tt-metal/ttnn -I/opt/tt-metal/ttnn/cpp -I/opt/tt-metal/tt_metal -I/opt/tt-metal/tt_metal/hw/inc -I/opt/tt-metal/tt_metal/tt-llk/common -I/opt/tt-metal/tt_metal/tt-llk/tools/include -I/opt/tt-metal/tt_metal/hostdevcommon/api -I/opt/tt-metal/tt_metal/api/ -I/opt/tt-metal/runtime/sfpi/include -I/opt/tt-metal/tt_metal/hw/ckernels/blackhole/metal/common -I/opt/tt-metal/tt_metal/hw/ckernels/blackhole/metal/llk_io -I/opt/tt-metal/tt_metal/hw/inc/internal/tt-1xx -I/opt/tt-metal/tt_metal/hw/inc/internal/tt-1xx/blackhole -I/opt/tt-metal/tt_metal/hw/inc/internal/tt-1xx/blackhole/blackhole_defines -I/opt/tt-metal/tt_metal/hw/inc/internal/tt-1xx/blackhole/noc -I/opt/tt-metal/tt_metal/tt-llk/tt_llk_blackhole/common/inc -I/opt/tt-metal/tt_metal/tt-llk/tt_llk_blackhole/llk_lib -I/opt/tt-metal/tt_metal/tt-llk/tt_llk_blackhole/llk_lib/hal -I/opt/tt-metal/tt_metal/hw/ckernels/blackhole/metal/llk_api -I/opt/tt-metal/tt_metal/hw/ckernels/blackhole/metal/llk_api/llk_sfpu -I/opt/tt-metal/tt_metal/hw/firmware/src/tt-1xx -I/opt/tt-metal/models/experimental/pi0/tt/megakernel/kernels -include /sp/ttcache_prof/tt-metal-cache/pch/e13a6eedc934b130/pch.h -DIS_NOT_POW2_NUM_L1_BANKS=1 -DLOG_BASE_2_OF_NUM_DRAM_BANKS=3 -DNUM_DRAM_BANKS=8 -DNUM_L1_BANKS=110 -DPCIE_NOC_X=19 -DPCIE_NOC_Y=24 -DTENSIX_FIRMWARE -DLOCAL_MEM_EN=0 -DPROFILE_KERNEL=1 -DPROFILER_FULL_HOST_BUFFER_SIZE_PER_RISC=768000 -DPROCESSOR_INDEX=4 -DUCK_CHLKC_PACK -DCOMPILE_FOR_TRISC=2 -DPROGRAMMABLE_CORE_TYPE=0 -DARCH_BLACKHOLE -DDISPATCH_MESSAGE_ADDR=4290184248 -DKERNEL_BUILD -DFULL_KERNEL_NAME="mk_trisc/3061344681756468337/" -DKERNEL_COMPILE_TIME_ARGS=2,23,5,5,897988541,0,1088,2,2048,0,2048,0,2048,0,2048,2,2048,2,2048 -c -o /sp/ttcache_prof/tt-metal-cache8908659371042919221/kernels/mk_trisc/3061344681756468337/trisc2/trisck.2475656884148353978_1.o /opt/tt-metal/tt_metal/hw/firmware/src/tt-1xx/trisck.cc -MF /sp/ttcache_prof/tt-metal-cache8908659371042919221/kernels/mk_trisc/3061344681756468337/trisc2/trisck.2475656884148353978_1.d
In file included from /opt/tt-metal/tt_metal/hw/ckernels/blackhole/metal/llk_io/llk_io_pack.h:14,
                 from /opt/tt-metal/tt_metal/hw/inc/api/compute/compute_kernel_api.h:73,
                 from /opt/tt-metal/models/experimental/pi0/tt/megakernel/kernels/mk_trisc.cpp:22,
                 from ../chlkc_pack.cpp:4,
                 from /opt/tt-metal/tt_metal/hw/ckernels/blackhole/metal/common/chlkc_list.h:21,
                 from /opt/tt-metal/tt_metal/hw/firmware/src/tt-1xx/trisck.cc:14:
/opt/tt-metal/tt_metal/hw/ckernels/blackhole/metal/llk_io/llk_io_pack.h: In function 'void llk_wait_for_free_tiles(int32_t, int32_t)':
/opt/tt-metal/tt_metal/tools/profiler/kernel_profiler.hpp:32:22: note: '#pragma message: CB-COMPUTE-RESERVE-BACK,/opt/tt-metal/tt_metal/hw/ckernels/blackhole/metal/llk_io/llk_io_pack.h,21,KERNEL_PROFILER'
   32 | #define DO_PRAGMA(x) _Pragma(#x)
      |                      ^~~~~~~
/opt/tt-metal/tt_metal/tools/profiler/kernel_profiler.hpp:1057:5: note: in expansion of macro 'DO_PRAGMA'
 1057 |     DO_PRAGMA(message(PROFILER_MSG_NAME(name)));                               \
      |     ^~~~~~~~~
/opt/tt-metal/tt_metal/hw/ckernels/blackhole/metal/llk_io/llk_io_pack.h:21:5: note: in expansion of macro 'DeviceZoneScopedSumN2'
   21 |     DeviceZoneScopedSumN2("CB-COMPUTE-RESERVE-BACK");
      |     ^~~~~~~~~~~~~~~~~~~~~
/opt/tt-metal/tt_metal/hw/firmware/src/tt-1xx/trisck.cc: In function 'uint32_t _start()':
/opt/tt-metal/tt_metal/tools/profiler/kernel_profiler.hpp:32:22: note: '#pragma message: TRISC-KERNEL,/opt/tt-metal/tt_metal/hw/firmware/src/tt-1xx/trisck.cc,89,KERNEL_PROFILER'
   32 | #define DO_PRAGMA(x) _Pragma(#x)
      |                      ^~~~~~~
/opt/tt-metal/tt_metal/tools/profiler/kernel_profiler.hpp:1047:5: note: in expansion of macro 'DO_PRAGMA'
 1047 |     DO_PRAGMA(message(PROFILER_MSG_NAME(name)));                               \
      |     ^~~~~~~~~
/opt/tt-metal/tt_metal/hw/firmware/src/tt-1xx/trisck.cc:89:5: note: in expansion of macro 'DeviceZoneScopedMainChildN'
   89 |     DeviceZoneScopedMainChildN("TRISC-KERNEL");
      |     ^~~~~~~~~~~~~~~~~~~~~~~~~~
Building trisc1, compile step:
/opt/tt-metal/runtime/sfpi/compiler/bin/riscv-tt-elf-g++ -O3 -std=c++17 -ftt-nttp -ftt-constinit -ftt-consteval -ftt-no-dyninit -flto=1 -flto-partition=one -ffast-math -fno-finite-math-only -fsigned-zeros -fno-associative-math -fno-exceptions -fno-rtti -fno-use-cxa-atexit -g -MMD -Wall -Werror -Wno-error=deprecated-declarations -Wno-error=multistatement-macros -Wno-error=parentheses -Wno-error=unused-but-set-variable -Wno-unused-variable -Wno-unused-function --param=min-pagesize=0 -mcpu=tt-bh-tensix -Winvalid-pch -Wno-error=invalid-pch -I. -I.. -I/opt/tt-metal/ -I/opt/tt-metal/ttnn -I/opt/tt-metal/ttnn/cpp -I/opt/tt-metal/tt_metal -I/opt/tt-metal/tt_metal/hw/inc -I/opt/tt-metal/tt_metal/tt-llk/common -I/opt/tt-metal/tt_metal/tt-llk/tools/include -I/opt/tt-metal/tt_metal/hostdevcommon/api -I/opt/tt-metal/tt_metal/api/ -I/opt/tt-metal/runtime/sfpi/include -I/opt/tt-metal/tt_metal/hw/ckernels/blackhole/metal/common -I/opt/tt-metal/tt_metal/hw/ckernels/blackhole/metal/llk_io -I/opt/tt-metal/tt_metal/hw/inc/internal/tt-1xx -I/opt/tt-metal/tt_metal/hw/inc/internal/tt-1xx/blackhole -I/opt/tt-metal/tt_metal/hw/inc/internal/tt-1xx/blackhole/blackhole_defines -I/opt/tt-metal/tt_metal/hw/inc/internal/tt-1xx/blackhole/noc -I/opt/tt-metal/tt_metal/tt-llk/tt_llk_blackhole/common/inc -I/opt/tt-metal/tt_metal/tt-llk/tt_llk_blackhole/llk_lib -I/opt/tt-metal/tt_metal/tt-llk/tt_llk_blackhole/llk_lib/hal -I/opt/tt-metal/tt_metal/hw/ckernels/blackhole/metal/llk_api -I/opt/tt-metal/tt_metal/hw/ckernels/blackhole/metal/llk_api/llk_sfpu -I/opt/tt-metal/tt_metal/hw/firmware/src/tt-1xx -I/opt/tt-metal/models/experimental/pi0/tt/megakernel/kernels -include /sp/ttcache_prof/tt-metal-cache/pch/e13a6eedc934b130/pch.h -DIS_NOT_POW2_NUM_L1_BANKS=1 -DLOG_BASE_2_OF_NUM_DRAM_BANKS=3 -DNUM_DRAM_BANKS=8 -DNUM_L1_BANKS=110 -DPCIE_NOC_X=19 -DPCIE_NOC_Y=24 -DTENSIX_FIRMWARE -DLOCAL_MEM_EN=0 -DPROFILE_KERNEL=1 -DPROFILER_FULL_HOST_BUFFER_SIZE_PER_RISC=768000 -DPROCESSOR_INDEX=3 -DUCK_CHLKC_MATH -DCOMPILE_FOR_TRISC=1 -DPROGRAMMABLE_CORE_TYPE=0 -DARCH_BLACKHOLE -DDISPATCH_MESSAGE_ADDR=4290184248 -DKERNEL_BUILD -DFULL_KERNEL_NAME="mk_trisc/3061344681756468337/" -DKERNEL_COMPILE_TIME_ARGS=2,23,5,5,897988541,0,1088,2,2048,0,2048,0,2048,0,2048,2,2048,2,2048 -c -o /sp/ttcache_prof/tt-metal-cache8908659371042919221/kernels/mk_trisc/3061344681756468337/trisc1/trisck.2475656884148353978_1.o /opt/tt-metal/tt_metal/hw/firmware/src/tt-1xx/trisck.cc -MF /sp/ttcache_prof/tt-metal-cache8908659371042919221/kernels/mk_trisc/3061344681756468337/trisc1/trisck.2475656884148353978_1.d
In file included from /opt/tt-metal/tt_metal/hw/firmware/src/tt-1xx/trisck.cc:16:
/opt/tt-metal/tt_metal/hw/firmware/src/tt-1xx/trisck.cc: In function 'uint32_t _start()':
/opt/tt-metal/tt_metal/tools/profiler/kernel_profiler.hpp:32:22: note: '#pragma message: TRISC-KERNEL,/opt/tt-metal/tt_metal/hw/firmware/src/tt-1xx/trisck.cc,89,KERNEL_PROFILER'
   32 | #define DO_PRAGMA(x) _Pragma(#x)
      |                      ^~~~~~~
/opt/tt-metal/tt_metal/tools/profiler/kernel_profiler.hpp:1047:5: note: in expansion of macro 'DO_PRAGMA'
 1047 |     DO_PRAGMA(message(PROFILER_MSG_NAME(name)));                               \
      |     ^~~~~~~~~
/opt/tt-metal/tt_metal/hw/firmware/src/tt-1xx/trisck.cc:89:5: note: in expansion of macro 'DeviceZoneScopedMainChildN'
   89 |     DeviceZoneScopedMainChildN("TRISC-KERNEL");
      |     ^~~~~~~~~~~~~~~~~~~~~~~~~~
Building ncrisc, compile step:
/opt/tt-metal/runtime/sfpi/compiler/bin/riscv-tt-elf-g++ -O2 -std=c++17 -ftt-nttp -ftt-constinit -ftt-consteval -ftt-no-dyninit -flto=1 -flto-partition=one -ffast-math -fno-finite-math-only -fsigned-zeros -fno-associative-math -fno-exceptions -fno-rtti -fno-use-cxa-atexit -g -MMD -Wall -Werror -Wno-error=deprecated-declarations -Wno-error=multistatement-macros -Wno-error=parentheses -Wno-error=unused-but-set-variable -Wno-unused-variable -Wno-unused-function --param=min-pagesize=0 -mcpu=tt-bh -fno-tree-loop-distribute-patterns -Winvalid-pch -Wno-error=invalid-pch -I. -I.. -I/opt/tt-metal/ -I/opt/tt-metal/ttnn -I/opt/tt-metal/ttnn/cpp -I/opt/tt-metal/tt_metal -I/opt/tt-metal/tt_metal/hw/inc -I/opt/tt-metal/tt_metal/tt-llk/common -I/opt/tt-metal/tt_metal/tt-llk/tools/include -I/opt/tt-metal/tt_metal/hostdevcommon/api -I/opt/tt-metal/tt_metal/api/ -I/opt/tt-metal/tt_metal/hw/ckernels/blackhole/metal/common -I/opt/tt-metal/tt_metal/hw/ckernels/blackhole/metal/llk_io -I/opt/tt-metal/tt_metal/hw/inc/internal/tt-1xx -I/opt/tt-metal/tt_metal/hw/inc/internal/tt-1xx/blackhole -I/opt/tt-metal/tt_metal/hw/inc/internal/tt-1xx/blackhole/blackhole_defines -I/opt/tt-metal/tt_metal/hw/inc/internal/tt-1xx/blackhole/noc -I/opt/tt-metal/tt_metal/tt-llk/tt_llk_blackhole/common/inc -I/opt/tt-metal/tt_metal/tt-llk/tt_llk_blackhole/llk_lib -I/opt/tt-metal/tt_metal/tt-llk/tt_llk_blackhole/llk_lib/hal -I/opt/tt-metal/tt_metal/hw/firmware/src/tt-1xx -I/opt/tt-metal/models/experimental/pi0/tt/megakernel/kernels_p2 -include /sp/ttcache_prof/tt-metal-cache/pch/1b9e28ac75b7aabf/pch.h -DIS_NOT_POW2_NUM_L1_BANKS=1 -DLOG_BASE_2_OF_NUM_DRAM_BANKS=3 -DNUM_DRAM_BANKS=8 -DNUM_L1_BANKS=110 -DPCIE_NOC_X=19 -DPCIE_NOC_Y=24 -DTENSIX_FIRMWARE -DLOCAL_MEM_EN=0 -DPROFILE_KERNEL=1 -DPROFILER_FULL_HOST_BUFFER_SIZE_PER_RISC=768000 -DPROCESSOR_INDEX=1 -DCOMPILE_FOR_NCRISC -DPROGRAMMABLE_CORE_TYPE=0 -DARCH_BLACKHOLE -DDISPATCH_MESSAGE_ADDR=4290184248 -DKERNEL_BUILD -DMK_FID8_HIFI2=1 -DPE_ATT_FID=3 -DPE_ATT_FLAT=2 -DPE_CT0=19 -DPE_MM_FID=3 -DPE_NO_EXPERT=1 -DNOC_INDEX=0 -DNOC_MODE=0 -DFULL_KERNEL_NAME="whole_ncrisc/15210836311406735977/" -DKERNEL_COMPILE_TIME_ARGS=2,23,5,5,897988541,0,1088,2,2048,0,2048,0,2048,0,2048,2,2048,2,2048,24,23,8,7,224,897988541,897988541,1110770931,955776,2,4,110,2,4096,0,1088 -c -o /sp/ttcache_prof/tt-metal-cache8908659371042919221/kernels/whole_ncrisc/15210836311406735977/ncrisc/ncrisck.2475656884148353978_1.o /opt/tt-metal/tt_metal/hw/firmware/src/tt-1xx/ncrisck.cc -MF /sp/ttcache_prof/tt-metal-cache8908659371042919221/kernels/whole_ncrisc/15210836311406735977/ncrisc/ncrisck.2475656884148353978_1.d
In file included from /opt/tt-metal/tt_metal/hw/inc/api/dataflow/dataflow_api.h:24,
                 from /opt/tt-metal/tt_metal/hw/inc/internal/firmware_common.h:23,
                 from /opt/tt-metal/tt_metal/hw/firmware/src/tt-1xx/ncrisck.cc:17:
/opt/tt-metal/tt_metal/tools/profiler/kernel_profiler.hpp: In function 'void kernel_profiler::quick_push()':
/opt/tt-metal/tt_metal/tools/profiler/kernel_profiler.hpp:32:22: note: '#pragma message: PROFILER-NOC-QUICK-PUSH,/opt/tt-metal/tt_metal/tools/profiler/kernel_profiler.hpp,633,KERNEL_PROFILER'
   32 | #define DO_PRAGMA(x) _Pragma(#x)
      |                      ^~~~~~~
/opt/tt-metal/tt_metal/tools/profiler/kernel_profiler.hpp:42:5: note: in expansion of macro 'DO_PRAGMA'
   42 |     DO_PRAGMA(message(PROFILER_MSG_NAME(name))); \
      |     ^~~~~~~~~
/opt/tt-metal/tt_metal/tools/profiler/kernel_profiler.hpp:633:5: note: in expansion of macro 'SrcLocNameToHash'
  633 |     SrcLocNameToHash("PROFILER-NOC-QUICK-PUSH");
      |     ^~~~~~~~~~~~~~~~
/opt/tt-metal/tt_metal/hw/firmware/src/tt-1xx/ncrisck.cc: In function 'uint32_t _start()':
/opt/tt-metal/tt_metal/tools/profiler/kernel_profiler.hpp:32:22: note: '#pragma message: NCRISC-KERNEL,/opt/tt-metal/tt_metal/hw/firmware/src/tt-1xx/ncrisck.cc,70,KERNEL_PROFILER'
   32 | #define DO_PRAGMA(x) _Pragma(#x)
      |                      ^~~~~~~
/opt/tt-metal/tt_metal/tools/profiler/kernel_profiler.hpp:1047:5: note: in expansion of macro 'DO_PRAGMA'
 1047 |     DO_PRAGMA(message(PROFILER_MSG_NAME(name)));                               \
      |     ^~~~~~~~~
/opt/tt-metal/tt_metal/hw/firmware/src/tt-1xx/ncrisck.cc:70:5: note: in expansion of macro 'DeviceZoneScopedMainChildN'
   70 |     DeviceZoneScopedMainChildN("NCRISC-KERNEL");
      |     ^~~~~~~~~~~~~~~~~~~~~~~~~~
Building brisc, compile step:
/opt/tt-metal/runtime/sfpi/compiler/bin/riscv-tt-elf-g++ -O2 -std=c++17 -ftt-nttp -ftt-constinit -ftt-consteval -ftt-no-dyninit -flto=1 -flto-partition=one -ffast-math -fno-finite-math-only -fsigned-zeros -fno-associative-math -fno-exceptions -fno-rtti -fno-use-cxa-atexit -g -MMD -Wall -Werror -Wno-error=deprecated-declarations -Wno-error=multistatement-macros -Wno-error=parentheses -Wno-error=unused-but-set-variable -Wno-unused-variable -Wno-unused-function --param=min-pagesize=0 -mcpu=tt-bh -fno-tree-loop-distribute-patterns -Winvalid-pch -Wno-error=invalid-pch -I. -I.. -I/opt/tt-metal/ -I/opt/tt-metal/ttnn -I/opt/tt-metal/ttnn/cpp -I/opt/tt-metal/tt_metal -I/opt/tt-metal/tt_metal/hw/inc -I/opt/tt-metal/tt_metal/tt-llk/common -I/opt/tt-metal/tt_metal/tt-llk/tools/include -I/opt/tt-metal/tt_metal/hostdevcommon/api -I/opt/tt-metal/tt_metal/api/ -I/opt/tt-metal/tt_metal/hw/ckernels/blackhole/metal/common -I/opt/tt-metal/tt_metal/hw/ckernels/blackhole/metal/llk_io -I/opt/tt-metal/tt_metal/hw/inc/internal/tt-1xx -I/opt/tt-metal/tt_metal/hw/inc/internal/tt-1xx/blackhole -I/opt/tt-metal/tt_metal/hw/inc/internal/tt-1xx/blackhole/blackhole_defines -I/opt/tt-metal/tt_metal/hw/inc/internal/tt-1xx/blackhole/noc -I/opt/tt-metal/tt_metal/tt-llk/tt_llk_blackhole/common/inc -I/opt/tt-metal/tt_metal/tt-llk/tt_llk_blackhole/llk_lib -I/opt/tt-metal/tt_metal/tt-llk/tt_llk_blackhole/llk_lib/hal -I/opt/tt-metal/tt_metal/hw/firmware/src/tt-1xx -I/opt/tt-metal/models/experimental/pi0/tt/megakernel/kernels_p2 -include /sp/ttcache_prof/tt-metal-cache/pch/1b9e28ac75b7aabf/pch.h -DIS_NOT_POW2_NUM_L1_BANKS=1 -DLOG_BASE_2_OF_NUM_DRAM_BANKS=3 -DNUM_DRAM_BANKS=8 -DNUM_L1_BANKS=110 -DPCIE_NOC_X=19 -DPCIE_NOC_Y=24 -DTENSIX_FIRMWARE -DLOCAL_MEM_EN=0 -DPROFILE_KERNEL=1 -DPROFILER_FULL_HOST_BUFFER_SIZE_PER_RISC=768000 -DPROCESSOR_INDEX=0 -DCOMPILE_FOR_BRISC -DPROGRAMMABLE_CORE_TYPE=0 -DARCH_BLACKHOLE -DDISPATCH_MESSAGE_ADDR=4290184248 -DKERNEL_BUILD -DMK_FID8_HIFI2=1 -DPE_ATT_FID=3 -DPE_ATT_FLAT=2 -DPE_CT0=19 -DPE_MM_FID=3 -DPE_NO_EXPERT=1 -DNOC_INDEX=1 -DNOC_MODE=0 -DFULL_KERNEL_NAME="whole_brisc/13383793212441214458/" -DKERNEL_COMPILE_TIME_ARGS=2,23,5,5,897988541,0,1088,2,2048,0,2048,0,2048,0,2048,2,2048,2,2048,24,23,8,7,224,897988541,897988541,1110770931,955776,2,4,110,2,4096,0,1088 -c -o /sp/ttcache_prof/tt-metal-cache8908659371042919221/kernels/whole_brisc/13383793212441214458/brisc/brisck.2475656884148353978_1.o /opt/tt-metal/tt_metal/hw/firmware/src/tt-1xx/brisck.cc -MF /sp/ttcache_prof/tt-metal-cache8908659371042919221/kernels/whole_brisc/13383793212441214458/brisc/brisck.2475656884148353978_1.d
In file included from /opt/tt-metal/tt_metal/hw/inc/api/dataflow/dataflow_api.h:24,
                 from /opt/tt-metal/tt_metal/hw/inc/internal/firmware_common.h:23,
                 from /opt/tt-metal/tt_metal/hw/firmware/src/tt-1xx/brisck.cc:16:
/opt/tt-metal/tt_metal/tools/profiler/kernel_profiler.hpp: In function 'void kernel_profiler::finish_profiler(bool)':
/opt/tt-metal/tt_metal/tools/profiler/kernel_profiler.hpp:32:22: note: '#pragma message: PROFILER-NOC-FLUSH,/opt/tt-metal/tt_metal/tools/profiler/kernel_profiler.hpp,481,KERNEL_PROFILER'
   32 | #define DO_PRAGMA(x) _Pragma(#x)
      |                      ^~~~~~~
/opt/tt-metal/tt_metal/tools/profiler/kernel_profiler.hpp:42:5: note: in expansion of macro 'DO_PRAGMA'
   42 |     DO_PRAGMA(message(PROFILER_MSG_NAME(name))); \
      |     ^~~~~~~~~
/opt/tt-metal/tt_metal/tools/profiler/kernel_profiler.hpp:481:17: note: in expansion of macro 'SrcLocNameToHash'
  481 |                 SrcLocNameToHash("PROFILER-NOC-FLUSH");
      |                 ^~~~~~~~~~~~~~~~
/opt/tt-metal/tt_metal/tools/profiler/kernel_profiler.hpp:32:22: note: '#pragma message: PROFILER-DRAM-PUSH,/opt/tt-metal/tt_metal/tools/profiler/kernel_profiler.hpp,490,KERNEL_PROFILER'
   32 | #define DO_PRAGMA(x) _Pragma(#x)
      |                      ^~~~~~~
/opt/tt-metal/tt_metal/tools/profiler/kernel_profiler.hpp:42:5: note: in expansion of macro 'DO_PRAGMA'
   42 |     DO_PRAGMA(message(PROFILER_MSG_NAME(name))); \
      |     ^~~~~~~~~
/opt/tt-metal/tt_metal/tools/profiler/kernel_profiler.hpp:490:17: note: in expansion of macro 'SrcLocNameToHash'
  490 |                 SrcLocNameToHash("PROFILER-DRAM-PUSH");
      |                 ^~~~~~~~~~~~~~~~
/opt/tt-metal/tt_metal/tools/profiler/kernel_profiler.hpp: In function 'void kernel_profiler::quick_push()':
/opt/tt-metal/tt_metal/tools/profiler/kernel_profiler.hpp:32:22: note: '#pragma message: PROFILER-NOC-QUICK-PUSH,/opt/tt-metal/tt_metal/tools/profiler/kernel_profiler.hpp,633,KERNEL_PROFILER'
   32 | #define DO_PRAGMA(x) _Pragma(#x)
      |                      ^~~~~~~
/opt/tt-metal/tt_metal/tools/profiler/kernel_profiler.hpp:42:5: note: in expansion of macro 'DO_PRAGMA'
   42 |     DO_PRAGMA(message(PROFILER_MSG_NAME(name))); \
      |     ^~~~~~~~~
/opt/tt-metal/tt_metal/tools/profiler/kernel_profiler.hpp:633:5: note: in expansion of macro 'SrcLocNameToHash'
  633 |     SrcLocNameToHash("PROFILER-NOC-QUICK-PUSH");
      |     ^~~~~~~~~~~~~~~~
/opt/tt-metal/tt_metal/hw/firmware/src/tt-1xx/brisck.cc: In function 'uint32_t _start()':
/opt/tt-metal/tt_metal/tools/profiler/kernel_profiler.hpp:32:22: note: '#pragma message: BRISC-KERNEL,/opt/tt-metal/tt_metal/hw/firmware/src/tt-1xx/brisck.cc,77,KERNEL_PROFILER'
   32 | #define DO_PRAGMA(x) _Pragma(#x)
      |                      ^~~~~~~
/opt/tt-metal/tt_metal/tools/profiler/kernel_profiler.hpp:1047:5: note: in expansion of macro 'DO_PRAGMA'
 1047 |     DO_PRAGMA(message(PROFILER_MSG_NAME(name)));                               \
      |     ^~~~~~~~~
/opt/tt-metal/tt_metal/hw/firmware/src/tt-1xx/brisck.cc:77:9: note: in expansion of macro 'DeviceZoneScopedMainChildN'
   77 |         DeviceZoneScopedMainChildN("BRISC-KERNEL");
      |         ^~~~~~~~~~~~~~~~~~~~~~~~~~
Building trisc2, compile step:
/opt/tt-metal/runtime/sfpi/compiler/bin/riscv-tt-elf-g++ -O3 -std=c++17 -ftt-nttp -ftt-constinit -ftt-consteval -ftt-no-dyninit -flto=1 -flto-partition=one -ffast-math -fno-finite-math-only -fsigned-zeros -fno-associative-math -fno-exceptions -fno-rtti -fno-use-cxa-atexit -g -MMD -Wall -Werror -Wno-error=deprecated-declarations -Wno-error=multistatement-macros -Wno-error=parentheses -Wno-error=unused-but-set-variable -Wno-unused-variable -Wno-unused-function --param=min-pagesize=0 -mcpu=tt-bh-tensix -Winvalid-pch -Wno-error=invalid-pch -I. -I.. -I/opt/tt-metal/ -I/opt/tt-metal/ttnn -I/opt/tt-metal/ttnn/cpp -I/opt/tt-metal/tt_metal -I/opt/tt-metal/tt_metal/hw/inc -I/opt/tt-metal/tt_metal/tt-llk/common -I/opt/tt-metal/tt_metal/tt-llk/tools/include -I/opt/tt-metal/tt_metal/hostdevcommon/api -I/opt/tt-metal/tt_metal/api/ -I/opt/tt-metal/runtime/sfpi/include -I/opt/tt-metal/tt_metal/hw/ckernels/blackhole/metal/common -I/opt/tt-metal/tt_metal/hw/ckernels/blackhole/metal/llk_io -I/opt/tt-metal/tt_metal/hw/inc/internal/tt-1xx -I/opt/tt-metal/tt_metal/hw/inc/internal/tt-1xx/blackhole -I/opt/tt-metal/tt_metal/hw/inc/internal/tt-1xx/blackhole/blackhole_defines -I/opt/tt-metal/tt_metal/hw/inc/internal/tt-1xx/blackhole/noc -I/opt/tt-metal/tt_metal/tt-llk/tt_llk_blackhole/common/inc -I/opt/tt-metal/tt_metal/tt-llk/tt_llk_blackhole/llk_lib -I/opt/tt-metal/tt_metal/tt-llk/tt_llk_blackhole/llk_lib/hal -I/opt/tt-metal/tt_metal/hw/ckernels/blackhole/metal/llk_api -I/opt/tt-metal/tt_metal/hw/ckernels/blackhole/metal/llk_api/llk_sfpu -I/opt/tt-metal/tt_metal/hw/firmware/src/tt-1xx -I/opt/tt-metal/models/experimental/pi0/tt/megakernel/kernels_p2 -include /sp/ttcache_prof/tt-metal-cache/pch/e13a6eedc934b130/pch.h -DIS_NOT_POW2_NUM_L1_BANKS=1 -DLOG_BASE_2_OF_NUM_DRAM_BANKS=3 -DNUM_DRAM_BANKS=8 -DNUM_L1_BANKS=110 -DPCIE_NOC_X=19 -DPCIE_NOC_Y=24 -DTENSIX_FIRMWARE -DLOCAL_MEM_EN=0 -DPROFILE_KERNEL=1 -DPROFILER_FULL_HOST_BUFFER_SIZE_PER_RISC=768000 -DPROCESSOR_INDEX=4 -DUCK_CHLKC_PACK -DCOMPILE_FOR_TRISC=2 -DPROGRAMMABLE_CORE_TYPE=0 -DARCH_BLACKHOLE -DDISPATCH_MESSAGE_ADDR=4290184248 -DKERNEL_BUILD -DFULL_KERNEL_NAME="whole_trisc/13517604061961042969/" -DKERNEL_COMPILE_TIME_ARGS=2,23,5,5,897988541,0,1088,2,2048,0,2048,0,2048,0,2048,2,2048,2,2048,24,23,8,7,224,897988541,897988541,1110770931,955776,2,4,110,2,4096,0,1088 -c -o /sp/ttcache_prof/tt-metal-cache8908659371042919221/kernels/whole_trisc/13517604061961042969/trisc2/trisck.2475656884148353978_1.o /opt/tt-metal/tt_metal/hw/firmware/src/tt-1xx/trisck.cc -MF /sp/ttcache_prof/tt-metal-cache8908659371042919221/kernels/whole_trisc/13517604061961042969/trisc2/trisck.2475656884148353978_1.d
In file included from /opt/tt-metal/tt_metal/hw/ckernels/blackhole/metal/llk_io/llk_io_pack.h:14,
                 from /opt/tt-metal/tt_metal/hw/inc/api/compute/compute_kernel_api.h:73,
                 from /opt/tt-metal/models/experimental/pi0/tt/megakernel/kernels_p2/../kernels/mk_trisc.cpp:22,
                 from /opt/tt-metal/models/experimental/pi0/tt/megakernel/kernels_p2/whole_trisc.cpp:12,
                 from ../chlkc_pack.cpp:4,
                 from /opt/tt-metal/tt_metal/hw/ckernels/blackhole/metal/common/chlkc_list.h:21,
                 from /opt/tt-metal/tt_metal/hw/firmware/src/tt-1xx/trisck.cc:14:
/opt/tt-metal/tt_metal/hw/ckernels/blackhole/metal/llk_io/llk_io_pack.h: In function 'void llk_wait_for_free_tiles(int32_t, int32_t)':
/opt/tt-metal/tt_metal/tools/profiler/kernel_profiler.hpp:32:22: note: '#pragma message: CB-COMPUTE-RESERVE-BACK,/opt/tt-metal/tt_metal/hw/ckernels/blackhole/metal/llk_io/llk_io_pack.h,21,KERNEL_PROFILER'
   32 | #define DO_PRAGMA(x) _Pragma(#x)
      |                      ^~~~~~~
/opt/tt-metal/tt_metal/tools/profiler/kernel_profiler.hpp:1057:5: note: in expansion of macro 'DO_PRAGMA'
 1057 |     DO_PRAGMA(message(PROFILER_MSG_NAME(name)));                               \
      |     ^~~~~~~~~
/opt/tt-metal/tt_metal/hw/ckernels/blackhole/metal/llk_io/llk_io_pack.h:21:5: note: in expansion of macro 'DeviceZoneScopedSumN2'
   21 |     DeviceZoneScopedSumN2("CB-COMPUTE-RESERVE-BACK");
      |     ^~~~~~~~~~~~~~~~~~~~~
/opt/tt-metal/tt_metal/hw/firmware/src/tt-1xx/trisck.cc: In function 'uint32_t _start()':
/opt/tt-metal/tt_metal/tools/profiler/kernel_profiler.hpp:32:22: note: '#pragma message: TRISC-KERNEL,/opt/tt-metal/tt_metal/hw/firmware/src/tt-1xx/trisck.cc,89,KERNEL_PROFILER'
   32 | #define DO_PRAGMA(x) _Pragma(#x)
      |                      ^~~~~~~
/opt/tt-metal/tt_metal/tools/profiler/kernel_profiler.hpp:1047:5: note: in expansion of macro 'DO_PRAGMA'
 1047 |     DO_PRAGMA(message(PROFILER_MSG_NAME(name)));                               \
      |     ^~~~~~~~~
/opt/tt-metal/tt_metal/hw/firmware/src/tt-1xx/trisck.cc:89:5: note: in expansion of macro 'DeviceZoneScopedMainChildN'
   89 |     DeviceZoneScopedMainChildN("TRISC-KERNEL");
      |     ^~~~~~~~~~~~~~~~~~~~~~~~~~
Building trisc0, compile step:
/opt/tt-metal/runtime/sfpi/compiler/bin/riscv-tt-elf-g++ -O3 -std=c++17 -ftt-nttp -ftt-constinit -ftt-consteval -ftt-no-dyninit -flto=1 -flto-partition=one -ffast-math -fno-finite-math-only -fsigned-zeros -fno-associative-math -fno-exceptions -fno-rtti -fno-use-cxa-atexit -g -MMD -Wall -Werror -Wno-error=deprecated-declarations -Wno-error=multistatement-macros -Wno-error=parentheses -Wno-error=unused-but-set-variable -Wno-unused-variable -Wno-unused-function --param=min-pagesize=0 -mcpu=tt-bh-tensix -Winvalid-pch -Wno-error=invalid-pch -I. -I.. -I/opt/tt-metal/ -I/opt/tt-metal/ttnn -I/opt/tt-metal/ttnn/cpp -I/opt/tt-metal/tt_metal -I/opt/tt-metal/tt_metal/hw/inc -I/opt/tt-metal/tt_metal/tt-llk/common -I/opt/tt-metal/tt_metal/tt-llk/tools/include -I/opt/tt-metal/tt_metal/hostdevcommon/api -I/opt/tt-metal/tt_metal/api/ -I/opt/tt-metal/runtime/sfpi/include -I/opt/tt-metal/tt_metal/hw/ckernels/blackhole/metal/common -I/opt/tt-metal/tt_metal/hw/ckernels/blackhole/metal/llk_io -I/opt/tt-metal/tt_metal/hw/inc/internal/tt-1xx -I/opt/tt-metal/tt_metal/hw/inc/internal/tt-1xx/blackhole -I/opt/tt-metal/tt_metal/hw/inc/internal/tt-1xx/blackhole/blackhole_defines -I/opt/tt-metal/tt_metal/hw/inc/internal/tt-1xx/blackhole/noc -I/opt/tt-metal/tt_metal/tt-llk/tt_llk_blackhole/common/inc -I/opt/tt-metal/tt_metal/tt-llk/tt_llk_blackhole/llk_lib -I/opt/tt-metal/tt_metal/tt-llk/tt_llk_blackhole/llk_lib/hal -I/opt/tt-metal/tt_metal/hw/ckernels/blackhole/metal/llk_api -I/opt/tt-metal/tt_metal/hw/ckernels/blackhole/metal/llk_api/llk_sfpu -I/opt/tt-metal/tt_metal/hw/firmware/src/tt-1xx -I/opt/tt-metal/models/experimental/pi0/tt/megakernel/kernels_p2 -include /sp/ttcache_prof/tt-metal-cache/pch/e13a6eedc934b130/pch.h -DIS_NOT_POW2_NUM_L1_BANKS=1 -DLOG_BASE_2_OF_NUM_DRAM_BANKS=3 -DNUM_DRAM_BANKS=8 -DNUM_L1_BANKS=110 -DPCIE_NOC_X=19 -DPCIE_NOC_Y=24 -DTENSIX_FIRMWARE -DLOCAL_MEM_EN=0 -DPROFILE_KERNEL=1 -DPROFILER_FULL_HOST_BUFFER_SIZE_PER_RISC=768000 -DPROCESSOR_INDEX=2 -DUCK_CHLKC_UNPACK -DCOMPILE_FOR_TRISC=0 -DPROGRAMMABLE_CORE_TYPE=0 -DARCH_BLACKHOLE -DDISPATCH_MESSAGE_ADDR=4290184248 -DKERNEL_BUILD -DFULL_KERNEL_NAME="whole_trisc/13517604061961042969/" -DKERNEL_COMPILE_TIME_ARGS=2,23,5,5,897988541,0,1088,2,2048,0,2048,0,2048,0,2048,2,2048,2,2048,24,23,8,7,224,897988541,897988541,1110770931,955776,2,4,110,2,4096,0,1088 -c -o /sp/ttcache_prof/tt-metal-cache8908659371042919221/kernels/whole_trisc/13517604061961042969/trisc0/trisck.2475656884148353978_1.o /opt/tt-metal/tt_metal/hw/firmware/src/tt-1xx/trisck.cc -MF /sp/ttcache_prof/tt-metal-cache8908659371042919221/kernels/whole_trisc/13517604061961042969/trisc0/trisck.2475656884148353978_1.d
In file included from /opt/tt-metal/tt_metal/hw/ckernels/blackhole/metal/llk_io/llk_io_unpack.h:13,
                 from /opt/tt-metal/tt_metal/hw/inc/api/compute/compute_kernel_api.h:98,
                 from /opt/tt-metal/models/experimental/pi0/tt/megakernel/kernels_p2/../kernels/mk_trisc.cpp:22,
                 from /opt/tt-metal/models/experimental/pi0/tt/megakernel/kernels_p2/whole_trisc.cpp:12,
                 from ../chlkc_unpack.cpp:4,
                 from /opt/tt-metal/tt_metal/hw/ckernels/blackhole/metal/common/chlkc_list.h:26,
                 from /opt/tt-metal/tt_metal/hw/firmware/src/tt-1xx/trisck.cc:14:
/opt/tt-metal/tt_metal/hw/ckernels/blackhole/metal/llk_io/llk_io_unpack.h: In function 'void llk_wait_tiles(int, int32_t)':
/opt/tt-metal/tt_metal/tools/profiler/kernel_profiler.hpp:32:22: note: '#pragma message: CB-COMPUTE-WAIT-FRONT,/opt/tt-metal/tt_metal/hw/ckernels/blackhole/metal/llk_io/llk_io_unpack.h,19,KERNEL_PROFILER'
   32 | #define DO_PRAGMA(x) _Pragma(#x)
      |                      ^~~~~~~
/opt/tt-metal/tt_metal/tools/profiler/kernel_profiler.hpp:1052:5: note: in expansion of macro 'DO_PRAGMA'
 1052 |     DO_PRAGMA(message(PROFILER_MSG_NAME(name)));                               \
      |     ^~~~~~~~~
/opt/tt-metal/tt_metal/hw/ckernels/blackhole/metal/llk_io/llk_io_unpack.h:19:5: note: in expansion of macro 'DeviceZoneScopedSumN1'
   19 |     DeviceZoneScopedSumN1("CB-COMPUTE-WAIT-FRONT");
      |     ^~~~~~~~~~~~~~~~~~~~~
/opt/tt-metal/tt_metal/hw/firmware/src/tt-1xx/trisck.cc: In function 'uint32_t _start()':
/opt/tt-metal/tt_metal/tools/profiler/kernel_profiler.hpp:32:22: note: '#pragma message: TRISC-KERNEL,/opt/tt-metal/tt_metal/hw/firmware/src/tt-1xx/trisck.cc,89,KERNEL_PROFILER'
   32 | #define DO_PRAGMA(x) _Pragma(#x)
      |                      ^~~~~~~
/opt/tt-metal/tt_metal/tools/profiler/kernel_profiler.hpp:1047:5: note: in expansion of macro 'DO_PRAGMA'
 1047 |     DO_PRAGMA(message(PROFILER_MSG_NAME(name)));                               \
      |     ^~~~~~~~~
/opt/tt-metal/tt_metal/hw/firmware/src/tt-1xx/trisck.cc:89:5: note: in expansion of macro 'DeviceZoneScopedMainChildN'
   89 |     DeviceZoneScopedMainChildN("TRISC-KERNEL");
      |     ^~~~~~~~~~~~~~~~~~~~~~~~~~
Building trisc1, compile step:
/opt/tt-metal/runtime/sfpi/compiler/bin/riscv-tt-elf-g++ -O3 -std=c++17 -ftt-nttp -ftt-constinit -ftt-consteval -ftt-no-dyninit -flto=1 -flto-partition=one -ffast-math -fno-finite-math-only -fsigned-zeros -fno-associative-math -fno-exceptions -fno-rtti -fno-use-cxa-atexit -g -MMD -Wall -Werror -Wno-error=deprecated-declarations -Wno-error=multistatement-macros -Wno-error=parentheses -Wno-error=unused-but-set-variable -Wno-unused-variable -Wno-unused-function --param=min-pagesize=0 -mcpu=tt-bh-tensix -Winvalid-pch -Wno-error=invalid-pch -I. -I.. -I/opt/tt-metal/ -I/opt/tt-metal/ttnn -I/opt/tt-metal/ttnn/cpp -I/opt/tt-metal/tt_metal -I/opt/tt-metal/tt_metal/hw/inc -I/opt/tt-metal/tt_metal/tt-llk/common -I/opt/tt-metal/tt_metal/tt-llk/tools/include -I/opt/tt-metal/tt_metal/hostdevcommon/api -I/opt/tt-metal/tt_metal/api/ -I/opt/tt-metal/runtime/sfpi/include -I/opt/tt-metal/tt_metal/hw/ckernels/blackhole/metal/common -I/opt/tt-metal/tt_metal/hw/ckernels/blackhole/metal/llk_io -I/opt/tt-metal/tt_metal/hw/inc/internal/tt-1xx -I/opt/tt-metal/tt_metal/hw/inc/internal/tt-1xx/blackhole -I/opt/tt-metal/tt_metal/hw/inc/internal/tt-1xx/blackhole/blackhole_defines -I/opt/tt-metal/tt_metal/hw/inc/internal/tt-1xx/blackhole/noc -I/opt/tt-metal/tt_metal/tt-llk/tt_llk_blackhole/common/inc -I/opt/tt-metal/tt_metal/tt-llk/tt_llk_blackhole/llk_lib -I/opt/tt-metal/tt_metal/tt-llk/tt_llk_blackhole/llk_lib/hal -I/opt/tt-metal/tt_metal/hw/ckernels/blackhole/metal/llk_api -I/opt/tt-metal/tt_metal/hw/ckernels/blackhole/metal/llk_api/llk_sfpu -I/opt/tt-metal/tt_metal/hw/firmware/src/tt-1xx -I/opt/tt-metal/models/experimental/pi0/tt/megakernel/kernels_p2 -include /sp/ttcache_prof/tt-metal-cache/pch/e13a6eedc934b130/pch.h -DIS_NOT_POW2_NUM_L1_BANKS=1 -DLOG_BASE_2_OF_NUM_DRAM_BANKS=3 -DNUM_DRAM_BANKS=8 -DNUM_L1_BANKS=110 -DPCIE_NOC_X=19 -DPCIE_NOC_Y=24 -DTENSIX_FIRMWARE -DLOCAL_MEM_EN=0 -DPROFILE_KERNEL=1 -DPROFILER_FULL_HOST_BUFFER_SIZE_PER_RISC=768000 -DPROCESSOR_INDEX=3 -DUCK_CHLKC_MATH -DCOMPILE_FOR_TRISC=1 -DPROGRAMMABLE_CORE_TYPE=0 -DARCH_BLACKHOLE -DDISPATCH_MESSAGE_ADDR=4290184248 -DKERNEL_BUILD -DFULL_KERNEL_NAME="whole_trisc/13517604061961042969/" -DKERNEL_COMPILE_TIME_ARGS=2,23,5,5,897988541,0,1088,2,2048,0,2048,0,2048,0,2048,2,2048,2,2048,24,23,8,7,224,897988541,897988541,1110770931,955776,2,4,110,2,4096,0,1088 -c -o /sp/ttcache_prof/tt-metal-cache8908659371042919221/kernels/whole_trisc/13517604061961042969/trisc1/trisck.2475656884148353978_1.o /opt/tt-metal/tt_metal/hw/firmware/src/tt-1xx/trisck.cc -MF /sp/ttcache_prof/tt-metal-cache8908659371042919221/kernels/whole_trisc/13517604061961042969/trisc1/trisck.2475656884148353978_1.d
In file included from /opt/tt-metal/tt_metal/hw/firmware/src/tt-1xx/trisck.cc:16:
/opt/tt-metal/tt_metal/hw/firmware/src/tt-1xx/trisck.cc: In function 'uint32_t _start()':
/opt/tt-metal/tt_metal/tools/profiler/kernel_profiler.hpp:32:22: note: '#pragma message: TRISC-KERNEL,/opt/tt-metal/tt_metal/hw/firmware/src/tt-1xx/trisck.cc,89,KERNEL_PROFILER'
   32 | #define DO_PRAGMA(x) _Pragma(#x)
      |                      ^~~~~~~
/opt/tt-metal/tt_metal/tools/profiler/kernel_profiler.hpp:1047:5: note: in expansion of macro 'DO_PRAGMA'
 1047 |     DO_PRAGMA(message(PROFILER_MSG_NAME(name)));                               \
      |     ^~~~~~~~~
/opt/tt-metal/tt_metal/hw/firmware/src/tt-1xx/trisck.cc:89:5: note: in expansion of macro 'DeviceZoneScopedMainChildN'
   89 |     DeviceZoneScopedMainChildN("TRISC-KERNEL");
      |     ^~~~~~~~~~~~~~~~~~~~~~~~~~
Building ncrisc, compile step:
/opt/tt-metal/runtime/sfpi/compiler/bin/riscv-tt-elf-g++ -O2 -std=c++17 -ftt-nttp -ftt-constinit -ftt-consteval -ftt-no-dyninit -flto=1 -flto-partition=one -ffast-math -fno-finite-math-only -fsigned-zeros -fno-associative-math -fno-exceptions -fno-rtti -fno-use-cxa-atexit -g -MMD -Wall -Werror -Wno-error=deprecated-declarations -Wno-error=multistatement-macros -Wno-error=parentheses -Wno-error=unused-but-set-variable -Wno-unused-variable -Wno-unused-function --param=min-pagesize=0 -mcpu=tt-bh -fno-tree-loop-distribute-patterns -Winvalid-pch -Wno-error=invalid-pch -I. -I.. -I/opt/tt-metal/ -I/opt/tt-metal/ttnn -I/opt/tt-metal/ttnn/cpp -I/opt/tt-metal/tt_metal -I/opt/tt-metal/tt_metal/hw/inc -I/opt/tt-metal/tt_metal/tt-llk/common -I/opt/tt-metal/tt_metal/tt-llk/tools/include -I/opt/tt-metal/tt_metal/hostdevcommon/api -I/opt/tt-metal/tt_metal/api/ -I/opt/tt-metal/tt_metal/hw/ckernels/blackhole/metal/common -I/opt/tt-metal/tt_metal/hw/ckernels/blackhole/metal/llk_io -I/opt/tt-metal/tt_metal/hw/inc/internal/tt-1xx -I/opt/tt-metal/tt_metal/hw/inc/internal/tt-1xx/blackhole -I/opt/tt-metal/tt_metal/hw/inc/internal/tt-1xx/blackhole/blackhole_defines -I/opt/tt-metal/tt_metal/hw/inc/internal/tt-1xx/blackhole/noc -I/opt/tt-metal/tt_metal/tt-llk/tt_llk_blackhole/common/inc -I/opt/tt-metal/tt_metal/tt-llk/tt_llk_blackhole/llk_lib -I/opt/tt-metal/tt_metal/tt-llk/tt_llk_blackhole/llk_lib/hal -I/opt/tt-metal/tt_metal/hw/firmware/src/tt-1xx -I/opt/tt-metal/models/experimental/pi0/tt/megakernel/kernels_p2 -include /sp/ttcache_prof/tt-metal-cache/pch/1b9e28ac75b7aabf/pch.h -DIS_NOT_POW2_NUM_L1_BANKS=1 -DLOG_BASE_2_OF_NUM_DRAM_BANKS=3 -DNUM_DRAM_BANKS=8 -DNUM_L1_BANKS=110 -DPCIE_NOC_X=19 -DPCIE_NOC_Y=24 -DTENSIX_FIRMWARE -DLOCAL_MEM_EN=0 -DPROFILE_KERNEL=1 -DPROFILER_FULL_HOST_BUFFER_SIZE_PER_RISC=768000 -DPROCESSOR_INDEX=1 -DCOMPILE_FOR_NCRISC -DPROGRAMMABLE_CORE_TYPE=0 -DARCH_BLACKHOLE -DDISPATCH_MESSAGE_ADDR=4290184248 -DKERNEL_BUILD -DMK_FID8_HIFI2=1 -DPE_ATT_FID=3 -DPE_ATT_FLAT=2 -DPE_CT0=19 -DPE_NO_EXPERT=1 -DNOC_INDEX=0 -DNOC_MODE=0 -DFULL_KERNEL_NAME="whole_ncrisc/4440073360520788845/" -DKERNEL_COMPILE_TIME_ARGS=2,23,5,5,897988541,0,1088,2,2048,0,2048,0,2048,0,2048,2,2048,2,2048,24,23,8,7,224,897988541,897988541,1110770931,856832,2,4,110,2,4096,0,1088 -c -o /sp/ttcache_prof/tt-metal-cache8908659371042919221/kernels/whole_ncrisc/4440073360520788845/ncrisc/ncrisck.2475656884148353978_1.o /opt/tt-metal/tt_metal/hw/firmware/src/tt-1xx/ncrisck.cc -MF /sp/ttcache_prof/tt-metal-cache8908659371042919221/kernels/whole_ncrisc/4440073360520788845/ncrisc/ncrisck.2475656884148353978_1.d
In file included from /opt/tt-metal/tt_metal/hw/inc/api/dataflow/dataflow_api.h:24,
                 from /opt/tt-metal/tt_metal/hw/inc/internal/firmware_common.h:23,
                 from /opt/tt-metal/tt_metal/hw/firmware/src/tt-1xx/ncrisck.cc:17:
/opt/tt-metal/tt_metal/tools/profiler/kernel_profiler.hpp: In function 'void kernel_profiler::quick_push()':
/opt/tt-metal/tt_metal/tools/profiler/kernel_profiler.hpp:32:22: note: '#pragma message: PROFILER-NOC-QUICK-PUSH,/opt/tt-metal/tt_metal/tools/profiler/kernel_profiler.hpp,633,KERNEL_PROFILER'
   32 | #define DO_PRAGMA(x) _Pragma(#x)
      |                      ^~~~~~~
/opt/tt-metal/tt_metal/tools/profiler/kernel_profiler.hpp:42:5: note: in expansion of macro 'DO_PRAGMA'
   42 |     DO_PRAGMA(message(PROFILER_MSG_NAME(name))); \
      |     ^~~~~~~~~
/opt/tt-metal/tt_metal/tools/profiler/kernel_profiler.hpp:633:5: note: in expansion of macro 'SrcLocNameToHash'
  633 |     SrcLocNameToHash("PROFILER-NOC-QUICK-PUSH");
      |     ^~~~~~~~~~~~~~~~
/opt/tt-metal/tt_metal/hw/firmware/src/tt-1xx/ncrisck.cc: In function 'uint32_t _start()':
/opt/tt-metal/tt_metal/tools/profiler/kernel_profiler.hpp:32:22: note: '#pragma message: NCRISC-KERNEL,/opt/tt-metal/tt_metal/hw/firmware/src/tt-1xx/ncrisck.cc,70,KERNEL_PROFILER'
   32 | #define DO_PRAGMA(x) _Pragma(#x)
      |                      ^~~~~~~
/opt/tt-metal/tt_metal/tools/profiler/kernel_profiler.hpp:1047:5: note: in expansion of macro 'DO_PRAGMA'
 1047 |     DO_PRAGMA(message(PROFILER_MSG_NAME(name)));                               \
      |     ^~~~~~~~~
/opt/tt-metal/tt_metal/hw/firmware/src/tt-1xx/ncrisck.cc:70:5: note: in expansion of macro 'DeviceZoneScopedMainChildN'
   70 |     DeviceZoneScopedMainChildN("NCRISC-KERNEL");
      |     ^~~~~~~~~~~~~~~~~~~~~~~~~~
Building brisc, compile step:
/opt/tt-metal/runtime/sfpi/compiler/bin/riscv-tt-elf-g++ -O2 -std=c++17 -ftt-nttp -ftt-constinit -ftt-consteval -ftt-no-dyninit -flto=1 -flto-partition=one -ffast-math -fno-finite-math-only -fsigned-zeros -fno-associative-math -fno-exceptions -fno-rtti -fno-use-cxa-atexit -g -MMD -Wall -Werror -Wno-error=deprecated-declarations -Wno-error=multistatement-macros -Wno-error=parentheses -Wno-error=unused-but-set-variable -Wno-unused-variable -Wno-unused-function --param=min-pagesize=0 -mcpu=tt-bh -fno-tree-loop-distribute-patterns -Winvalid-pch -Wno-error=invalid-pch -I. -I.. -I/opt/tt-metal/ -I/opt/tt-metal/ttnn -I/opt/tt-metal/ttnn/cpp -I/opt/tt-metal/tt_metal -I/opt/tt-metal/tt_metal/hw/inc -I/opt/tt-metal/tt_metal/tt-llk/common -I/opt/tt-metal/tt_metal/tt-llk/tools/include -I/opt/tt-metal/tt_metal/hostdevcommon/api -I/opt/tt-metal/tt_metal/api/ -I/opt/tt-metal/tt_metal/hw/ckernels/blackhole/metal/common -I/opt/tt-metal/tt_metal/hw/ckernels/blackhole/metal/llk_io -I/opt/tt-metal/tt_metal/hw/inc/internal/tt-1xx -I/opt/tt-metal/tt_metal/hw/inc/internal/tt-1xx/blackhole -I/opt/tt-metal/tt_metal/hw/inc/internal/tt-1xx/blackhole/blackhole_defines -I/opt/tt-metal/tt_metal/hw/inc/internal/tt-1xx/blackhole/noc -I/opt/tt-metal/tt_metal/tt-llk/tt_llk_blackhole/common/inc -I/opt/tt-metal/tt_metal/tt-llk/tt_llk_blackhole/llk_lib -I/opt/tt-metal/tt_metal/tt-llk/tt_llk_blackhole/llk_lib/hal -I/opt/tt-metal/tt_metal/hw/firmware/src/tt-1xx -I/opt/tt-metal/models/experimental/pi0/tt/megakernel/kernels_p2 -include /sp/ttcache_prof/tt-metal-cache/pch/1b9e28ac75b7aabf/pch.h -DIS_NOT_POW2_NUM_L1_BANKS=1 -DLOG_BASE_2_OF_NUM_DRAM_BANKS=3 -DNUM_DRAM_BANKS=8 -DNUM_L1_BANKS=110 -DPCIE_NOC_X=19 -DPCIE_NOC_Y=24 -DTENSIX_FIRMWARE -DLOCAL_MEM_EN=0 -DPROFILE_KERNEL=1 -DPROFILER_FULL_HOST_BUFFER_SIZE_PER_RISC=768000 -DPROCESSOR_INDEX=0 -DCOMPILE_FOR_BRISC -DPROGRAMMABLE_CORE_TYPE=0 -DARCH_BLACKHOLE -DDISPATCH_MESSAGE_ADDR=4290184248 -DKERNEL_BUILD -DMK_FID8_HIFI2=1 -DPE_ATT_FID=3 -DPE_ATT_FLAT=2 -DPE_CT0=19 -DPE_NO_EXPERT=1 -DNOC_INDEX=1 -DNOC_MODE=0 -DFULL_KERNEL_NAME="whole_brisc/9018119527855975103/" -DKERNEL_COMPILE_TIME_ARGS=2,23,5,5,897988541,0,1088,2,2048,0,2048,0,2048,0,2048,2,2048,2,2048,24,23,8,7,224,897988541,897988541,1110770931,856832,2,4,110,2,4096,0,1088 -c -o /sp/ttcache_prof/tt-metal-cache8908659371042919221/kernels/whole_brisc/9018119527855975103/brisc/brisck.2475656884148353978_1.o /opt/tt-metal/tt_metal/hw/firmware/src/tt-1xx/brisck.cc -MF /sp/ttcache_prof/tt-metal-cache8908659371042919221/kernels/whole_brisc/9018119527855975103/brisc/brisck.2475656884148353978_1.d
In file included from /opt/tt-metal/tt_metal/hw/inc/api/dataflow/dataflow_api.h:24,
                 from /opt/tt-metal/tt_metal/hw/inc/internal/firmware_common.h:23,
                 from /opt/tt-metal/tt_metal/hw/firmware/src/tt-1xx/brisck.cc:16:
/opt/tt-metal/tt_metal/tools/profiler/kernel_profiler.hpp: In function 'void kernel_profiler::finish_profiler(bool)':
/opt/tt-metal/tt_metal/tools/profiler/kernel_profiler.hpp:32:22: note: '#pragma message: PROFILER-NOC-FLUSH,/opt/tt-metal/tt_metal/tools/profiler/kernel_profiler.hpp,481,KERNEL_PROFILER'
   32 | #define DO_PRAGMA(x) _Pragma(#x)
      |                      ^~~~~~~
/opt/tt-metal/tt_metal/tools/profiler/kernel_profiler.hpp:42:5: note: in expansion of macro 'DO_PRAGMA'
   42 |     DO_PRAGMA(message(PROFILER_MSG_NAME(name))); \
      |     ^~~~~~~~~
/opt/tt-metal/tt_metal/tools/profiler/kernel_profiler.hpp:481:17: note: in expansion of macro 'SrcLocNameToHash'
  481 |                 SrcLocNameToHash("PROFILER-NOC-FLUSH");
      |                 ^~~~~~~~~~~~~~~~
/opt/tt-metal/tt_metal/tools/profiler/kernel_profiler.hpp:32:22: note: '#pragma message: PROFILER-DRAM-PUSH,/opt/tt-metal/tt_metal/tools/profiler/kernel_profiler.hpp,490,KERNEL_PROFILER'
   32 | #define DO_PRAGMA(x) _Pragma(#x)
      |                      ^~~~~~~
/opt/tt-metal/tt_metal/tools/profiler/kernel_profiler.hpp:42:5: note: in expansion of macro 'DO_PRAGMA'
   42 |     DO_PRAGMA(message(PROFILER_MSG_NAME(name))); \
      |     ^~~~~~~~~
/opt/tt-metal/tt_metal/tools/profiler/kernel_profiler.hpp:490:17: note: in expansion of macro 'SrcLocNameToHash'
  490 |                 SrcLocNameToHash("PROFILER-DRAM-PUSH");
      |                 ^~~~~~~~~~~~~~~~
/opt/tt-metal/tt_metal/tools/profiler/kernel_profiler.hpp: In function 'void kernel_profiler::quick_push()':
/opt/tt-metal/tt_metal/tools/profiler/kernel_profiler.hpp:32:22: note: '#pragma message: PROFILER-NOC-QUICK-PUSH,/opt/tt-metal/tt_metal/tools/profiler/kernel_profiler.hpp,633,KERNEL_PROFILER'
   32 | #define DO_PRAGMA(x) _Pragma(#x)
      |                      ^~~~~~~
/opt/tt-metal/tt_metal/tools/profiler/kernel_profiler.hpp:42:5: note: in expansion of macro 'DO_PRAGMA'
   42 |     DO_PRAGMA(message(PROFILER_MSG_NAME(name))); \
      |     ^~~~~~~~~
/opt/tt-metal/tt_metal/tools/profiler/kernel_profiler.hpp:633:5: note: in expansion of macro 'SrcLocNameToHash'
  633 |     SrcLocNameToHash("PROFILER-NOC-QUICK-PUSH");
      |     ^~~~~~~~~~~~~~~~
/opt/tt-metal/tt_metal/hw/firmware/src/tt-1xx/brisck.cc: In function 'uint32_t _start()':
/opt/tt-metal/tt_metal/tools/profiler/kernel_profiler.hpp:32:22: note: '#pragma message: BRISC-KERNEL,/opt/tt-metal/tt_metal/hw/firmware/src/tt-1xx/brisck.cc,77,KERNEL_PROFILER'
   32 | #define DO_PRAGMA(x) _Pragma(#x)
      |                      ^~~~~~~
/opt/tt-metal/tt_metal/tools/profiler/kernel_profiler.hpp:1047:5: note: in expansion of macro 'DO_PRAGMA'
 1047 |     DO_PRAGMA(message(PROFILER_MSG_NAME(name)));                               \
      |     ^~~~~~~~~
/opt/tt-metal/tt_metal/hw/firmware/src/tt-1xx/brisck.cc:77:9: note: in expansion of macro 'DeviceZoneScopedMainChildN'
   77 |         DeviceZoneScopedMainChildN("BRISC-KERNEL");
      |         ^~~~~~~~~~~~~~~~~~~~~~~~~~
Building trisc0, compile step:
/opt/tt-metal/runtime/sfpi/compiler/bin/riscv-tt-elf-g++ -O3 -std=c++17 -ftt-nttp -ftt-constinit -ftt-consteval -ftt-no-dyninit -flto=1 -flto-partition=one -ffast-math -fno-finite-math-only -fsigned-zeros -fno-associative-math -fno-exceptions -fno-rtti -fno-use-cxa-atexit -g -MMD -Wall -Werror -Wno-error=deprecated-declarations -Wno-error=multistatement-macros -Wno-error=parentheses -Wno-error=unused-but-set-variable -Wno-unused-variable -Wno-unused-function --param=min-pagesize=0 -mcpu=tt-bh-tensix -Winvalid-pch -Wno-error=invalid-pch -I. -I.. -I/opt/tt-metal/ -I/opt/tt-metal/ttnn -I/opt/tt-metal/ttnn/cpp -I/opt/tt-metal/tt_metal -I/opt/tt-metal/tt_metal/hw/inc -I/opt/tt-metal/tt_metal/tt-llk/common -I/opt/tt-metal/tt_metal/tt-llk/tools/include -I/opt/tt-metal/tt_metal/hostdevcommon/api -I/opt/tt-metal/tt_metal/api/ -I/opt/tt-metal/runtime/sfpi/include -I/opt/tt-metal/tt_metal/hw/ckernels/blackhole/metal/common -I/opt/tt-metal/tt_metal/hw/ckernels/blackhole/metal/llk_io -I/opt/tt-metal/tt_metal/hw/inc/internal/tt-1xx -I/opt/tt-metal/tt_metal/hw/inc/internal/tt-1xx/blackhole -I/opt/tt-metal/tt_metal/hw/inc/internal/tt-1xx/blackhole/blackhole_defines -I/opt/tt-metal/tt_metal/hw/inc/internal/tt-1xx/blackhole/noc -I/opt/tt-metal/tt_metal/tt-llk/tt_llk_blackhole/common/inc -I/opt/tt-metal/tt_metal/tt-llk/tt_llk_blackhole/llk_lib -I/opt/tt-metal/tt_metal/tt-llk/tt_llk_blackhole/llk_lib/hal -I/opt/tt-metal/tt_metal/hw/ckernels/blackhole/metal/llk_api -I/opt/tt-metal/tt_metal/hw/ckernels/blackhole/metal/llk_api/llk_sfpu -I/opt/tt-metal/tt_metal/hw/firmware/src/tt-1xx -I/opt/tt-metal/models/experimental/pi0/tt/megakernel/kernels_p2 -include /sp/ttcache_prof/tt-metal-cache/pch/e13a6eedc934b130/pch.h -DIS_NOT_POW2_NUM_L1_BANKS=1 -DLOG_BASE_2_OF_NUM_DRAM_BANKS=3 -DNUM_DRAM_BANKS=8 -DNUM_L1_BANKS=110 -DPCIE_NOC_X=19 -DPCIE_NOC_Y=24 -DTENSIX_FIRMWARE -DLOCAL_MEM_EN=0 -DPROFILE_KERNEL=1 -DPROFILER_FULL_HOST_BUFFER_SIZE_PER_RISC=768000 -DPROCESSOR_INDEX=2 -DUCK_CHLKC_UNPACK -DCOMPILE_FOR_TRISC=0 -DPROGRAMMABLE_CORE_TYPE=0 -DARCH_BLACKHOLE -DDISPATCH_MESSAGE_ADDR=4290184248 -DKERNEL_BUILD -DFULL_KERNEL_NAME="whole_trisc/7914492111874882337/" -DKERNEL_COMPILE_TIME_ARGS=2,23,5,5,897988541,0,1088,2,2048,0,2048,0,2048,0,2048,2,2048,2,2048,24,23,8,7,224,897988541,897988541,1110770931,856832,2,4,110,2,4096,0,1088 -c -o /sp/ttcache_prof/tt-metal-cache8908659371042919221/kernels/whole_trisc/7914492111874882337/trisc0/trisck.2475656884148353978_1.o /opt/tt-metal/tt_metal/hw/firmware/src/tt-1xx/trisck.cc -MF /sp/ttcache_prof/tt-metal-cache8908659371042919221/kernels/whole_trisc/7914492111874882337/trisc0/trisck.2475656884148353978_1.d
In file included from /opt/tt-metal/tt_metal/hw/ckernels/blackhole/metal/llk_io/llk_io_unpack.h:13,
                 from /opt/tt-metal/tt_metal/hw/inc/api/compute/compute_kernel_api.h:98,
                 from /opt/tt-metal/models/experimental/pi0/tt/megakernel/kernels_p2/../kernels/mk_trisc.cpp:22,
                 from /opt/tt-metal/models/experimental/pi0/tt/megakernel/kernels_p2/whole_trisc.cpp:12,
                 from ../chlkc_unpack.cpp:4,
                 from /opt/tt-metal/tt_metal/hw/ckernels/blackhole/metal/common/chlkc_list.h:26,
                 from /opt/tt-metal/tt_metal/hw/firmware/src/tt-1xx/trisck.cc:14:
/opt/tt-metal/tt_metal/hw/ckernels/blackhole/metal/llk_io/llk_io_unpack.h: In function 'void llk_wait_tiles(int, int32_t)':
/opt/tt-metal/tt_metal/tools/profiler/kernel_profiler.hpp:32:22: note: '#pragma message: CB-COMPUTE-WAIT-FRONT,/opt/tt-metal/tt_metal/hw/ckernels/blackhole/metal/llk_io/llk_io_unpack.h,19,KERNEL_PROFILER'
   32 | #define DO_PRAGMA(x) _Pragma(#x)
      |                      ^~~~~~~
/opt/tt-metal/tt_metal/tools/profiler/kernel_profiler.hpp:1052:5: note: in expansion of macro 'DO_PRAGMA'
 1052 |     DO_PRAGMA(message(PROFILER_MSG_NAME(name)));                               \
      |     ^~~~~~~~~
/opt/tt-metal/tt_metal/hw/ckernels/blackhole/metal/llk_io/llk_io_unpack.h:19:5: note: in expansion of macro 'DeviceZoneScopedSumN1'
   19 |     DeviceZoneScopedSumN1("CB-COMPUTE-WAIT-FRONT");
      |     ^~~~~~~~~~~~~~~~~~~~~
/opt/tt-metal/tt_metal/hw/firmware/src/tt-1xx/trisck.cc: In function 'uint32_t _start()':
/opt/tt-metal/tt_metal/tools/profiler/kernel_profiler.hpp:32:22: note: '#pragma message: TRISC-KERNEL,/opt/tt-metal/tt_metal/hw/firmware/src/tt-1xx/trisck.cc,89,KERNEL_PROFILER'
   32 | #define DO_PRAGMA(x) _Pragma(#x)
      |                      ^~~~~~~
/opt/tt-metal/tt_metal/tools/profiler/kernel_profiler.hpp:1047:5: note: in expansion of macro 'DO_PRAGMA'
 1047 |     DO_PRAGMA(message(PROFILER_MSG_NAME(name)));                               \
      |     ^~~~~~~~~
/opt/tt-metal/tt_metal/hw/firmware/src/tt-1xx/trisck.cc:89:5: note: in expansion of macro 'DeviceZoneScopedMainChildN'
   89 |     DeviceZoneScopedMainChildN("TRISC-KERNEL");
      |     ^~~~~~~~~~~~~~~~~~~~~~~~~~
Building trisc2, compile step:
/opt/tt-metal/runtime/sfpi/compiler/bin/riscv-tt-elf-g++ -O3 -std=c++17 -ftt-nttp -ftt-constinit -ftt-consteval -ftt-no-dyninit -flto=1 -flto-partition=one -ffast-math -fno-finite-math-only -fsigned-zeros -fno-associative-math -fno-exceptions -fno-rtti -fno-use-cxa-atexit -g -MMD -Wall -Werror -Wno-error=deprecated-declarations -Wno-error=multistatement-macros -Wno-error=parentheses -Wno-error=unused-but-set-variable -Wno-unused-variable -Wno-unused-function --param=min-pagesize=0 -mcpu=tt-bh-tensix -Winvalid-pch -Wno-error=invalid-pch -I. -I.. -I/opt/tt-metal/ -I/opt/tt-metal/ttnn -I/opt/tt-metal/ttnn/cpp -I/opt/tt-metal/tt_metal -I/opt/tt-metal/tt_metal/hw/inc -I/opt/tt-metal/tt_metal/tt-llk/common -I/opt/tt-metal/tt_metal/tt-llk/tools/include -I/opt/tt-metal/tt_metal/hostdevcommon/api -I/opt/tt-metal/tt_metal/api/ -I/opt/tt-metal/runtime/sfpi/include -I/opt/tt-metal/tt_metal/hw/ckernels/blackhole/metal/common -I/opt/tt-metal/tt_metal/hw/ckernels/blackhole/metal/llk_io -I/opt/tt-metal/tt_metal/hw/inc/internal/tt-1xx -I/opt/tt-metal/tt_metal/hw/inc/internal/tt-1xx/blackhole -I/opt/tt-metal/tt_metal/hw/inc/internal/tt-1xx/blackhole/blackhole_defines -I/opt/tt-metal/tt_metal/hw/inc/internal/tt-1xx/blackhole/noc -I/opt/tt-metal/tt_metal/tt-llk/tt_llk_blackhole/common/inc -I/opt/tt-metal/tt_metal/tt-llk/tt_llk_blackhole/llk_lib -I/opt/tt-metal/tt_metal/tt-llk/tt_llk_blackhole/llk_lib/hal -I/opt/tt-metal/tt_metal/hw/ckernels/blackhole/metal/llk_api -I/opt/tt-metal/tt_metal/hw/ckernels/blackhole/metal/llk_api/llk_sfpu -I/opt/tt-metal/tt_metal/hw/firmware/src/tt-1xx -I/opt/tt-metal/models/experimental/pi0/tt/megakernel/kernels_p2 -include /sp/ttcache_prof/tt-metal-cache/pch/e13a6eedc934b130/pch.h -DIS_NOT_POW2_NUM_L1_BANKS=1 -DLOG_BASE_2_OF_NUM_DRAM_BANKS=3 -DNUM_DRAM_BANKS=8 -DNUM_L1_BANKS=110 -DPCIE_NOC_X=19 -DPCIE_NOC_Y=24 -DTENSIX_FIRMWARE -DLOCAL_MEM_EN=0 -DPROFILE_KERNEL=1 -DPROFILER_FULL_HOST_BUFFER_SIZE_PER_RISC=768000 -DPROCESSOR_INDEX=4 -DUCK_CHLKC_PACK -DCOMPILE_FOR_TRISC=2 -DPROGRAMMABLE_CORE_TYPE=0 -DARCH_BLACKHOLE -DDISPATCH_MESSAGE_ADDR=4290184248 -DKERNEL_BUILD -DFULL_KERNEL_NAME="whole_trisc/7914492111874882337/" -DKERNEL_COMPILE_TIME_ARGS=2,23,5,5,897988541,0,1088,2,2048,0,2048,0,2048,0,2048,2,2048,2,2048,24,23,8,7,224,897988541,897988541,1110770931,856832,2,4,110,2,4096,0,1088 -c -o /sp/ttcache_prof/tt-metal-cache8908659371042919221/kernels/whole_trisc/7914492111874882337/trisc2/trisck.2475656884148353978_1.o /opt/tt-metal/tt_metal/hw/firmware/src/tt-1xx/trisck.cc -MF /sp/ttcache_prof/tt-metal-cache8908659371042919221/kernels/whole_trisc/7914492111874882337/trisc2/trisck.2475656884148353978_1.d
In file included from /opt/tt-metal/tt_metal/hw/ckernels/blackhole/metal/llk_io/llk_io_pack.h:14,
                 from /opt/tt-metal/tt_metal/hw/inc/api/compute/compute_kernel_api.h:73,
                 from /opt/tt-metal/models/experimental/pi0/tt/megakernel/kernels_p2/../kernels/mk_trisc.cpp:22,
                 from /opt/tt-metal/models/experimental/pi0/tt/megakernel/kernels_p2/whole_trisc.cpp:12,
                 from ../chlkc_pack.cpp:4,
                 from /opt/tt-metal/tt_metal/hw/ckernels/blackhole/metal/common/chlkc_list.h:21,
                 from /opt/tt-metal/tt_metal/hw/firmware/src/tt-1xx/trisck.cc:14:
/opt/tt-metal/tt_metal/hw/ckernels/blackhole/metal/llk_io/llk_io_pack.h: In function 'void llk_wait_for_free_tiles(int32_t, int32_t)':
/opt/tt-metal/tt_metal/tools/profiler/kernel_profiler.hpp:32:22: note: '#pragma message: CB-COMPUTE-RESERVE-BACK,/opt/tt-metal/tt_metal/hw/ckernels/blackhole/metal/llk_io/llk_io_pack.h,21,KERNEL_PROFILER'
   32 | #define DO_PRAGMA(x) _Pragma(#x)
      |                      ^~~~~~~
/opt/tt-metal/tt_metal/tools/profiler/kernel_profiler.hpp:1057:5: note: in expansion of macro 'DO_PRAGMA'
 1057 |     DO_PRAGMA(message(PROFILER_MSG_NAME(name)));                               \
      |     ^~~~~~~~~
/opt/tt-metal/tt_metal/hw/ckernels/blackhole/metal/llk_io/llk_io_pack.h:21:5: note: in expansion of macro 'DeviceZoneScopedSumN2'
   21 |     DeviceZoneScopedSumN2("CB-COMPUTE-RESERVE-BACK");
      |     ^~~~~~~~~~~~~~~~~~~~~
/opt/tt-metal/tt_metal/hw/firmware/src/tt-1xx/trisck.cc: In function 'uint32_t _start()':
/opt/tt-metal/tt_metal/tools/profiler/kernel_profiler.hpp:32:22: note: '#pragma message: TRISC-KERNEL,/opt/tt-metal/tt_metal/hw/firmware/src/tt-1xx/trisck.cc,89,KERNEL_PROFILER'
   32 | #define DO_PRAGMA(x) _Pragma(#x)
      |                      ^~~~~~~
/opt/tt-metal/tt_metal/tools/profiler/kernel_profiler.hpp:1047:5: note: in expansion of macro 'DO_PRAGMA'
 1047 |     DO_PRAGMA(message(PROFILER_MSG_NAME(name)));                               \
      |     ^~~~~~~~~
/opt/tt-metal/tt_metal/hw/firmware/src/tt-1xx/trisck.cc:89:5: note: in expansion of macro 'DeviceZoneScopedMainChildN'
   89 |     DeviceZoneScopedMainChildN("TRISC-KERNEL");
      |     ^~~~~~~~~~~~~~~~~~~~~~~~~~
Building trisc1, compile step:
/opt/tt-metal/runtime/sfpi/compiler/bin/riscv-tt-elf-g++ -O3 -std=c++17 -ftt-nttp -ftt-constinit -ftt-consteval -ftt-no-dyninit -flto=1 -flto-partition=one -ffast-math -fno-finite-math-only -fsigned-zeros -fno-associative-math -fno-exceptions -fno-rtti -fno-use-cxa-atexit -g -MMD -Wall -Werror -Wno-error=deprecated-declarations -Wno-error=multistatement-macros -Wno-error=parentheses -Wno-error=unused-but-set-variable -Wno-unused-variable -Wno-unused-function --param=min-pagesize=0 -mcpu=tt-bh-tensix -Winvalid-pch -Wno-error=invalid-pch -I. -I.. -I/opt/tt-metal/ -I/opt/tt-metal/ttnn -I/opt/tt-metal/ttnn/cpp -I/opt/tt-metal/tt_metal -I/opt/tt-metal/tt_metal/hw/inc -I/opt/tt-metal/tt_metal/tt-llk/common -I/opt/tt-metal/tt_metal/tt-llk/tools/include -I/opt/tt-metal/tt_metal/hostdevcommon/api -I/opt/tt-metal/tt_metal/api/ -I/opt/tt-metal/runtime/sfpi/include -I/opt/tt-metal/tt_metal/hw/ckernels/blackhole/metal/common -I/opt/tt-metal/tt_metal/hw/ckernels/blackhole/metal/llk_io -I/opt/tt-metal/tt_metal/hw/inc/internal/tt-1xx -I/opt/tt-metal/tt_metal/hw/inc/internal/tt-1xx/blackhole -I/opt/tt-metal/tt_metal/hw/inc/internal/tt-1xx/blackhole/blackhole_defines -I/opt/tt-metal/tt_metal/hw/inc/internal/tt-1xx/blackhole/noc -I/opt/tt-metal/tt_metal/tt-llk/tt_llk_blackhole/common/inc -I/opt/tt-metal/tt_metal/tt-llk/tt_llk_blackhole/llk_lib -I/opt/tt-metal/tt_metal/tt-llk/tt_llk_blackhole/llk_lib/hal -I/opt/tt-metal/tt_metal/hw/ckernels/blackhole/metal/llk_api -I/opt/tt-metal/tt_metal/hw/ckernels/blackhole/metal/llk_api/llk_sfpu -I/opt/tt-metal/tt_metal/hw/firmware/src/tt-1xx -I/opt/tt-metal/models/experimental/pi0/tt/megakernel/kernels_p2 -include /sp/ttcache_prof/tt-metal-cache/pch/e13a6eedc934b130/pch.h -DIS_NOT_POW2_NUM_L1_BANKS=1 -DLOG_BASE_2_OF_NUM_DRAM_BANKS=3 -DNUM_DRAM_BANKS=8 -DNUM_L1_BANKS=110 -DPCIE_NOC_X=19 -DPCIE_NOC_Y=24 -DTENSIX_FIRMWARE -DLOCAL_MEM_EN=0 -DPROFILE_KERNEL=1 -DPROFILER_FULL_HOST_BUFFER_SIZE_PER_RISC=768000 -DPROCESSOR_INDEX=3 -DUCK_CHLKC_MATH -DCOMPILE_FOR_TRISC=1 -DPROGRAMMABLE_CORE_TYPE=0 -DARCH_BLACKHOLE -DDISPATCH_MESSAGE_ADDR=4290184248 -DKERNEL_BUILD -DFULL_KERNEL_NAME="whole_trisc/7914492111874882337/" -DKERNEL_COMPILE_TIME_ARGS=2,23,5,5,897988541,0,1088,2,2048,0,2048,0,2048,0,2048,2,2048,2,2048,24,23,8,7,224,897988541,897988541,1110770931,856832,2,4,110,2,4096,0,1088 -c -o /sp/ttcache_prof/tt-metal-cache8908659371042919221/kernels/whole_trisc/7914492111874882337/trisc1/trisck.2475656884148353978_1.o /opt/tt-metal/tt_metal/hw/firmware/src/tt-1xx/trisck.cc -MF /sp/ttcache_prof/tt-metal-cache8908659371042919221/kernels/whole_trisc/7914492111874882337/trisc1/trisck.2475656884148353978_1.d
In file included from /opt/tt-metal/tt_metal/hw/firmware/src/tt-1xx/trisck.cc:16:
/opt/tt-metal/tt_metal/hw/firmware/src/tt-1xx/trisck.cc: In function 'uint32_t _start()':
/opt/tt-metal/tt_metal/tools/profiler/kernel_profiler.hpp:32:22: note: '#pragma message: TRISC-KERNEL,/opt/tt-metal/tt_metal/hw/firmware/src/tt-1xx/trisck.cc,89,KERNEL_PROFILER'
   32 | #define DO_PRAGMA(x) _Pragma(#x)
      |                      ^~~~~~~
/opt/tt-metal/tt_metal/tools/profiler/kernel_profiler.hpp:1047:5: note: in expansion of macro 'DO_PRAGMA'
 1047 |     DO_PRAGMA(message(PROFILER_MSG_NAME(name)));                               \
      |     ^~~~~~~~~
/opt/tt-metal/tt_metal/hw/firmware/src/tt-1xx/trisck.cc:89:5: note: in expansion of macro 'DeviceZoneScopedMainChildN'
   89 |     DeviceZoneScopedMainChildN("TRISC-KERNEL");
      |     ^~~~~~~~~~~~~~~~~~~~~~~~~~
2026-10-03 02:58:51.012 | warning  |           Metal | Allocating device buffers is potentially unsafe due to the existence of an active trace. These buffers may be corrupted once a trace is executed if they are not released before then. Use the trace allocation tracker to verify. (allocator.cpp:140)
call 2 5 (2, 32, 64)
call 2 150 (2, 224, 64)
call 2 40 (2, 64, 64)
call 2 5 (2, 32, 64)
call 2 150 (2, 224, 64)
call 2 40 (2, 64, 64)
Building ncrisc, compile step:
/opt/tt-metal/runtime/sfpi/compiler/bin/riscv-tt-elf-g++ -O2 -std=c++17 -ftt-nttp -ftt-constinit -ftt-consteval -ftt-no-dyninit -flto=1 -flto-partition=one -ffast-math -fno-finite-math-only -fsigned-zeros -fno-associative-math -fno-exceptions -fno-rtti -fno-use-cxa-atexit -g -MMD -Wall -Werror -Wno-error=deprecated-declarations -Wno-error=multistatement-macros -Wno-error=parentheses -Wno-error=unused-but-set-variable -Wno-unused-variable -Wno-unused-function --param=min-pagesize=0 -mcpu=tt-bh -fno-tree-loop-distribute-patterns -Winvalid-pch -Wno-error=invalid-pch -I. -I.. -I/opt/tt-metal/ -I/opt/tt-metal/ttnn -I/opt/tt-metal/ttnn/cpp -I/opt/tt-metal/tt_metal -I/opt/tt-metal/tt_metal/hw/inc -I/opt/tt-metal/tt_metal/tt-llk/common -I/opt/tt-metal/tt_metal/tt-llk/tools/include -I/opt/tt-metal/tt_metal/hostdevcommon/api -I/opt/tt-metal/tt_metal/api/ -I/opt/tt-metal/tt_metal/hw/ckernels/blackhole/metal/common -I/opt/tt-metal/tt_metal/hw/ckernels/blackhole/metal/llk_io -I/opt/tt-metal/tt_metal/hw/inc/internal/tt-1xx -I/opt/tt-metal/tt_metal/hw/inc/internal/tt-1xx/blackhole -I/opt/tt-metal/tt_metal/hw/inc/internal/tt-1xx/blackhole/blackhole_defines -I/opt/tt-metal/tt_metal/hw/inc/internal/tt-1xx/blackhole/noc -I/opt/tt-metal/tt_metal/tt-llk/tt_llk_blackhole/common/inc -I/opt/tt-metal/tt_metal/tt-llk/tt_llk_blackhole/llk_lib -I/opt/tt-metal/tt_metal/tt-llk/tt_llk_blackhole/llk_lib/hal -I/opt/tt-metal/tt_metal/hw/firmware/src/tt-1xx -I/opt/tt-metal/models/experimental/pi0/tt/megakernel/kernels_p2 -include /sp/ttcache_prof/tt-metal-cache/pch/1b9e28ac75b7aabf/pch.h -DIS_NOT_POW2_NUM_L1_BANKS=1 -DLOG_BASE_2_OF_NUM_DRAM_BANKS=3 -DNUM_DRAM_BANKS=8 -DNUM_L1_BANKS=110 -DPCIE_NOC_X=19 -DPCIE_NOC_Y=24 -DTENSIX_FIRMWARE -DLOCAL_MEM_EN=0 -DPROFILE_KERNEL=1 -DPROFILER_FULL_HOST_BUFFER_SIZE_PER_RISC=768000 -DPROCESSOR_INDEX=1 -DCOMPILE_FOR_NCRISC -DPROGRAMMABLE_CORE_TYPE=0 -DARCH_BLACKHOLE -DDISPATCH_MESSAGE_ADDR=4290184248 -DKERNEL_BUILD -DMK_FID8_HIFI2=1 -DPE_ATT_FID=3 -DPE_ATT_FLAT=2 -DPE_CT0=19 -DPE_MM_FID=3 -DPE_NO_EXPERT=1 -DNOC_INDEX=0 -DNOC_MODE=0 -DFULL_KERNEL_NAME="whole_ncrisc/13733486214200051885/" -DKERNEL_COMPILE_TIME_ARGS=1,29,5,6,897988541,0,1088,2,2048,0,2048,0,2048,0,2048,2,2048,2,2048,28,25,7,1,32,897988541,897988541,1110770931,972160,2,4,108,2,4096,0,1088 -c -o /sp/ttcache_prof/tt-metal-cache8908659371042919221/kernels/whole_ncrisc/13733486214200051885/ncrisc/ncrisck.2475656884148353978_1.o /opt/tt-metal/tt_metal/hw/firmware/src/tt-1xx/ncrisck.cc -MF /sp/ttcache_prof/tt-metal-cache8908659371042919221/kernels/whole_ncrisc/13733486214200051885/ncrisc/ncrisck.2475656884148353978_1.d
In file included from /opt/tt-metal/tt_metal/hw/inc/api/dataflow/dataflow_api.h:24,
                 from /opt/tt-metal/tt_metal/hw/inc/internal/firmware_common.h:23,
                 from /opt/tt-metal/tt_metal/hw/firmware/src/tt-1xx/ncrisck.cc:17:
/opt/tt-metal/tt_metal/tools/profiler/kernel_profiler.hpp: In function 'void kernel_profiler::quick_push()':
/opt/tt-metal/tt_metal/tools/profiler/kernel_profiler.hpp:32:22: note: '#pragma message: PROFILER-NOC-QUICK-PUSH,/opt/tt-metal/tt_metal/tools/profiler/kernel_profiler.hpp,633,KERNEL_PROFILER'
   32 | #define DO_PRAGMA(x) _Pragma(#x)
      |                      ^~~~~~~
/opt/tt-metal/tt_metal/tools/profiler/kernel_profiler.hpp:42:5: note: in expansion of macro 'DO_PRAGMA'
   42 |     DO_PRAGMA(message(PROFILER_MSG_NAME(name))); \
      |     ^~~~~~~~~
/opt/tt-metal/tt_metal/tools/profiler/kernel_profiler.hpp:633:5: note: in expansion of macro 'SrcLocNameToHash'
  633 |     SrcLocNameToHash("PROFILER-NOC-QUICK-PUSH");
      |     ^~~~~~~~~~~~~~~~
/opt/tt-metal/tt_metal/hw/firmware/src/tt-1xx/ncrisck.cc: In function 'uint32_t _start()':
/opt/tt-metal/tt_metal/tools/profiler/kernel_profiler.hpp:32:22: note: '#pragma message: NCRISC-KERNEL,/opt/tt-metal/tt_metal/hw/firmware/src/tt-1xx/ncrisck.cc,70,KERNEL_PROFILER'
   32 | #define DO_PRAGMA(x) _Pragma(#x)
      |                      ^~~~~~~
/opt/tt-metal/tt_metal/tools/profiler/kernel_profiler.hpp:1047:5: note: in expansion of macro 'DO_PRAGMA'
 1047 |     DO_PRAGMA(message(PROFILER_MSG_NAME(name)));                               \
      |     ^~~~~~~~~
/opt/tt-metal/tt_metal/hw/firmware/src/tt-1xx/ncrisck.cc:70:5: note: in expansion of macro 'DeviceZoneScopedMainChildN'
   70 |     DeviceZoneScopedMainChildN("NCRISC-KERNEL");
      |     ^~~~~~~~~~~~~~~~~~~~~~~~~~
Building brisc, compile step:
/opt/tt-metal/runtime/sfpi/compiler/bin/riscv-tt-elf-g++ -O2 -std=c++17 -ftt-nttp -ftt-constinit -ftt-consteval -ftt-no-dyninit -flto=1 -flto-partition=one -ffast-math -fno-finite-math-only -fsigned-zeros -fno-associative-math -fno-exceptions -fno-rtti -fno-use-cxa-atexit -g -MMD -Wall -Werror -Wno-error=deprecated-declarations -Wno-error=multistatement-macros -Wno-error=parentheses -Wno-error=unused-but-set-variable -Wno-unused-variable -Wno-unused-function --param=min-pagesize=0 -mcpu=tt-bh -fno-tree-loop-distribute-patterns -Winvalid-pch -Wno-error=invalid-pch -I. -I.. -I/opt/tt-metal/ -I/opt/tt-metal/ttnn -I/opt/tt-metal/ttnn/cpp -I/opt/tt-metal/tt_metal -I/opt/tt-metal/tt_metal/hw/inc -I/opt/tt-metal/tt_metal/tt-llk/common -I/opt/tt-metal/tt_metal/tt-llk/tools/include -I/opt/tt-metal/tt_metal/hostdevcommon/api -I/opt/tt-metal/tt_metal/api/ -I/opt/tt-metal/tt_metal/hw/ckernels/blackhole/metal/common -I/opt/tt-metal/tt_metal/hw/ckernels/blackhole/metal/llk_io -I/opt/tt-metal/tt_metal/hw/inc/internal/tt-1xx -I/opt/tt-metal/tt_metal/hw/inc/internal/tt-1xx/blackhole -I/opt/tt-metal/tt_metal/hw/inc/internal/tt-1xx/blackhole/blackhole_defines -I/opt/tt-metal/tt_metal/hw/inc/internal/tt-1xx/blackhole/noc -I/opt/tt-metal/tt_metal/tt-llk/tt_llk_blackhole/common/inc -I/opt/tt-metal/tt_metal/tt-llk/tt_llk_blackhole/llk_lib -I/opt/tt-metal/tt_metal/tt-llk/tt_llk_blackhole/llk_lib/hal -I/opt/tt-metal/tt_metal/hw/firmware/src/tt-1xx -I/opt/tt-metal/models/experimental/pi0/tt/megakernel/kernels_p2 -include /sp/ttcache_prof/tt-metal-cache/pch/1b9e28ac75b7aabf/pch.h -DIS_NOT_POW2_NUM_L1_BANKS=1 -DLOG_BASE_2_OF_NUM_DRAM_BANKS=3 -DNUM_DRAM_BANKS=8 -DNUM_L1_BANKS=110 -DPCIE_NOC_X=19 -DPCIE_NOC_Y=24 -DTENSIX_FIRMWARE -DLOCAL_MEM_EN=0 -DPROFILE_KERNEL=1 -DPROFILER_FULL_HOST_BUFFER_SIZE_PER_RISC=768000 -DPROCESSOR_INDEX=0 -DCOMPILE_FOR_BRISC -DPROGRAMMABLE_CORE_TYPE=0 -DARCH_BLACKHOLE -DDISPATCH_MESSAGE_ADDR=4290184248 -DKERNEL_BUILD -DMK_FID8_HIFI2=1 -DPE_ATT_FID=3 -DPE_ATT_FLAT=2 -DPE_CT0=19 -DPE_MM_FID=3 -DPE_NO_EXPERT=1 -DNOC_INDEX=1 -DNOC_MODE=0 -DFULL_KERNEL_NAME="whole_brisc/13974102335174295513/" -DKERNEL_COMPILE_TIME_ARGS=1,29,5,6,897988541,0,1088,2,2048,0,2048,0,2048,0,2048,2,2048,2,2048,28,25,7,1,32,897988541,897988541,1110770931,972160,2,4,108,2,4096,0,1088 -c -o /sp/ttcache_prof/tt-metal-cache8908659371042919221/kernels/whole_brisc/13974102335174295513/brisc/brisck.2475656884148353978_1.o /opt/tt-metal/tt_metal/hw/firmware/src/tt-1xx/brisck.cc -MF /sp/ttcache_prof/tt-metal-cache8908659371042919221/kernels/whole_brisc/13974102335174295513/brisc/brisck.2475656884148353978_1.d
In file included from /opt/tt-metal/tt_metal/hw/inc/api/dataflow/dataflow_api.h:24,
                 from /opt/tt-metal/tt_metal/hw/inc/internal/firmware_common.h:23,
                 from /opt/tt-metal/tt_metal/hw/firmware/src/tt-1xx/brisck.cc:16:
/opt/tt-metal/tt_metal/tools/profiler/kernel_profiler.hpp: In function 'void kernel_profiler::finish_profiler(bool)':
/opt/tt-metal/tt_metal/tools/profiler/kernel_profiler.hpp:32:22: note: '#pragma message: PROFILER-NOC-FLUSH,/opt/tt-metal/tt_metal/tools/profiler/kernel_profiler.hpp,481,KERNEL_PROFILER'
   32 | #define DO_PRAGMA(x) _Pragma(#x)
      |                      ^~~~~~~
/opt/tt-metal/tt_metal/tools/profiler/kernel_profiler.hpp:42:5: note: in expansion of macro 'DO_PRAGMA'
   42 |     DO_PRAGMA(message(PROFILER_MSG_NAME(name))); \
      |     ^~~~~~~~~
/opt/tt-metal/tt_metal/tools/profiler/kernel_profiler.hpp:481:17: note: in expansion of macro 'SrcLocNameToHash'
  481 |                 SrcLocNameToHash("PROFILER-NOC-FLUSH");
      |                 ^~~~~~~~~~~~~~~~
/opt/tt-metal/tt_metal/tools/profiler/kernel_profiler.hpp:32:22: note: '#pragma message: PROFILER-DRAM-PUSH,/opt/tt-metal/tt_metal/tools/profiler/kernel_profiler.hpp,490,KERNEL_PROFILER'
   32 | #define DO_PRAGMA(x) _Pragma(#x)
      |                      ^~~~~~~
/opt/tt-metal/tt_metal/tools/profiler/kernel_profiler.hpp:42:5: note: in expansion of macro 'DO_PRAGMA'
   42 |     DO_PRAGMA(message(PROFILER_MSG_NAME(name))); \
      |     ^~~~~~~~~
/opt/tt-metal/tt_metal/tools/profiler/kernel_profiler.hpp:490:17: note: in expansion of macro 'SrcLocNameToHash'
  490 |                 SrcLocNameToHash("PROFILER-DRAM-PUSH");
      |                 ^~~~~~~~~~~~~~~~
/opt/tt-metal/tt_metal/tools/profiler/kernel_profiler.hpp: In function 'void kernel_profiler::quick_push()':
/opt/tt-metal/tt_metal/tools/profiler/kernel_profiler.hpp:32:22: note: '#pragma message: PROFILER-NOC-QUICK-PUSH,/opt/tt-metal/tt_metal/tools/profiler/kernel_profiler.hpp,633,KERNEL_PROFILER'
   32 | #define DO_PRAGMA(x) _Pragma(#x)
      |                      ^~~~~~~
/opt/tt-metal/tt_metal/tools/profiler/kernel_profiler.hpp:42:5: note: in expansion of macro 'DO_PRAGMA'
   42 |     DO_PRAGMA(message(PROFILER_MSG_NAME(name))); \
      |     ^~~~~~~~~
/opt/tt-metal/tt_metal/tools/profiler/kernel_profiler.hpp:633:5: note: in expansion of macro 'SrcLocNameToHash'
  633 |     SrcLocNameToHash("PROFILER-NOC-QUICK-PUSH");
      |     ^~~~~~~~~~~~~~~~
/opt/tt-metal/tt_metal/hw/firmware/src/tt-1xx/brisck.cc: In function 'uint32_t _start()':
/opt/tt-metal/tt_metal/tools/profiler/kernel_profiler.hpp:32:22: note: '#pragma message: BRISC-KERNEL,/opt/tt-metal/tt_metal/hw/firmware/src/tt-1xx/brisck.cc,77,KERNEL_PROFILER'
   32 | #define DO_PRAGMA(x) _Pragma(#x)
      |                      ^~~~~~~
/opt/tt-metal/tt_metal/tools/profiler/kernel_profiler.hpp:1047:5: note: in expansion of macro 'DO_PRAGMA'
 1047 |     DO_PRAGMA(message(PROFILER_MSG_NAME(name)));                               \
      |     ^~~~~~~~~
/opt/tt-metal/tt_metal/hw/firmware/src/tt-1xx/brisck.cc:77:9: note: in expansion of macro 'DeviceZoneScopedMainChildN'
   77 |         DeviceZoneScopedMainChildN("BRISC-KERNEL");
      |         ^~~~~~~~~~~~~~~~~~~~~~~~~~
Building trisc2, compile step:
/opt/tt-metal/runtime/sfpi/compiler/bin/riscv-tt-elf-g++ -O3 -std=c++17 -ftt-nttp -ftt-constinit -ftt-consteval -ftt-no-dyninit -flto=1 -flto-partition=one -ffast-math -fno-finite-math-only -fsigned-zeros -fno-associative-math -fno-exceptions -fno-rtti -fno-use-cxa-atexit -g -MMD -Wall -Werror -Wno-error=deprecated-declarations -Wno-error=multistatement-macros -Wno-error=parentheses -Wno-error=unused-but-set-variable -Wno-unused-variable -Wno-unused-function --param=min-pagesize=0 -mcpu=tt-bh-tensix -Winvalid-pch -Wno-error=invalid-pch -I. -I.. -I/opt/tt-metal/ -I/opt/tt-metal/ttnn -I/opt/tt-metal/ttnn/cpp -I/opt/tt-metal/tt_metal -I/opt/tt-metal/tt_metal/hw/inc -I/opt/tt-metal/tt_metal/tt-llk/common -I/opt/tt-metal/tt_metal/tt-llk/tools/include -I/opt/tt-metal/tt_metal/hostdevcommon/api -I/opt/tt-metal/tt_metal/api/ -I/opt/tt-metal/runtime/sfpi/include -I/opt/tt-metal/tt_metal/hw/ckernels/blackhole/metal/common -I/opt/tt-metal/tt_metal/hw/ckernels/blackhole/metal/llk_io -I/opt/tt-metal/tt_metal/hw/inc/internal/tt-1xx -I/opt/tt-metal/tt_metal/hw/inc/internal/tt-1xx/blackhole -I/opt/tt-metal/tt_metal/hw/inc/internal/tt-1xx/blackhole/blackhole_defines -I/opt/tt-metal/tt_metal/hw/inc/internal/tt-1xx/blackhole/noc -I/opt/tt-metal/tt_metal/tt-llk/tt_llk_blackhole/common/inc -I/opt/tt-metal/tt_metal/tt-llk/tt_llk_blackhole/llk_lib -I/opt/tt-metal/tt_metal/tt-llk/tt_llk_blackhole/llk_lib/hal -I/opt/tt-metal/tt_metal/hw/ckernels/blackhole/metal/llk_api -I/opt/tt-metal/tt_metal/hw/ckernels/blackhole/metal/llk_api/llk_sfpu -I/opt/tt-metal/tt_metal/hw/firmware/src/tt-1xx -I/opt/tt-metal/models/experimental/pi0/tt/megakernel/kernels_p2 -include /sp/ttcache_prof/tt-metal-cache/pch/e13a6eedc934b130/pch.h -DIS_NOT_POW2_NUM_L1_BANKS=1 -DLOG_BASE_2_OF_NUM_DRAM_BANKS=3 -DNUM_DRAM_BANKS=8 -DNUM_L1_BANKS=110 -DPCIE_NOC_X=19 -DPCIE_NOC_Y=24 -DTENSIX_FIRMWARE -DLOCAL_MEM_EN=0 -DPROFILE_KERNEL=1 -DPROFILER_FULL_HOST_BUFFER_SIZE_PER_RISC=768000 -DPROCESSOR_INDEX=4 -DUCK_CHLKC_PACK -DCOMPILE_FOR_TRISC=2 -DPROGRAMMABLE_CORE_TYPE=0 -DARCH_BLACKHOLE -DDISPATCH_MESSAGE_ADDR=4290184248 -DKERNEL_BUILD -DFULL_KERNEL_NAME="whole_trisc/5132982344715303896/" -DKERNEL_COMPILE_TIME_ARGS=1,29,5,6,897988541,0,1088,2,2048,0,2048,0,2048,0,2048,2,2048,2,2048,28,25,7,1,32,897988541,897988541,1110770931,972160,2,4,108,2,4096,0,1088 -c -o /sp/ttcache_prof/tt-metal-cache8908659371042919221/kernels/whole_trisc/5132982344715303896/trisc2/trisck.2475656884148353978_1.o /opt/tt-metal/tt_metal/hw/firmware/src/tt-1xx/trisck.cc -MF /sp/ttcache_prof/tt-metal-cache8908659371042919221/kernels/whole_trisc/5132982344715303896/trisc2/trisck.2475656884148353978_1.d
In file included from /opt/tt-metal/tt_metal/hw/ckernels/blackhole/metal/llk_io/llk_io_pack.h:14,
                 from /opt/tt-metal/tt_metal/hw/inc/api/compute/compute_kernel_api.h:73,
                 from /opt/tt-metal/models/experimental/pi0/tt/megakernel/kernels_p2/../kernels/mk_trisc.cpp:22,
                 from /opt/tt-metal/models/experimental/pi0/tt/megakernel/kernels_p2/whole_trisc.cpp:12,
                 from ../chlkc_pack.cpp:4,
                 from /opt/tt-metal/tt_metal/hw/ckernels/blackhole/metal/common/chlkc_list.h:21,
                 from /opt/tt-metal/tt_metal/hw/firmware/src/tt-1xx/trisck.cc:14:
/opt/tt-metal/tt_metal/hw/ckernels/blackhole/metal/llk_io/llk_io_pack.h: In function 'void llk_wait_for_free_tiles(int32_t, int32_t)':
/opt/tt-metal/tt_metal/tools/profiler/kernel_profiler.hpp:32:22: note: '#pragma message: CB-COMPUTE-RESERVE-BACK,/opt/tt-metal/tt_metal/hw/ckernels/blackhole/metal/llk_io/llk_io_pack.h,21,KERNEL_PROFILER'
   32 | #define DO_PRAGMA(x) _Pragma(#x)
      |                      ^~~~~~~
/opt/tt-metal/tt_metal/tools/profiler/kernel_profiler.hpp:1057:5: note: in expansion of macro 'DO_PRAGMA'
 1057 |     DO_PRAGMA(message(PROFILER_MSG_NAME(name)));                               \
      |     ^~~~~~~~~
/opt/tt-metal/tt_metal/hw/ckernels/blackhole/metal/llk_io/llk_io_pack.h:21:5: note: in expansion of macro 'DeviceZoneScopedSumN2'
   21 |     DeviceZoneScopedSumN2("CB-COMPUTE-RESERVE-BACK");
      |     ^~~~~~~~~~~~~~~~~~~~~
/opt/tt-metal/tt_metal/hw/firmware/src/tt-1xx/trisck.cc: In function 'uint32_t _start()':
/opt/tt-metal/tt_metal/tools/profiler/kernel_profiler.hpp:32:22: note: '#pragma message: TRISC-KERNEL,/opt/tt-metal/tt_metal/hw/firmware/src/tt-1xx/trisck.cc,89,KERNEL_PROFILER'
   32 | #define DO_PRAGMA(x) _Pragma(#x)
      |                      ^~~~~~~
/opt/tt-metal/tt_metal/tools/profiler/kernel_profiler.hpp:1047:5: note: in expansion of macro 'DO_PRAGMA'
 1047 |     DO_PRAGMA(message(PROFILER_MSG_NAME(name)));                               \
      |     ^~~~~~~~~
/opt/tt-metal/tt_metal/hw/firmware/src/tt-1xx/trisck.cc:89:5: note: in expansion of macro 'DeviceZoneScopedMainChildN'
   89 |     DeviceZoneScopedMainChildN("TRISC-KERNEL");
      |     ^~~~~~~~~~~~~~~~~~~~~~~~~~
Building trisc0, compile step:
/opt/tt-metal/runtime/sfpi/compiler/bin/riscv-tt-elf-g++ -O3 -std=c++17 -ftt-nttp -ftt-constinit -ftt-consteval -ftt-no-dyninit -flto=1 -flto-partition=one -ffast-math -fno-finite-math-only -fsigned-zeros -fno-associative-math -fno-exceptions -fno-rtti -fno-use-cxa-atexit -g -MMD -Wall -Werror -Wno-error=deprecated-declarations -Wno-error=multistatement-macros -Wno-error=parentheses -Wno-error=unused-but-set-variable -Wno-unused-variable -Wno-unused-function --param=min-pagesize=0 -mcpu=tt-bh-tensix -Winvalid-pch -Wno-error=invalid-pch -I. -I.. -I/opt/tt-metal/ -I/opt/tt-metal/ttnn -I/opt/tt-metal/ttnn/cpp -I/opt/tt-metal/tt_metal -I/opt/tt-metal/tt_metal/hw/inc -I/opt/tt-metal/tt_metal/tt-llk/common -I/opt/tt-metal/tt_metal/tt-llk/tools/include -I/opt/tt-metal/tt_metal/hostdevcommon/api -I/opt/tt-metal/tt_metal/api/ -I/opt/tt-metal/runtime/sfpi/include -I/opt/tt-metal/tt_metal/hw/ckernels/blackhole/metal/common -I/opt/tt-metal/tt_metal/hw/ckernels/blackhole/metal/llk_io -I/opt/tt-metal/tt_metal/hw/inc/internal/tt-1xx -I/opt/tt-metal/tt_metal/hw/inc/internal/tt-1xx/blackhole -I/opt/tt-metal/tt_metal/hw/inc/internal/tt-1xx/blackhole/blackhole_defines -I/opt/tt-metal/tt_metal/hw/inc/internal/tt-1xx/blackhole/noc -I/opt/tt-metal/tt_metal/tt-llk/tt_llk_blackhole/common/inc -I/opt/tt-metal/tt_metal/tt-llk/tt_llk_blackhole/llk_lib -I/opt/tt-metal/tt_metal/tt-llk/tt_llk_blackhole/llk_lib/hal -I/opt/tt-metal/tt_metal/hw/ckernels/blackhole/metal/llk_api -I/opt/tt-metal/tt_metal/hw/ckernels/blackhole/metal/llk_api/llk_sfpu -I/opt/tt-metal/tt_metal/hw/firmware/src/tt-1xx -I/opt/tt-metal/models/experimental/pi0/tt/megakernel/kernels_p2 -include /sp/ttcache_prof/tt-metal-cache/pch/e13a6eedc934b130/pch.h -DIS_NOT_POW2_NUM_L1_BANKS=1 -DLOG_BASE_2_OF_NUM_DRAM_BANKS=3 -DNUM_DRAM_BANKS=8 -DNUM_L1_BANKS=110 -DPCIE_NOC_X=19 -DPCIE_NOC_Y=24 -DTENSIX_FIRMWARE -DLOCAL_MEM_EN=0 -DPROFILE_KERNEL=1 -DPROFILER_FULL_HOST_BUFFER_SIZE_PER_RISC=768000 -DPROCESSOR_INDEX=2 -DUCK_CHLKC_UNPACK -DCOMPILE_FOR_TRISC=0 -DPROGRAMMABLE_CORE_TYPE=0 -DARCH_BLACKHOLE -DDISPATCH_MESSAGE_ADDR=4290184248 -DKERNEL_BUILD -DFULL_KERNEL_NAME="whole_trisc/5132982344715303896/" -DKERNEL_COMPILE_TIME_ARGS=1,29,5,6,897988541,0,1088,2,2048,0,2048,0,2048,0,2048,2,2048,2,2048,28,25,7,1,32,897988541,897988541,1110770931,972160,2,4,108,2,4096,0,1088 -c -o /sp/ttcache_prof/tt-metal-cache8908659371042919221/kernels/whole_trisc/5132982344715303896/trisc0/trisck.2475656884148353978_1.o /opt/tt-metal/tt_metal/hw/firmware/src/tt-1xx/trisck.cc -MF /sp/ttcache_prof/tt-metal-cache8908659371042919221/kernels/whole_trisc/5132982344715303896/trisc0/trisck.2475656884148353978_1.d
In file included from /opt/tt-metal/tt_metal/hw/ckernels/blackhole/metal/llk_io/llk_io_unpack.h:13,
                 from /opt/tt-metal/tt_metal/hw/inc/api/compute/compute_kernel_api.h:98,
                 from /opt/tt-metal/models/experimental/pi0/tt/megakernel/kernels_p2/../kernels/mk_trisc.cpp:22,
                 from /opt/tt-metal/models/experimental/pi0/tt/megakernel/kernels_p2/whole_trisc.cpp:12,
                 from ../chlkc_unpack.cpp:4,
                 from /opt/tt-metal/tt_metal/hw/ckernels/blackhole/metal/common/chlkc_list.h:26,
                 from /opt/tt-metal/tt_metal/hw/firmware/src/tt-1xx/trisck.cc:14:
/opt/tt-metal/tt_metal/hw/ckernels/blackhole/metal/llk_io/llk_io_unpack.h: In function 'void llk_wait_tiles(int, int32_t)':
/opt/tt-metal/tt_metal/tools/profiler/kernel_profiler.hpp:32:22: note: '#pragma message: CB-COMPUTE-WAIT-FRONT,/opt/tt-metal/tt_metal/hw/ckernels/blackhole/metal/llk_io/llk_io_unpack.h,19,KERNEL_PROFILER'
   32 | #define DO_PRAGMA(x) _Pragma(#x)
      |                      ^~~~~~~
/opt/tt-metal/tt_metal/tools/profiler/kernel_profiler.hpp:1052:5: note: in expansion of macro 'DO_PRAGMA'
 1052 |     DO_PRAGMA(message(PROFILER_MSG_NAME(name)));                               \
      |     ^~~~~~~~~
/opt/tt-metal/tt_metal/hw/ckernels/blackhole/metal/llk_io/llk_io_unpack.h:19:5: note: in expansion of macro 'DeviceZoneScopedSumN1'
   19 |     DeviceZoneScopedSumN1("CB-COMPUTE-WAIT-FRONT");
      |     ^~~~~~~~~~~~~~~~~~~~~
/opt/tt-metal/tt_metal/hw/firmware/src/tt-1xx/trisck.cc: In function 'uint32_t _start()':
/opt/tt-metal/tt_metal/tools/profiler/kernel_profiler.hpp:32:22: note: '#pragma message: TRISC-KERNEL,/opt/tt-metal/tt_metal/hw/firmware/src/tt-1xx/trisck.cc,89,KERNEL_PROFILER'
   32 | #define DO_PRAGMA(x) _Pragma(#x)
      |                      ^~~~~~~
/opt/tt-metal/tt_metal/tools/profiler/kernel_profiler.hpp:1047:5: note: in expansion of macro 'DO_PRAGMA'
 1047 |     DO_PRAGMA(message(PROFILER_MSG_NAME(name)));                               \
      |     ^~~~~~~~~
/opt/tt-metal/tt_metal/hw/firmware/src/tt-1xx/trisck.cc:89:5: note: in expansion of macro 'DeviceZoneScopedMainChildN'
   89 |     DeviceZoneScopedMainChildN("TRISC-KERNEL");
      |     ^~~~~~~~~~~~~~~~~~~~~~~~~~
Building trisc1, compile step:
/opt/tt-metal/runtime/sfpi/compiler/bin/riscv-tt-elf-g++ -O3 -std=c++17 -ftt-nttp -ftt-constinit -ftt-consteval -ftt-no-dyninit -flto=1 -flto-partition=one -ffast-math -fno-finite-math-only -fsigned-zeros -fno-associative-math -fno-exceptions -fno-rtti -fno-use-cxa-atexit -g -MMD -Wall -Werror -Wno-error=deprecated-declarations -Wno-error=multistatement-macros -Wno-error=parentheses -Wno-error=unused-but-set-variable -Wno-unused-variable -Wno-unused-function --param=min-pagesize=0 -mcpu=tt-bh-tensix -Winvalid-pch -Wno-error=invalid-pch -I. -I.. -I/opt/tt-metal/ -I/opt/tt-metal/ttnn -I/opt/tt-metal/ttnn/cpp -I/opt/tt-metal/tt_metal -I/opt/tt-metal/tt_metal/hw/inc -I/opt/tt-metal/tt_metal/tt-llk/common -I/opt/tt-metal/tt_metal/tt-llk/tools/include -I/opt/tt-metal/tt_metal/hostdevcommon/api -I/opt/tt-metal/tt_metal/api/ -I/opt/tt-metal/runtime/sfpi/include -I/opt/tt-metal/tt_metal/hw/ckernels/blackhole/metal/common -I/opt/tt-metal/tt_metal/hw/ckernels/blackhole/metal/llk_io -I/opt/tt-metal/tt_metal/hw/inc/internal/tt-1xx -I/opt/tt-metal/tt_metal/hw/inc/internal/tt-1xx/blackhole -I/opt/tt-metal/tt_metal/hw/inc/internal/tt-1xx/blackhole/blackhole_defines -I/opt/tt-metal/tt_metal/hw/inc/internal/tt-1xx/blackhole/noc -I/opt/tt-metal/tt_metal/tt-llk/tt_llk_blackhole/common/inc -I/opt/tt-metal/tt_metal/tt-llk/tt_llk_blackhole/llk_lib -I/opt/tt-metal/tt_metal/tt-llk/tt_llk_blackhole/llk_lib/hal -I/opt/tt-metal/tt_metal/hw/ckernels/blackhole/metal/llk_api -I/opt/tt-metal/tt_metal/hw/ckernels/blackhole/metal/llk_api/llk_sfpu -I/opt/tt-metal/tt_metal/hw/firmware/src/tt-1xx -I/opt/tt-metal/models/experimental/pi0/tt/megakernel/kernels_p2 -include /sp/ttcache_prof/tt-metal-cache/pch/e13a6eedc934b130/pch.h -DIS_NOT_POW2_NUM_L1_BANKS=1 -DLOG_BASE_2_OF_NUM_DRAM_BANKS=3 -DNUM_DRAM_BANKS=8 -DNUM_L1_BANKS=110 -DPCIE_NOC_X=19 -DPCIE_NOC_Y=24 -DTENSIX_FIRMWARE -DLOCAL_MEM_EN=0 -DPROFILE_KERNEL=1 -DPROFILER_FULL_HOST_BUFFER_SIZE_PER_RISC=768000 -DPROCESSOR_INDEX=3 -DUCK_CHLKC_MATH -DCOMPILE_FOR_TRISC=1 -DPROGRAMMABLE_CORE_TYPE=0 -DARCH_BLACKHOLE -DDISPATCH_MESSAGE_ADDR=4290184248 -DKERNEL_BUILD -DFULL_KERNEL_NAME="whole_trisc/5132982344715303896/" -DKERNEL_COMPILE_TIME_ARGS=1,29,5,6,897988541,0,1088,2,2048,0,2048,0,2048,0,2048,2,2048,2,2048,28,25,7,1,32,897988541,897988541,1110770931,972160,2,4,108,2,4096,0,1088 -c -o /sp/ttcache_prof/tt-metal-cache8908659371042919221/kernels/whole_trisc/5132982344715303896/trisc1/trisck.2475656884148353978_1.o /opt/tt-metal/tt_metal/hw/firmware/src/tt-1xx/trisck.cc -MF /sp/ttcache_prof/tt-metal-cache8908659371042919221/kernels/whole_trisc/5132982344715303896/trisc1/trisck.2475656884148353978_1.d
In file included from /opt/tt-metal/tt_metal/hw/firmware/src/tt-1xx/trisck.cc:16:
/opt/tt-metal/tt_metal/hw/firmware/src/tt-1xx/trisck.cc: In function 'uint32_t _start()':
/opt/tt-metal/tt_metal/tools/profiler/kernel_profiler.hpp:32:22: note: '#pragma message: TRISC-KERNEL,/opt/tt-metal/tt_metal/hw/firmware/src/tt-1xx/trisck.cc,89,KERNEL_PROFILER'
   32 | #define DO_PRAGMA(x) _Pragma(#x)
      |                      ^~~~~~~
/opt/tt-metal/tt_metal/tools/profiler/kernel_profiler.hpp:1047:5: note: in expansion of macro 'DO_PRAGMA'
 1047 |     DO_PRAGMA(message(PROFILER_MSG_NAME(name)));                               \
      |     ^~~~~~~~~
/opt/tt-metal/tt_metal/hw/firmware/src/tt-1xx/trisck.cc:89:5: note: in expansion of macro 'DeviceZoneScopedMainChildN'
   89 |     DeviceZoneScopedMainChildN("TRISC-KERNEL");
      |     ^~~~~~~~~~~~~~~~~~~~~~~~~~
Building ncrisc, compile step:
/opt/tt-metal/runtime/sfpi/compiler/bin/riscv-tt-elf-g++ -O2 -std=c++17 -ftt-nttp -ftt-constinit -ftt-consteval -ftt-no-dyninit -flto=1 -flto-partition=one -ffast-math -fno-finite-math-only -fsigned-zeros -fno-associative-math -fno-exceptions -fno-rtti -fno-use-cxa-atexit -g -MMD -Wall -Werror -Wno-error=deprecated-declarations -Wno-error=multistatement-macros -Wno-error=parentheses -Wno-error=unused-but-set-variable -Wno-unused-variable -Wno-unused-function --param=min-pagesize=0 -mcpu=tt-bh -fno-tree-loop-distribute-patterns -Winvalid-pch -Wno-error=invalid-pch -I. -I.. -I/opt/tt-metal/ -I/opt/tt-metal/ttnn -I/opt/tt-metal/ttnn/cpp -I/opt/tt-metal/tt_metal -I/opt/tt-metal/tt_metal/hw/inc -I/opt/tt-metal/tt_metal/tt-llk/common -I/opt/tt-metal/tt_metal/tt-llk/tools/include -I/opt/tt-metal/tt_metal/hostdevcommon/api -I/opt/tt-metal/tt_metal/api/ -I/opt/tt-metal/tt_metal/hw/ckernels/blackhole/metal/common -I/opt/tt-metal/tt_metal/hw/ckernels/blackhole/metal/llk_io -I/opt/tt-metal/tt_metal/hw/inc/internal/tt-1xx -I/opt/tt-metal/tt_metal/hw/inc/internal/tt-1xx/blackhole -I/opt/tt-metal/tt_metal/hw/inc/internal/tt-1xx/blackhole/blackhole_defines -I/opt/tt-metal/tt_metal/hw/inc/internal/tt-1xx/blackhole/noc -I/opt/tt-metal/tt_metal/tt-llk/tt_llk_blackhole/common/inc -I/opt/tt-metal/tt_metal/tt-llk/tt_llk_blackhole/llk_lib -I/opt/tt-metal/tt_metal/tt-llk/tt_llk_blackhole/llk_lib/hal -I/opt/tt-metal/tt_metal/hw/firmware/src/tt-1xx -I/opt/tt-metal/models/experimental/pi0/tt/megakernel/kernels_p2 -include /sp/ttcache_prof/tt-metal-cache/pch/1b9e28ac75b7aabf/pch.h -DIS_NOT_POW2_NUM_L1_BANKS=1 -DLOG_BASE_2_OF_NUM_DRAM_BANKS=3 -DNUM_DRAM_BANKS=8 -DNUM_L1_BANKS=110 -DPCIE_NOC_X=19 -DPCIE_NOC_Y=24 -DTENSIX_FIRMWARE -DLOCAL_MEM_EN=0 -DPROFILE_KERNEL=1 -DPROFILER_FULL_HOST_BUFFER_SIZE_PER_RISC=768000 -DPROCESSOR_INDEX=1 -DCOMPILE_FOR_NCRISC -DPROGRAMMABLE_CORE_TYPE=0 -DARCH_BLACKHOLE -DDISPATCH_MESSAGE_ADDR=4290184248 -DKERNEL_BUILD -DMK_FID8_HIFI2=1 -DPE_ATT_FID=3 -DPE_ATT_FLAT=2 -DPE_CT0=19 -DPE_MM_FID=3 -DPE_NO_EXPERT=1 -DNOC_INDEX=0 -DNOC_MODE=0 -DFULL_KERNEL_NAME="whole_ncrisc/12337927986237354663/" -DKERNEL_COMPILE_TIME_ARGS=1,29,5,6,897988541,0,1088,2,2048,0,2048,0,2048,0,2048,2,2048,2,2048,28,25,7,1,32,897988541,897988541,1110770931,648320,1,4,108,2,4096,0,1088 -c -o /sp/ttcache_prof/tt-metal-cache8908659371042919221/kernels/whole_ncrisc/12337927986237354663/ncrisc/ncrisck.2475656884148353978_1.o /opt/tt-metal/tt_metal/hw/firmware/src/tt-1xx/ncrisck.cc -MF /sp/ttcache_prof/tt-metal-cache8908659371042919221/kernels/whole_ncrisc/12337927986237354663/ncrisc/ncrisck.2475656884148353978_1.d
In file included from /opt/tt-metal/tt_metal/hw/inc/api/dataflow/dataflow_api.h:24,
                 from /opt/tt-metal/tt_metal/hw/inc/internal/firmware_common.h:23,
                 from /opt/tt-metal/tt_metal/hw/firmware/src/tt-1xx/ncrisck.cc:17:
/opt/tt-metal/tt_metal/tools/profiler/kernel_profiler.hpp: In function 'void kernel_profiler::quick_push()':
/opt/tt-metal/tt_metal/tools/profiler/kernel_profiler.hpp:32:22: note: '#pragma message: PROFILER-NOC-QUICK-PUSH,/opt/tt-metal/tt_metal/tools/profiler/kernel_profiler.hpp,633,KERNEL_PROFILER'
   32 | #define DO_PRAGMA(x) _Pragma(#x)
      |                      ^~~~~~~
/opt/tt-metal/tt_metal/tools/profiler/kernel_profiler.hpp:42:5: note: in expansion of macro 'DO_PRAGMA'
   42 |     DO_PRAGMA(message(PROFILER_MSG_NAME(name))); \
      |     ^~~~~~~~~
/opt/tt-metal/tt_metal/tools/profiler/kernel_profiler.hpp:633:5: note: in expansion of macro 'SrcLocNameToHash'
  633 |     SrcLocNameToHash("PROFILER-NOC-QUICK-PUSH");
      |     ^~~~~~~~~~~~~~~~
/opt/tt-metal/tt_metal/hw/firmware/src/tt-1xx/ncrisck.cc: In function 'uint32_t _start()':
/opt/tt-metal/tt_metal/tools/profiler/kernel_profiler.hpp:32:22: note: '#pragma message: NCRISC-KERNEL,/opt/tt-metal/tt_metal/hw/firmware/src/tt-1xx/ncrisck.cc,70,KERNEL_PROFILER'
   32 | #define DO_PRAGMA(x) _Pragma(#x)
      |                      ^~~~~~~
/opt/tt-metal/tt_metal/tools/profiler/kernel_profiler.hpp:1047:5: note: in expansion of macro 'DO_PRAGMA'
 1047 |     DO_PRAGMA(message(PROFILER_MSG_NAME(name)));                               \
      |     ^~~~~~~~~
/opt/tt-metal/tt_metal/hw/firmware/src/tt-1xx/ncrisck.cc:70:5: note: in expansion of macro 'DeviceZoneScopedMainChildN'
   70 |     DeviceZoneScopedMainChildN("NCRISC-KERNEL");
      |     ^~~~~~~~~~~~~~~~~~~~~~~~~~
Building brisc, compile step:
/opt/tt-metal/runtime/sfpi/compiler/bin/riscv-tt-elf-g++ -O2 -std=c++17 -ftt-nttp -ftt-constinit -ftt-consteval -ftt-no-dyninit -flto=1 -flto-partition=one -ffast-math -fno-finite-math-only -fsigned-zeros -fno-associative-math -fno-exceptions -fno-rtti -fno-use-cxa-atexit -g -MMD -Wall -Werror -Wno-error=deprecated-declarations -Wno-error=multistatement-macros -Wno-error=parentheses -Wno-error=unused-but-set-variable -Wno-unused-variable -Wno-unused-function --param=min-pagesize=0 -mcpu=tt-bh -fno-tree-loop-distribute-patterns -Winvalid-pch -Wno-error=invalid-pch -I. -I.. -I/opt/tt-metal/ -I/opt/tt-metal/ttnn -I/opt/tt-metal/ttnn/cpp -I/opt/tt-metal/tt_metal -I/opt/tt-metal/tt_metal/hw/inc -I/opt/tt-metal/tt_metal/tt-llk/common -I/opt/tt-metal/tt_metal/tt-llk/tools/include -I/opt/tt-metal/tt_metal/hostdevcommon/api -I/opt/tt-metal/tt_metal/api/ -I/opt/tt-metal/tt_metal/hw/ckernels/blackhole/metal/common -I/opt/tt-metal/tt_metal/hw/ckernels/blackhole/metal/llk_io -I/opt/tt-metal/tt_metal/hw/inc/internal/tt-1xx -I/opt/tt-metal/tt_metal/hw/inc/internal/tt-1xx/blackhole -I/opt/tt-metal/tt_metal/hw/inc/internal/tt-1xx/blackhole/blackhole_defines -I/opt/tt-metal/tt_metal/hw/inc/internal/tt-1xx/blackhole/noc -I/opt/tt-metal/tt_metal/tt-llk/tt_llk_blackhole/common/inc -I/opt/tt-metal/tt_metal/tt-llk/tt_llk_blackhole/llk_lib -I/opt/tt-metal/tt_metal/tt-llk/tt_llk_blackhole/llk_lib/hal -I/opt/tt-metal/tt_metal/hw/firmware/src/tt-1xx -I/opt/tt-metal/models/experimental/pi0/tt/megakernel/kernels_p2 -include /sp/ttcache_prof/tt-metal-cache/pch/1b9e28ac75b7aabf/pch.h -DIS_NOT_POW2_NUM_L1_BANKS=1 -DLOG_BASE_2_OF_NUM_DRAM_BANKS=3 -DNUM_DRAM_BANKS=8 -DNUM_L1_BANKS=110 -DPCIE_NOC_X=19 -DPCIE_NOC_Y=24 -DTENSIX_FIRMWARE -DLOCAL_MEM_EN=0 -DPROFILE_KERNEL=1 -DPROFILER_FULL_HOST_BUFFER_SIZE_PER_RISC=768000 -DPROCESSOR_INDEX=0 -DCOMPILE_FOR_BRISC -DPROGRAMMABLE_CORE_TYPE=0 -DARCH_BLACKHOLE -DDISPATCH_MESSAGE_ADDR=4290184248 -DKERNEL_BUILD -DMK_FID8_HIFI2=1 -DPE_ATT_FID=3 -DPE_ATT_FLAT=2 -DPE_CT0=19 -DPE_MM_FID=3 -DPE_NO_EXPERT=1 -DNOC_INDEX=1 -DNOC_MODE=0 -DFULL_KERNEL_NAME="whole_brisc/8317407842252222920/" -DKERNEL_COMPILE_TIME_ARGS=1,29,5,6,897988541,0,1088,2,2048,0,2048,0,2048,0,2048,2,2048,2,2048,28,25,7,1,32,897988541,897988541,1110770931,648320,1,4,108,2,4096,0,1088 -c -o /sp/ttcache_prof/tt-metal-cache8908659371042919221/kernels/whole_brisc/8317407842252222920/brisc/brisck.2475656884148353978_1.o /opt/tt-metal/tt_metal/hw/firmware/src/tt-1xx/brisck.cc -MF /sp/ttcache_prof/tt-metal-cache8908659371042919221/kernels/whole_brisc/8317407842252222920/brisc/brisck.2475656884148353978_1.d
In file included from /opt/tt-metal/tt_metal/hw/inc/api/dataflow/dataflow_api.h:24,
                 from /opt/tt-metal/tt_metal/hw/inc/internal/firmware_common.h:23,
                 from /opt/tt-metal/tt_metal/hw/firmware/src/tt-1xx/brisck.cc:16:
/opt/tt-metal/tt_metal/tools/profiler/kernel_profiler.hpp: In function 'void kernel_profiler::finish_profiler(bool)':
/opt/tt-metal/tt_metal/tools/profiler/kernel_profiler.hpp:32:22: note: '#pragma message: PROFILER-NOC-FLUSH,/opt/tt-metal/tt_metal/tools/profiler/kernel_profiler.hpp,481,KERNEL_PROFILER'
   32 | #define DO_PRAGMA(x) _Pragma(#x)
      |                      ^~~~~~~
/opt/tt-metal/tt_metal/tools/profiler/kernel_profiler.hpp:42:5: note: in expansion of macro 'DO_PRAGMA'
   42 |     DO_PRAGMA(message(PROFILER_MSG_NAME(name))); \
      |     ^~~~~~~~~
/opt/tt-metal/tt_metal/tools/profiler/kernel_profiler.hpp:481:17: note: in expansion of macro 'SrcLocNameToHash'
  481 |                 SrcLocNameToHash("PROFILER-NOC-FLUSH");
      |                 ^~~~~~~~~~~~~~~~
/opt/tt-metal/tt_metal/tools/profiler/kernel_profiler.hpp:32:22: note: '#pragma message: PROFILER-DRAM-PUSH,/opt/tt-metal/tt_metal/tools/profiler/kernel_profiler.hpp,490,KERNEL_PROFILER'
   32 | #define DO_PRAGMA(x) _Pragma(#x)
      |                      ^~~~~~~
/opt/tt-metal/tt_metal/tools/profiler/kernel_profiler.hpp:42:5: note: in expansion of macro 'DO_PRAGMA'
   42 |     DO_PRAGMA(message(PROFILER_MSG_NAME(name))); \
      |     ^~~~~~~~~
/opt/tt-metal/tt_metal/tools/profiler/kernel_profiler.hpp:490:17: note: in expansion of macro 'SrcLocNameToHash'
  490 |                 SrcLocNameToHash("PROFILER-DRAM-PUSH");
      |                 ^~~~~~~~~~~~~~~~
/opt/tt-metal/tt_metal/tools/profiler/kernel_profiler.hpp: In function 'void kernel_profiler::quick_push()':
/opt/tt-metal/tt_metal/tools/profiler/kernel_profiler.hpp:32:22: note: '#pragma message: PROFILER-NOC-QUICK-PUSH,/opt/tt-metal/tt_metal/tools/profiler/kernel_profiler.hpp,633,KERNEL_PROFILER'
   32 | #define DO_PRAGMA(x) _Pragma(#x)
      |                      ^~~~~~~
/opt/tt-metal/tt_metal/tools/profiler/kernel_profiler.hpp:42:5: note: in expansion of macro 'DO_PRAGMA'
   42 |     DO_PRAGMA(message(PROFILER_MSG_NAME(name))); \
      |     ^~~~~~~~~
/opt/tt-metal/tt_metal/tools/profiler/kernel_profiler.hpp:633:5: note: in expansion of macro 'SrcLocNameToHash'
  633 |     SrcLocNameToHash("PROFILER-NOC-QUICK-PUSH");
      |     ^~~~~~~~~~~~~~~~
/opt/tt-metal/tt_metal/hw/firmware/src/tt-1xx/brisck.cc: In function 'uint32_t _start()':
/opt/tt-metal/tt_metal/tools/profiler/kernel_profiler.hpp:32:22: note: '#pragma message: BRISC-KERNEL,/opt/tt-metal/tt_metal/hw/firmware/src/tt-1xx/brisck.cc,77,KERNEL_PROFILER'
   32 | #define DO_PRAGMA(x) _Pragma(#x)
      |                      ^~~~~~~
/opt/tt-metal/tt_metal/tools/profiler/kernel_profiler.hpp:1047:5: note: in expansion of macro 'DO_PRAGMA'
 1047 |     DO_PRAGMA(message(PROFILER_MSG_NAME(name)));                               \
      |     ^~~~~~~~~
/opt/tt-metal/tt_metal/hw/firmware/src/tt-1xx/brisck.cc:77:9: note: in expansion of macro 'DeviceZoneScopedMainChildN'
   77 |         DeviceZoneScopedMainChildN("BRISC-KERNEL");
      |         ^~~~~~~~~~~~~~~~~~~~~~~~~~
Building trisc2, compile step:
/opt/tt-metal/runtime/sfpi/compiler/bin/riscv-tt-elf-g++ -O3 -std=c++17 -ftt-nttp -ftt-constinit -ftt-consteval -ftt-no-dyninit -flto=1 -flto-partition=one -ffast-math -fno-finite-math-only -fsigned-zeros -fno-associative-math -fno-exceptions -fno-rtti -fno-use-cxa-atexit -g -MMD -Wall -Werror -Wno-error=deprecated-declarations -Wno-error=multistatement-macros -Wno-error=parentheses -Wno-error=unused-but-set-variable -Wno-unused-variable -Wno-unused-function --param=min-pagesize=0 -mcpu=tt-bh-tensix -Winvalid-pch -Wno-error=invalid-pch -I. -I.. -I/opt/tt-metal/ -I/opt/tt-metal/ttnn -I/opt/tt-metal/ttnn/cpp -I/opt/tt-metal/tt_metal -I/opt/tt-metal/tt_metal/hw/inc -I/opt/tt-metal/tt_metal/tt-llk/common -I/opt/tt-metal/tt_metal/tt-llk/tools/include -I/opt/tt-metal/tt_metal/hostdevcommon/api -I/opt/tt-metal/tt_metal/api/ -I/opt/tt-metal/runtime/sfpi/include -I/opt/tt-metal/tt_metal/hw/ckernels/blackhole/metal/common -I/opt/tt-metal/tt_metal/hw/ckernels/blackhole/metal/llk_io -I/opt/tt-metal/tt_metal/hw/inc/internal/tt-1xx -I/opt/tt-metal/tt_metal/hw/inc/internal/tt-1xx/blackhole -I/opt/tt-metal/tt_metal/hw/inc/internal/tt-1xx/blackhole/blackhole_defines -I/opt/tt-metal/tt_metal/hw/inc/internal/tt-1xx/blackhole/noc -I/opt/tt-metal/tt_metal/tt-llk/tt_llk_blackhole/common/inc -I/opt/tt-metal/tt_metal/tt-llk/tt_llk_blackhole/llk_lib -I/opt/tt-metal/tt_metal/tt-llk/tt_llk_blackhole/llk_lib/hal -I/opt/tt-metal/tt_metal/hw/ckernels/blackhole/metal/llk_api -I/opt/tt-metal/tt_metal/hw/ckernels/blackhole/metal/llk_api/llk_sfpu -I/opt/tt-metal/tt_metal/hw/firmware/src/tt-1xx -I/opt/tt-metal/models/experimental/pi0/tt/megakernel/kernels_p2 -include /sp/ttcache_prof/tt-metal-cache/pch/e13a6eedc934b130/pch.h -DIS_NOT_POW2_NUM_L1_BANKS=1 -DLOG_BASE_2_OF_NUM_DRAM_BANKS=3 -DNUM_DRAM_BANKS=8 -DNUM_L1_BANKS=110 -DPCIE_NOC_X=19 -DPCIE_NOC_Y=24 -DTENSIX_FIRMWARE -DLOCAL_MEM_EN=0 -DPROFILE_KERNEL=1 -DPROFILER_FULL_HOST_BUFFER_SIZE_PER_RISC=768000 -DPROCESSOR_INDEX=4 -DUCK_CHLKC_PACK -DCOMPILE_FOR_TRISC=2 -DPROGRAMMABLE_CORE_TYPE=0 -DARCH_BLACKHOLE -DDISPATCH_MESSAGE_ADDR=4290184248 -DKERNEL_BUILD -DFULL_KERNEL_NAME="whole_trisc/11019292409675374961/" -DKERNEL_COMPILE_TIME_ARGS=1,29,5,6,897988541,0,1088,2,2048,0,2048,0,2048,0,2048,2,2048,2,2048,28,25,7,1,32,897988541,897988541,1110770931,648320,1,4,108,2,4096,0,1088 -c -o /sp/ttcache_prof/tt-metal-cache8908659371042919221/kernels/whole_trisc/11019292409675374961/trisc2/trisck.2475656884148353978_1.o /opt/tt-metal/tt_metal/hw/firmware/src/tt-1xx/trisck.cc -MF /sp/ttcache_prof/tt-metal-cache8908659371042919221/kernels/whole_trisc/11019292409675374961/trisc2/trisck.2475656884148353978_1.d
In file included from /opt/tt-metal/tt_metal/hw/ckernels/blackhole/metal/llk_io/llk_io_pack.h:14,
                 from /opt/tt-metal/tt_metal/hw/inc/api/compute/compute_kernel_api.h:73,
                 from /opt/tt-metal/models/experimental/pi0/tt/megakernel/kernels_p2/../kernels/mk_trisc.cpp:22,
                 from /opt/tt-metal/models/experimental/pi0/tt/megakernel/kernels_p2/whole_trisc.cpp:12,
                 from ../chlkc_pack.cpp:4,
                 from /opt/tt-metal/tt_metal/hw/ckernels/blackhole/metal/common/chlkc_list.h:21,
                 from /opt/tt-metal/tt_metal/hw/firmware/src/tt-1xx/trisck.cc:14:
/opt/tt-metal/tt_metal/hw/ckernels/blackhole/metal/llk_io/llk_io_pack.h: In function 'void llk_wait_for_free_tiles(int32_t, int32_t)':
/opt/tt-metal/tt_metal/tools/profiler/kernel_profiler.hpp:32:22: note: '#pragma message: CB-COMPUTE-RESERVE-BACK,/opt/tt-metal/tt_metal/hw/ckernels/blackhole/metal/llk_io/llk_io_pack.h,21,KERNEL_PROFILER'
   32 | #define DO_PRAGMA(x) _Pragma(#x)
      |                      ^~~~~~~
/opt/tt-metal/tt_metal/tools/profiler/kernel_profiler.hpp:1057:5: note: in expansion of macro 'DO_PRAGMA'
 1057 |     DO_PRAGMA(message(PROFILER_MSG_NAME(name)));                               \
      |     ^~~~~~~~~
/opt/tt-metal/tt_metal/hw/ckernels/blackhole/metal/llk_io/llk_io_pack.h:21:5: note: in expansion of macro 'DeviceZoneScopedSumN2'
   21 |     DeviceZoneScopedSumN2("CB-COMPUTE-RESERVE-BACK");
      |     ^~~~~~~~~~~~~~~~~~~~~
/opt/tt-metal/tt_metal/hw/firmware/src/tt-1xx/trisck.cc: In function 'uint32_t _start()':
/opt/tt-metal/tt_metal/tools/profiler/kernel_profiler.hpp:32:22: note: '#pragma message: TRISC-KERNEL,/opt/tt-metal/tt_metal/hw/firmware/src/tt-1xx/trisck.cc,89,KERNEL_PROFILER'
   32 | #define DO_PRAGMA(x) _Pragma(#x)
      |                      ^~~~~~~
/opt/tt-metal/tt_metal/tools/profiler/kernel_profiler.hpp:1047:5: note: in expansion of macro 'DO_PRAGMA'
 1047 |     DO_PRAGMA(message(PROFILER_MSG_NAME(name)));                               \
      |     ^~~~~~~~~
/opt/tt-metal/tt_metal/hw/firmware/src/tt-1xx/trisck.cc:89:5: note: in expansion of macro 'DeviceZoneScopedMainChildN'
   89 |     DeviceZoneScopedMainChildN("TRISC-KERNEL");
      |     ^~~~~~~~~~~~~~~~~~~~~~~~~~
Building trisc0, compile step:
/opt/tt-metal/runtime/sfpi/compiler/bin/riscv-tt-elf-g++ -O3 -std=c++17 -ftt-nttp -ftt-constinit -ftt-consteval -ftt-no-dyninit -flto=1 -flto-partition=one -ffast-math -fno-finite-math-only -fsigned-zeros -fno-associative-math -fno-exceptions -fno-rtti -fno-use-cxa-atexit -g -MMD -Wall -Werror -Wno-error=deprecated-declarations -Wno-error=multistatement-macros -Wno-error=parentheses -Wno-error=unused-but-set-variable -Wno-unused-variable -Wno-unused-function --param=min-pagesize=0 -mcpu=tt-bh-tensix -Winvalid-pch -Wno-error=invalid-pch -I. -I.. -I/opt/tt-metal/ -I/opt/tt-metal/ttnn -I/opt/tt-metal/ttnn/cpp -I/opt/tt-metal/tt_metal -I/opt/tt-metal/tt_metal/hw/inc -I/opt/tt-metal/tt_metal/tt-llk/common -I/opt/tt-metal/tt_metal/tt-llk/tools/include -I/opt/tt-metal/tt_metal/hostdevcommon/api -I/opt/tt-metal/tt_metal/api/ -I/opt/tt-metal/runtime/sfpi/include -I/opt/tt-metal/tt_metal/hw/ckernels/blackhole/metal/common -I/opt/tt-metal/tt_metal/hw/ckernels/blackhole/metal/llk_io -I/opt/tt-metal/tt_metal/hw/inc/internal/tt-1xx -I/opt/tt-metal/tt_metal/hw/inc/internal/tt-1xx/blackhole -I/opt/tt-metal/tt_metal/hw/inc/internal/tt-1xx/blackhole/blackhole_defines -I/opt/tt-metal/tt_metal/hw/inc/internal/tt-1xx/blackhole/noc -I/opt/tt-metal/tt_metal/tt-llk/tt_llk_blackhole/common/inc -I/opt/tt-metal/tt_metal/tt-llk/tt_llk_blackhole/llk_lib -I/opt/tt-metal/tt_metal/tt-llk/tt_llk_blackhole/llk_lib/hal -I/opt/tt-metal/tt_metal/hw/ckernels/blackhole/metal/llk_api -I/opt/tt-metal/tt_metal/hw/ckernels/blackhole/metal/llk_api/llk_sfpu -I/opt/tt-metal/tt_metal/hw/firmware/src/tt-1xx -I/opt/tt-metal/models/experimental/pi0/tt/megakernel/kernels_p2 -include /sp/ttcache_prof/tt-metal-cache/pch/e13a6eedc934b130/pch.h -DIS_NOT_POW2_NUM_L1_BANKS=1 -DLOG_BASE_2_OF_NUM_DRAM_BANKS=3 -DNUM_DRAM_BANKS=8 -DNUM_L1_BANKS=110 -DPCIE_NOC_X=19 -DPCIE_NOC_Y=24 -DTENSIX_FIRMWARE -DLOCAL_MEM_EN=0 -DPROFILE_KERNEL=1 -DPROFILER_FULL_HOST_BUFFER_SIZE_PER_RISC=768000 -DPROCESSOR_INDEX=2 -DUCK_CHLKC_UNPACK -DCOMPILE_FOR_TRISC=0 -DPROGRAMMABLE_CORE_TYPE=0 -DARCH_BLACKHOLE -DDISPATCH_MESSAGE_ADDR=4290184248 -DKERNEL_BUILD -DFULL_KERNEL_NAME="whole_trisc/11019292409675374961/" -DKERNEL_COMPILE_TIME_ARGS=1,29,5,6,897988541,0,1088,2,2048,0,2048,0,2048,0,2048,2,2048,2,2048,28,25,7,1,32,897988541,897988541,1110770931,648320,1,4,108,2,4096,0,1088 -c -o /sp/ttcache_prof/tt-metal-cache8908659371042919221/kernels/whole_trisc/11019292409675374961/trisc0/trisck.2475656884148353978_1.o /opt/tt-metal/tt_metal/hw/firmware/src/tt-1xx/trisck.cc -MF /sp/ttcache_prof/tt-metal-cache8908659371042919221/kernels/whole_trisc/11019292409675374961/trisc0/trisck.2475656884148353978_1.d
In file included from /opt/tt-metal/tt_metal/hw/ckernels/blackhole/metal/llk_io/llk_io_unpack.h:13,
                 from /opt/tt-metal/tt_metal/hw/inc/api/compute/compute_kernel_api.h:98,
                 from /opt/tt-metal/models/experimental/pi0/tt/megakernel/kernels_p2/../kernels/mk_trisc.cpp:22,
                 from /opt/tt-metal/models/experimental/pi0/tt/megakernel/kernels_p2/whole_trisc.cpp:12,
                 from ../chlkc_unpack.cpp:4,
                 from /opt/tt-metal/tt_metal/hw/ckernels/blackhole/metal/common/chlkc_list.h:26,
                 from /opt/tt-metal/tt_metal/hw/firmware/src/tt-1xx/trisck.cc:14:
/opt/tt-metal/tt_metal/hw/ckernels/blackhole/metal/llk_io/llk_io_unpack.h: In function 'void llk_wait_tiles(int, int32_t)':
/opt/tt-metal/tt_metal/tools/profiler/kernel_profiler.hpp:32:22: note: '#pragma message: CB-COMPUTE-WAIT-FRONT,/opt/tt-metal/tt_metal/hw/ckernels/blackhole/metal/llk_io/llk_io_unpack.h,19,KERNEL_PROFILER'
   32 | #define DO_PRAGMA(x) _Pragma(#x)
      |                      ^~~~~~~
/opt/tt-metal/tt_metal/tools/profiler/kernel_profiler.hpp:1052:5: note: in expansion of macro 'DO_PRAGMA'
 1052 |     DO_PRAGMA(message(PROFILER_MSG_NAME(name)));                               \
      |     ^~~~~~~~~
/opt/tt-metal/tt_metal/hw/ckernels/blackhole/metal/llk_io/llk_io_unpack.h:19:5: note: in expansion of macro 'DeviceZoneScopedSumN1'
   19 |     DeviceZoneScopedSumN1("CB-COMPUTE-WAIT-FRONT");
      |     ^~~~~~~~~~~~~~~~~~~~~
/opt/tt-metal/tt_metal/hw/firmware/src/tt-1xx/trisck.cc: In function 'uint32_t _start()':
/opt/tt-metal/tt_metal/tools/profiler/kernel_profiler.hpp:32:22: note: '#pragma message: TRISC-KERNEL,/opt/tt-metal/tt_metal/hw/firmware/src/tt-1xx/trisck.cc,89,KERNEL_PROFILER'
   32 | #define DO_PRAGMA(x) _Pragma(#x)
      |                      ^~~~~~~
/opt/tt-metal/tt_metal/tools/profiler/kernel_profiler.hpp:1047:5: note: in expansion of macro 'DO_PRAGMA'
 1047 |     DO_PRAGMA(message(PROFILER_MSG_NAME(name)));                               \
      |     ^~~~~~~~~
/opt/tt-metal/tt_metal/hw/firmware/src/tt-1xx/trisck.cc:89:5: note: in expansion of macro 'DeviceZoneScopedMainChildN'
   89 |     DeviceZoneScopedMainChildN("TRISC-KERNEL");
      |     ^~~~~~~~~~~~~~~~~~~~~~~~~~
Building trisc1, compile step:
/opt/tt-metal/runtime/sfpi/compiler/bin/riscv-tt-elf-g++ -O3 -std=c++17 -ftt-nttp -ftt-constinit -ftt-consteval -ftt-no-dyninit -flto=1 -flto-partition=one -ffast-math -fno-finite-math-only -fsigned-zeros -fno-associative-math -fno-exceptions -fno-rtti -fno-use-cxa-atexit -g -MMD -Wall -Werror -Wno-error=deprecated-declarations -Wno-error=multistatement-macros -Wno-error=parentheses -Wno-error=unused-but-set-variable -Wno-unused-variable -Wno-unused-function --param=min-pagesize=0 -mcpu=tt-bh-tensix -Winvalid-pch -Wno-error=invalid-pch -I. -I.. -I/opt/tt-metal/ -I/opt/tt-metal/ttnn -I/opt/tt-metal/ttnn/cpp -I/opt/tt-metal/tt_metal -I/opt/tt-metal/tt_metal/hw/inc -I/opt/tt-metal/tt_metal/tt-llk/common -I/opt/tt-metal/tt_metal/tt-llk/tools/include -I/opt/tt-metal/tt_metal/hostdevcommon/api -I/opt/tt-metal/tt_metal/api/ -I/opt/tt-metal/runtime/sfpi/include -I/opt/tt-metal/tt_metal/hw/ckernels/blackhole/metal/common -I/opt/tt-metal/tt_metal/hw/ckernels/blackhole/metal/llk_io -I/opt/tt-metal/tt_metal/hw/inc/internal/tt-1xx -I/opt/tt-metal/tt_metal/hw/inc/internal/tt-1xx/blackhole -I/opt/tt-metal/tt_metal/hw/inc/internal/tt-1xx/blackhole/blackhole_defines -I/opt/tt-metal/tt_metal/hw/inc/internal/tt-1xx/blackhole/noc -I/opt/tt-metal/tt_metal/tt-llk/tt_llk_blackhole/common/inc -I/opt/tt-metal/tt_metal/tt-llk/tt_llk_blackhole/llk_lib -I/opt/tt-metal/tt_metal/tt-llk/tt_llk_blackhole/llk_lib/hal -I/opt/tt-metal/tt_metal/hw/ckernels/blackhole/metal/llk_api -I/opt/tt-metal/tt_metal/hw/ckernels/blackhole/metal/llk_api/llk_sfpu -I/opt/tt-metal/tt_metal/hw/firmware/src/tt-1xx -I/opt/tt-metal/models/experimental/pi0/tt/megakernel/kernels_p2 -include /sp/ttcache_prof/tt-metal-cache/pch/e13a6eedc934b130/pch.h -DIS_NOT_POW2_NUM_L1_BANKS=1 -DLOG_BASE_2_OF_NUM_DRAM_BANKS=3 -DNUM_DRAM_BANKS=8 -DNUM_L1_BANKS=110 -DPCIE_NOC_X=19 -DPCIE_NOC_Y=24 -DTENSIX_FIRMWARE -DLOCAL_MEM_EN=0 -DPROFILE_KERNEL=1 -DPROFILER_FULL_HOST_BUFFER_SIZE_PER_RISC=768000 -DPROCESSOR_INDEX=3 -DUCK_CHLKC_MATH -DCOMPILE_FOR_TRISC=1 -DPROGRAMMABLE_CORE_TYPE=0 -DARCH_BLACKHOLE -DDISPATCH_MESSAGE_ADDR=4290184248 -DKERNEL_BUILD -DFULL_KERNEL_NAME="whole_trisc/11019292409675374961/" -DKERNEL_COMPILE_TIME_ARGS=1,29,5,6,897988541,0,1088,2,2048,0,2048,0,2048,0,2048,2,2048,2,2048,28,25,7,1,32,897988541,897988541,1110770931,648320,1,4,108,2,4096,0,1088 -c -o /sp/ttcache_prof/tt-metal-cache8908659371042919221/kernels/whole_trisc/11019292409675374961/trisc1/trisck.2475656884148353978_1.o /opt/tt-metal/tt_metal/hw/firmware/src/tt-1xx/trisck.cc -MF /sp/ttcache_prof/tt-metal-cache8908659371042919221/kernels/whole_trisc/11019292409675374961/trisc1/trisck.2475656884148353978_1.d
In file included from /opt/tt-metal/tt_metal/hw/firmware/src/tt-1xx/trisck.cc:16:
/opt/tt-metal/tt_metal/hw/firmware/src/tt-1xx/trisck.cc: In function 'uint32_t _start()':
/opt/tt-metal/tt_metal/tools/profiler/kernel_profiler.hpp:32:22: note: '#pragma message: TRISC-KERNEL,/opt/tt-metal/tt_metal/hw/firmware/src/tt-1xx/trisck.cc,89,KERNEL_PROFILER'
   32 | #define DO_PRAGMA(x) _Pragma(#x)
      |                      ^~~~~~~
/opt/tt-metal/tt_metal/tools/profiler/kernel_profiler.hpp:1047:5: note: in expansion of macro 'DO_PRAGMA'
 1047 |     DO_PRAGMA(message(PROFILER_MSG_NAME(name)));                               \
      |     ^~~~~~~~~
/opt/tt-metal/tt_metal/hw/firmware/src/tt-1xx/trisck.cc:89:5: note: in expansion of macro 'DeviceZoneScopedMainChildN'
   89 |     DeviceZoneScopedMainChildN("TRISC-KERNEL");
      |     ^~~~~~~~~~~~~~~~~~~~~~~~~~
Building ncrisc, compile step:
/opt/tt-metal/runtime/sfpi/compiler/bin/riscv-tt-elf-g++ -O2 -std=c++17 -ftt-nttp -ftt-constinit -ftt-consteval -ftt-no-dyninit -flto=1 -flto-partition=one -ffast-math -fno-finite-math-only -fsigned-zeros -fno-associative-math -fno-exceptions -fno-rtti -fno-use-cxa-atexit -g -MMD -Wall -Werror -Wno-error=deprecated-declarations -Wno-error=multistatement-macros -Wno-error=parentheses -Wno-error=unused-but-set-variable -Wno-unused-variable -Wno-unused-function --param=min-pagesize=0 -mcpu=tt-bh -fno-tree-loop-distribute-patterns -Winvalid-pch -Wno-error=invalid-pch -I. -I.. -I/opt/tt-metal/ -I/opt/tt-metal/ttnn -I/opt/tt-metal/ttnn/cpp -I/opt/tt-metal/tt_metal -I/opt/tt-metal/tt_metal/hw/inc -I/opt/tt-metal/tt_metal/tt-llk/common -I/opt/tt-metal/tt_metal/tt-llk/tools/include -I/opt/tt-metal/tt_metal/hostdevcommon/api -I/opt/tt-metal/tt_metal/api/ -I/opt/tt-metal/tt_metal/hw/ckernels/blackhole/metal/common -I/opt/tt-metal/tt_metal/hw/ckernels/blackhole/metal/llk_io -I/opt/tt-metal/tt_metal/hw/inc/internal/tt-1xx -I/opt/tt-metal/tt_metal/hw/inc/internal/tt-1xx/blackhole -I/opt/tt-metal/tt_metal/hw/inc/internal/tt-1xx/blackhole/blackhole_defines -I/opt/tt-metal/tt_metal/hw/inc/internal/tt-1xx/blackhole/noc -I/opt/tt-metal/tt_metal/tt-llk/tt_llk_blackhole/common/inc -I/opt/tt-metal/tt_metal/tt-llk/tt_llk_blackhole/llk_lib -I/opt/tt-metal/tt_metal/tt-llk/tt_llk_blackhole/llk_lib/hal -I/opt/tt-metal/tt_metal/hw/firmware/src/tt-1xx -I/opt/tt-metal/models/experimental/pi0/tt/megakernel/kernels_p2 -include /sp/ttcache_prof/tt-metal-cache/pch/1b9e28ac75b7aabf/pch.h -DIS_NOT_POW2_NUM_L1_BANKS=1 -DLOG_BASE_2_OF_NUM_DRAM_BANKS=3 -DNUM_DRAM_BANKS=8 -DNUM_L1_BANKS=110 -DPCIE_NOC_X=19 -DPCIE_NOC_Y=24 -DTENSIX_FIRMWARE -DLOCAL_MEM_EN=0 -DPROFILE_KERNEL=1 -DPROFILER_FULL_HOST_BUFFER_SIZE_PER_RISC=768000 -DPROCESSOR_INDEX=1 -DCOMPILE_FOR_NCRISC -DPROGRAMMABLE_CORE_TYPE=0 -DARCH_BLACKHOLE -DDISPATCH_MESSAGE_ADDR=4290184248 -DKERNEL_BUILD -DMK_FID8_HIFI2=1 -DPE_ATT_FID=3 -DPE_ATT_FLAT=2 -DPE_CT0=19 -DPE_NO_EXPERT=1 -DNOC_INDEX=0 -DNOC_MODE=0 -DFULL_KERNEL_NAME="whole_ncrisc/7499807791234633208/" -DKERNEL_COMPILE_TIME_ARGS=1,29,5,6,897988541,0,1088,2,2048,0,2048,0,2048,0,2048,2,2048,2,2048,28,25,7,1,32,897988541,897988541,1110770931,1065984,3,4,108,2,4096,0,1088 -c -o /sp/ttcache_prof/tt-metal-cache8908659371042919221/kernels/whole_ncrisc/7499807791234633208/ncrisc/ncrisck.2475656884148353978_1.o /opt/tt-metal/tt_metal/hw/firmware/src/tt-1xx/ncrisck.cc -MF /sp/ttcache_prof/tt-metal-cache8908659371042919221/kernels/whole_ncrisc/7499807791234633208/ncrisc/ncrisck.2475656884148353978_1.d
In file included from /opt/tt-metal/tt_metal/hw/inc/api/dataflow/dataflow_api.h:24,
                 from /opt/tt-metal/tt_metal/hw/inc/internal/firmware_common.h:23,
                 from /opt/tt-metal/tt_metal/hw/firmware/src/tt-1xx/ncrisck.cc:17:
/opt/tt-metal/tt_metal/tools/profiler/kernel_profiler.hpp: In function 'void kernel_profiler::quick_push()':
/opt/tt-metal/tt_metal/tools/profiler/kernel_profiler.hpp:32:22: note: '#pragma message: PROFILER-NOC-QUICK-PUSH,/opt/tt-metal/tt_metal/tools/profiler/kernel_profiler.hpp,633,KERNEL_PROFILER'
   32 | #define DO_PRAGMA(x) _Pragma(#x)
      |                      ^~~~~~~
/opt/tt-metal/tt_metal/tools/profiler/kernel_profiler.hpp:42:5: note: in expansion of macro 'DO_PRAGMA'
   42 |     DO_PRAGMA(message(PROFILER_MSG_NAME(name))); \
      |     ^~~~~~~~~
/opt/tt-metal/tt_metal/tools/profiler/kernel_profiler.hpp:633:5: note: in expansion of macro 'SrcLocNameToHash'
  633 |     SrcLocNameToHash("PROFILER-NOC-QUICK-PUSH");
      |     ^~~~~~~~~~~~~~~~
/opt/tt-metal/tt_metal/hw/firmware/src/tt-1xx/ncrisck.cc: In function 'uint32_t _start()':
/opt/tt-metal/tt_metal/tools/profiler/kernel_profiler.hpp:32:22: note: '#pragma message: NCRISC-KERNEL,/opt/tt-metal/tt_metal/hw/firmware/src/tt-1xx/ncrisck.cc,70,KERNEL_PROFILER'
   32 | #define DO_PRAGMA(x) _Pragma(#x)
      |                      ^~~~~~~
/opt/tt-metal/tt_metal/tools/profiler/kernel_profiler.hpp:1047:5: note: in expansion of macro 'DO_PRAGMA'
 1047 |     DO_PRAGMA(message(PROFILER_MSG_NAME(name)));                               \
      |     ^~~~~~~~~
/opt/tt-metal/tt_metal/hw/firmware/src/tt-1xx/ncrisck.cc:70:5: note: in expansion of macro 'DeviceZoneScopedMainChildN'
   70 |     DeviceZoneScopedMainChildN("NCRISC-KERNEL");
      |     ^~~~~~~~~~~~~~~~~~~~~~~~~~
Building brisc, compile step:
/opt/tt-metal/runtime/sfpi/compiler/bin/riscv-tt-elf-g++ -O2 -std=c++17 -ftt-nttp -ftt-constinit -ftt-consteval -ftt-no-dyninit -flto=1 -flto-partition=one -ffast-math -fno-finite-math-only -fsigned-zeros -fno-associative-math -fno-exceptions -fno-rtti -fno-use-cxa-atexit -g -MMD -Wall -Werror -Wno-error=deprecated-declarations -Wno-error=multistatement-macros -Wno-error=parentheses -Wno-error=unused-but-set-variable -Wno-unused-variable -Wno-unused-function --param=min-pagesize=0 -mcpu=tt-bh -fno-tree-loop-distribute-patterns -Winvalid-pch -Wno-error=invalid-pch -I. -I.. -I/opt/tt-metal/ -I/opt/tt-metal/ttnn -I/opt/tt-metal/ttnn/cpp -I/opt/tt-metal/tt_metal -I/opt/tt-metal/tt_metal/hw/inc -I/opt/tt-metal/tt_metal/tt-llk/common -I/opt/tt-metal/tt_metal/tt-llk/tools/include -I/opt/tt-metal/tt_metal/hostdevcommon/api -I/opt/tt-metal/tt_metal/api/ -I/opt/tt-metal/tt_metal/hw/ckernels/blackhole/metal/common -I/opt/tt-metal/tt_metal/hw/ckernels/blackhole/metal/llk_io -I/opt/tt-metal/tt_metal/hw/inc/internal/tt-1xx -I/opt/tt-metal/tt_metal/hw/inc/internal/tt-1xx/blackhole -I/opt/tt-metal/tt_metal/hw/inc/internal/tt-1xx/blackhole/blackhole_defines -I/opt/tt-metal/tt_metal/hw/inc/internal/tt-1xx/blackhole/noc -I/opt/tt-metal/tt_metal/tt-llk/tt_llk_blackhole/common/inc -I/opt/tt-metal/tt_metal/tt-llk/tt_llk_blackhole/llk_lib -I/opt/tt-metal/tt_metal/tt-llk/tt_llk_blackhole/llk_lib/hal -I/opt/tt-metal/tt_metal/hw/firmware/src/tt-1xx -I/opt/tt-metal/models/experimental/pi0/tt/megakernel/kernels_p2 -include /sp/ttcache_prof/tt-metal-cache/pch/1b9e28ac75b7aabf/pch.h -DIS_NOT_POW2_NUM_L1_BANKS=1 -DLOG_BASE_2_OF_NUM_DRAM_BANKS=3 -DNUM_DRAM_BANKS=8 -DNUM_L1_BANKS=110 -DPCIE_NOC_X=19 -DPCIE_NOC_Y=24 -DTENSIX_FIRMWARE -DLOCAL_MEM_EN=0 -DPROFILE_KERNEL=1 -DPROFILER_FULL_HOST_BUFFER_SIZE_PER_RISC=768000 -DPROCESSOR_INDEX=0 -DCOMPILE_FOR_BRISC -DPROGRAMMABLE_CORE_TYPE=0 -DARCH_BLACKHOLE -DDISPATCH_MESSAGE_ADDR=4290184248 -DKERNEL_BUILD -DMK_FID8_HIFI2=1 -DPE_ATT_FID=3 -DPE_ATT_FLAT=2 -DPE_CT0=19 -DPE_NO_EXPERT=1 -DNOC_INDEX=1 -DNOC_MODE=0 -DFULL_KERNEL_NAME="whole_brisc/3174884456833477526/" -DKERNEL_COMPILE_TIME_ARGS=1,29,5,6,897988541,0,1088,2,2048,0,2048,0,2048,0,2048,2,2048,2,2048,28,25,7,1,32,897988541,897988541,1110770931,1065984,3,4,108,2,4096,0,1088 -c -o /sp/ttcache_prof/tt-metal-cache8908659371042919221/kernels/whole_brisc/3174884456833477526/brisc/brisck.2475656884148353978_1.o /opt/tt-metal/tt_metal/hw/firmware/src/tt-1xx/brisck.cc -MF /sp/ttcache_prof/tt-metal-cache8908659371042919221/kernels/whole_brisc/3174884456833477526/brisc/brisck.2475656884148353978_1.d
In file included from /opt/tt-metal/tt_metal/hw/inc/api/dataflow/dataflow_api.h:24,
                 from /opt/tt-metal/tt_metal/hw/inc/internal/firmware_common.h:23,
                 from /opt/tt-metal/tt_metal/hw/firmware/src/tt-1xx/brisck.cc:16:
/opt/tt-metal/tt_metal/tools/profiler/kernel_profiler.hpp: In function 'void kernel_profiler::finish_profiler(bool)':
/opt/tt-metal/tt_metal/tools/profiler/kernel_profiler.hpp:32:22: note: '#pragma message: PROFILER-NOC-FLUSH,/opt/tt-metal/tt_metal/tools/profiler/kernel_profiler.hpp,481,KERNEL_PROFILER'
   32 | #define DO_PRAGMA(x) _Pragma(#x)
      |                      ^~~~~~~
/opt/tt-metal/tt_metal/tools/profiler/kernel_profiler.hpp:42:5: note: in expansion of macro 'DO_PRAGMA'
   42 |     DO_PRAGMA(message(PROFILER_MSG_NAME(name))); \
      |     ^~~~~~~~~
/opt/tt-metal/tt_metal/tools/profiler/kernel_profiler.hpp:481:17: note: in expansion of macro 'SrcLocNameToHash'
  481 |                 SrcLocNameToHash("PROFILER-NOC-FLUSH");
      |                 ^~~~~~~~~~~~~~~~
/opt/tt-metal/tt_metal/tools/profiler/kernel_profiler.hpp:32:22: note: '#pragma message: PROFILER-DRAM-PUSH,/opt/tt-metal/tt_metal/tools/profiler/kernel_profiler.hpp,490,KERNEL_PROFILER'
   32 | #define DO_PRAGMA(x) _Pragma(#x)
      |                      ^~~~~~~
/opt/tt-metal/tt_metal/tools/profiler/kernel_profiler.hpp:42:5: note: in expansion of macro 'DO_PRAGMA'
   42 |     DO_PRAGMA(message(PROFILER_MSG_NAME(name))); \
      |     ^~~~~~~~~
/opt/tt-metal/tt_metal/tools/profiler/kernel_profiler.hpp:490:17: note: in expansion of macro 'SrcLocNameToHash'
  490 |                 SrcLocNameToHash("PROFILER-DRAM-PUSH");
      |                 ^~~~~~~~~~~~~~~~
/opt/tt-metal/tt_metal/tools/profiler/kernel_profiler.hpp: In function 'void kernel_profiler::quick_push()':
/opt/tt-metal/tt_metal/tools/profiler/kernel_profiler.hpp:32:22: note: '#pragma message: PROFILER-NOC-QUICK-PUSH,/opt/tt-metal/tt_metal/tools/profiler/kernel_profiler.hpp,633,KERNEL_PROFILER'
   32 | #define DO_PRAGMA(x) _Pragma(#x)
      |                      ^~~~~~~
/opt/tt-metal/tt_metal/tools/profiler/kernel_profiler.hpp:42:5: note: in expansion of macro 'DO_PRAGMA'
   42 |     DO_PRAGMA(message(PROFILER_MSG_NAME(name))); \
      |     ^~~~~~~~~
/opt/tt-metal/tt_metal/tools/profiler/kernel_profiler.hpp:633:5: note: in expansion of macro 'SrcLocNameToHash'
  633 |     SrcLocNameToHash("PROFILER-NOC-QUICK-PUSH");
      |     ^~~~~~~~~~~~~~~~
/opt/tt-metal/tt_metal/hw/firmware/src/tt-1xx/brisck.cc: In function 'uint32_t _start()':
/opt/tt-metal/tt_metal/tools/profiler/kernel_profiler.hpp:32:22: note: '#pragma message: BRISC-KERNEL,/opt/tt-metal/tt_metal/hw/firmware/src/tt-1xx/brisck.cc,77,KERNEL_PROFILER'
   32 | #define DO_PRAGMA(x) _Pragma(#x)
      |                      ^~~~~~~
/opt/tt-metal/tt_metal/tools/profiler/kernel_profiler.hpp:1047:5: note: in expansion of macro 'DO_PRAGMA'
 1047 |     DO_PRAGMA(message(PROFILER_MSG_NAME(name)));                               \
      |     ^~~~~~~~~
/opt/tt-metal/tt_metal/hw/firmware/src/tt-1xx/brisck.cc:77:9: note: in expansion of macro 'DeviceZoneScopedMainChildN'
   77 |         DeviceZoneScopedMainChildN("BRISC-KERNEL");
      |         ^~~~~~~~~~~~~~~~~~~~~~~~~~
Building trisc2, compile step:
/opt/tt-metal/runtime/sfpi/compiler/bin/riscv-tt-elf-g++ -O3 -std=c++17 -ftt-nttp -ftt-constinit -ftt-consteval -ftt-no-dyninit -flto=1 -flto-partition=one -ffast-math -fno-finite-math-only -fsigned-zeros -fno-associative-math -fno-exceptions -fno-rtti -fno-use-cxa-atexit -g -MMD -Wall -Werror -Wno-error=deprecated-declarations -Wno-error=multistatement-macros -Wno-error=parentheses -Wno-error=unused-but-set-variable -Wno-unused-variable -Wno-unused-function --param=min-pagesize=0 -mcpu=tt-bh-tensix -Winvalid-pch -Wno-error=invalid-pch -I. -I.. -I/opt/tt-metal/ -I/opt/tt-metal/ttnn -I/opt/tt-metal/ttnn/cpp -I/opt/tt-metal/tt_metal -I/opt/tt-metal/tt_metal/hw/inc -I/opt/tt-metal/tt_metal/tt-llk/common -I/opt/tt-metal/tt_metal/tt-llk/tools/include -I/opt/tt-metal/tt_metal/hostdevcommon/api -I/opt/tt-metal/tt_metal/api/ -I/opt/tt-metal/runtime/sfpi/include -I/opt/tt-metal/tt_metal/hw/ckernels/blackhole/metal/common -I/opt/tt-metal/tt_metal/hw/ckernels/blackhole/metal/llk_io -I/opt/tt-metal/tt_metal/hw/inc/internal/tt-1xx -I/opt/tt-metal/tt_metal/hw/inc/internal/tt-1xx/blackhole -I/opt/tt-metal/tt_metal/hw/inc/internal/tt-1xx/blackhole/blackhole_defines -I/opt/tt-metal/tt_metal/hw/inc/internal/tt-1xx/blackhole/noc -I/opt/tt-metal/tt_metal/tt-llk/tt_llk_blackhole/common/inc -I/opt/tt-metal/tt_metal/tt-llk/tt_llk_blackhole/llk_lib -I/opt/tt-metal/tt_metal/tt-llk/tt_llk_blackhole/llk_lib/hal -I/opt/tt-metal/tt_metal/hw/ckernels/blackhole/metal/llk_api -I/opt/tt-metal/tt_metal/hw/ckernels/blackhole/metal/llk_api/llk_sfpu -I/opt/tt-metal/tt_metal/hw/firmware/src/tt-1xx -I/opt/tt-metal/models/experimental/pi0/tt/megakernel/kernels_p2 -include /sp/ttcache_prof/tt-metal-cache/pch/e13a6eedc934b130/pch.h -DIS_NOT_POW2_NUM_L1_BANKS=1 -DLOG_BASE_2_OF_NUM_DRAM_BANKS=3 -DNUM_DRAM_BANKS=8 -DNUM_L1_BANKS=110 -DPCIE_NOC_X=19 -DPCIE_NOC_Y=24 -DTENSIX_FIRMWARE -DLOCAL_MEM_EN=0 -DPROFILE_KERNEL=1 -DPROFILER_FULL_HOST_BUFFER_SIZE_PER_RISC=768000 -DPROCESSOR_INDEX=4 -DUCK_CHLKC_PACK -DCOMPILE_FOR_TRISC=2 -DPROGRAMMABLE_CORE_TYPE=0 -DARCH_BLACKHOLE -DDISPATCH_MESSAGE_ADDR=4290184248 -DKERNEL_BUILD -DFULL_KERNEL_NAME="whole_trisc/9865114822052155774/" -DKERNEL_COMPILE_TIME_ARGS=1,29,5,6,897988541,0,1088,2,2048,0,2048,0,2048,0,2048,2,2048,2,2048,28,25,7,1,32,897988541,897988541,1110770931,1065984,3,4,108,2,4096,0,1088 -c -o /sp/ttcache_prof/tt-metal-cache8908659371042919221/kernels/whole_trisc/9865114822052155774/trisc2/trisck.2475656884148353978_1.o /opt/tt-metal/tt_metal/hw/firmware/src/tt-1xx/trisck.cc -MF /sp/ttcache_prof/tt-metal-cache8908659371042919221/kernels/whole_trisc/9865114822052155774/trisc2/trisck.2475656884148353978_1.d
In file included from /opt/tt-metal/tt_metal/hw/ckernels/blackhole/metal/llk_io/llk_io_pack.h:14,
                 from /opt/tt-metal/tt_metal/hw/inc/api/compute/compute_kernel_api.h:73,
                 from /opt/tt-metal/models/experimental/pi0/tt/megakernel/kernels_p2/../kernels/mk_trisc.cpp:22,
                 from /opt/tt-metal/models/experimental/pi0/tt/megakernel/kernels_p2/whole_trisc.cpp:12,
                 from ../chlkc_pack.cpp:4,
                 from /opt/tt-metal/tt_metal/hw/ckernels/blackhole/metal/common/chlkc_list.h:21,
                 from /opt/tt-metal/tt_metal/hw/firmware/src/tt-1xx/trisck.cc:14:
/opt/tt-metal/tt_metal/hw/ckernels/blackhole/metal/llk_io/llk_io_pack.h: In function 'void llk_wait_for_free_tiles(int32_t, int32_t)':
/opt/tt-metal/tt_metal/tools/profiler/kernel_profiler.hpp:32:22: note: '#pragma message: CB-COMPUTE-RESERVE-BACK,/opt/tt-metal/tt_metal/hw/ckernels/blackhole/metal/llk_io/llk_io_pack.h,21,KERNEL_PROFILER'
   32 | #define DO_PRAGMA(x) _Pragma(#x)
      |                      ^~~~~~~
/opt/tt-metal/tt_metal/tools/profiler/kernel_profiler.hpp:1057:5: note: in expansion of macro 'DO_PRAGMA'
 1057 |     DO_PRAGMA(message(PROFILER_MSG_NAME(name)));                               \
      |     ^~~~~~~~~
/opt/tt-metal/tt_metal/hw/ckernels/blackhole/metal/llk_io/llk_io_pack.h:21:5: note: in expansion of macro 'DeviceZoneScopedSumN2'
   21 |     DeviceZoneScopedSumN2("CB-COMPUTE-RESERVE-BACK");
      |     ^~~~~~~~~~~~~~~~~~~~~
/opt/tt-metal/tt_metal/hw/firmware/src/tt-1xx/trisck.cc: In function 'uint32_t _start()':
/opt/tt-metal/tt_metal/tools/profiler/kernel_profiler.hpp:32:22: note: '#pragma message: TRISC-KERNEL,/opt/tt-metal/tt_metal/hw/firmware/src/tt-1xx/trisck.cc,89,KERNEL_PROFILER'
   32 | #define DO_PRAGMA(x) _Pragma(#x)
      |                      ^~~~~~~
/opt/tt-metal/tt_metal/tools/profiler/kernel_profiler.hpp:1047:5: note: in expansion of macro 'DO_PRAGMA'
 1047 |     DO_PRAGMA(message(PROFILER_MSG_NAME(name)));                               \
      |     ^~~~~~~~~
/opt/tt-metal/tt_metal/hw/firmware/src/tt-1xx/trisck.cc:89:5: note: in expansion of macro 'DeviceZoneScopedMainChildN'
   89 |     DeviceZoneScopedMainChildN("TRISC-KERNEL");
      |     ^~~~~~~~~~~~~~~~~~~~~~~~~~
Building trisc0, compile step:
/opt/tt-metal/runtime/sfpi/compiler/bin/riscv-tt-elf-g++ -O3 -std=c++17 -ftt-nttp -ftt-constinit -ftt-consteval -ftt-no-dyninit -flto=1 -flto-partition=one -ffast-math -fno-finite-math-only -fsigned-zeros -fno-associative-math -fno-exceptions -fno-rtti -fno-use-cxa-atexit -g -MMD -Wall -Werror -Wno-error=deprecated-declarations -Wno-error=multistatement-macros -Wno-error=parentheses -Wno-error=unused-but-set-variable -Wno-unused-variable -Wno-unused-function --param=min-pagesize=0 -mcpu=tt-bh-tensix -Winvalid-pch -Wno-error=invalid-pch -I. -I.. -I/opt/tt-metal/ -I/opt/tt-metal/ttnn -I/opt/tt-metal/ttnn/cpp -I/opt/tt-metal/tt_metal -I/opt/tt-metal/tt_metal/hw/inc -I/opt/tt-metal/tt_metal/tt-llk/common -I/opt/tt-metal/tt_metal/tt-llk/tools/include -I/opt/tt-metal/tt_metal/hostdevcommon/api -I/opt/tt-metal/tt_metal/api/ -I/opt/tt-metal/runtime/sfpi/include -I/opt/tt-metal/tt_metal/hw/ckernels/blackhole/metal/common -I/opt/tt-metal/tt_metal/hw/ckernels/blackhole/metal/llk_io -I/opt/tt-metal/tt_metal/hw/inc/internal/tt-1xx -I/opt/tt-metal/tt_metal/hw/inc/internal/tt-1xx/blackhole -I/opt/tt-metal/tt_metal/hw/inc/internal/tt-1xx/blackhole/blackhole_defines -I/opt/tt-metal/tt_metal/hw/inc/internal/tt-1xx/blackhole/noc -I/opt/tt-metal/tt_metal/tt-llk/tt_llk_blackhole/common/inc -I/opt/tt-metal/tt_metal/tt-llk/tt_llk_blackhole/llk_lib -I/opt/tt-metal/tt_metal/tt-llk/tt_llk_blackhole/llk_lib/hal -I/opt/tt-metal/tt_metal/hw/ckernels/blackhole/metal/llk_api -I/opt/tt-metal/tt_metal/hw/ckernels/blackhole/metal/llk_api/llk_sfpu -I/opt/tt-metal/tt_metal/hw/firmware/src/tt-1xx -I/opt/tt-metal/models/experimental/pi0/tt/megakernel/kernels_p2 -include /sp/ttcache_prof/tt-metal-cache/pch/e13a6eedc934b130/pch.h -DIS_NOT_POW2_NUM_L1_BANKS=1 -DLOG_BASE_2_OF_NUM_DRAM_BANKS=3 -DNUM_DRAM_BANKS=8 -DNUM_L1_BANKS=110 -DPCIE_NOC_X=19 -DPCIE_NOC_Y=24 -DTENSIX_FIRMWARE -DLOCAL_MEM_EN=0 -DPROFILE_KERNEL=1 -DPROFILER_FULL_HOST_BUFFER_SIZE_PER_RISC=768000 -DPROCESSOR_INDEX=2 -DUCK_CHLKC_UNPACK -DCOMPILE_FOR_TRISC=0 -DPROGRAMMABLE_CORE_TYPE=0 -DARCH_BLACKHOLE -DDISPATCH_MESSAGE_ADDR=4290184248 -DKERNEL_BUILD -DFULL_KERNEL_NAME="whole_trisc/9865114822052155774/" -DKERNEL_COMPILE_TIME_ARGS=1,29,5,6,897988541,0,1088,2,2048,0,2048,0,2048,0,2048,2,2048,2,2048,28,25,7,1,32,897988541,897988541,1110770931,1065984,3,4,108,2,4096,0,1088 -c -o /sp/ttcache_prof/tt-metal-cache8908659371042919221/kernels/whole_trisc/9865114822052155774/trisc0/trisck.2475656884148353978_1.o /opt/tt-metal/tt_metal/hw/firmware/src/tt-1xx/trisck.cc -MF /sp/ttcache_prof/tt-metal-cache8908659371042919221/kernels/whole_trisc/9865114822052155774/trisc0/trisck.2475656884148353978_1.d
In file included from /opt/tt-metal/tt_metal/hw/ckernels/blackhole/metal/llk_io/llk_io_unpack.h:13,
                 from /opt/tt-metal/tt_metal/hw/inc/api/compute/compute_kernel_api.h:98,
                 from /opt/tt-metal/models/experimental/pi0/tt/megakernel/kernels_p2/../kernels/mk_trisc.cpp:22,
                 from /opt/tt-metal/models/experimental/pi0/tt/megakernel/kernels_p2/whole_trisc.cpp:12,
                 from ../chlkc_unpack.cpp:4,
                 from /opt/tt-metal/tt_metal/hw/ckernels/blackhole/metal/common/chlkc_list.h:26,
                 from /opt/tt-metal/tt_metal/hw/firmware/src/tt-1xx/trisck.cc:14:
/opt/tt-metal/tt_metal/hw/ckernels/blackhole/metal/llk_io/llk_io_unpack.h: In function 'void llk_wait_tiles(int, int32_t)':
/opt/tt-metal/tt_metal/tools/profiler/kernel_profiler.hpp:32:22: note: '#pragma message: CB-COMPUTE-WAIT-FRONT,/opt/tt-metal/tt_metal/hw/ckernels/blackhole/metal/llk_io/llk_io_unpack.h,19,KERNEL_PROFILER'
   32 | #define DO_PRAGMA(x) _Pragma(#x)
      |                      ^~~~~~~
/opt/tt-metal/tt_metal/tools/profiler/kernel_profiler.hpp:1052:5: note: in expansion of macro 'DO_PRAGMA'
 1052 |     DO_PRAGMA(message(PROFILER_MSG_NAME(name)));                               \
      |     ^~~~~~~~~
/opt/tt-metal/tt_metal/hw/ckernels/blackhole/metal/llk_io/llk_io_unpack.h:19:5: note: in expansion of macro 'DeviceZoneScopedSumN1'
   19 |     DeviceZoneScopedSumN1("CB-COMPUTE-WAIT-FRONT");
      |     ^~~~~~~~~~~~~~~~~~~~~
/opt/tt-metal/tt_metal/hw/firmware/src/tt-1xx/trisck.cc: In function 'uint32_t _start()':
/opt/tt-metal/tt_metal/tools/profiler/kernel_profiler.hpp:32:22: note: '#pragma message: TRISC-KERNEL,/opt/tt-metal/tt_metal/hw/firmware/src/tt-1xx/trisck.cc,89,KERNEL_PROFILER'
   32 | #define DO_PRAGMA(x) _Pragma(#x)
      |                      ^~~~~~~
/opt/tt-metal/tt_metal/tools/profiler/kernel_profiler.hpp:1047:5: note: in expansion of macro 'DO_PRAGMA'
 1047 |     DO_PRAGMA(message(PROFILER_MSG_NAME(name)));                               \
      |     ^~~~~~~~~
/opt/tt-metal/tt_metal/hw/firmware/src/tt-1xx/trisck.cc:89:5: note: in expansion of macro 'DeviceZoneScopedMainChildN'
   89 |     DeviceZoneScopedMainChildN("TRISC-KERNEL");
      |     ^~~~~~~~~~~~~~~~~~~~~~~~~~
Building trisc1, compile step:
/opt/tt-metal/runtime/sfpi/compiler/bin/riscv-tt-elf-g++ -O3 -std=c++17 -ftt-nttp -ftt-constinit -ftt-consteval -ftt-no-dyninit -flto=1 -flto-partition=one -ffast-math -fno-finite-math-only -fsigned-zeros -fno-associative-math -fno-exceptions -fno-rtti -fno-use-cxa-atexit -g -MMD -Wall -Werror -Wno-error=deprecated-declarations -Wno-error=multistatement-macros -Wno-error=parentheses -Wno-error=unused-but-set-variable -Wno-unused-variable -Wno-unused-function --param=min-pagesize=0 -mcpu=tt-bh-tensix -Winvalid-pch -Wno-error=invalid-pch -I. -I.. -I/opt/tt-metal/ -I/opt/tt-metal/ttnn -I/opt/tt-metal/ttnn/cpp -I/opt/tt-metal/tt_metal -I/opt/tt-metal/tt_metal/hw/inc -I/opt/tt-metal/tt_metal/tt-llk/common -I/opt/tt-metal/tt_metal/tt-llk/tools/include -I/opt/tt-metal/tt_metal/hostdevcommon/api -I/opt/tt-metal/tt_metal/api/ -I/opt/tt-metal/runtime/sfpi/include -I/opt/tt-metal/tt_metal/hw/ckernels/blackhole/metal/common -I/opt/tt-metal/tt_metal/hw/ckernels/blackhole/metal/llk_io -I/opt/tt-metal/tt_metal/hw/inc/internal/tt-1xx -I/opt/tt-metal/tt_metal/hw/inc/internal/tt-1xx/blackhole -I/opt/tt-metal/tt_metal/hw/inc/internal/tt-1xx/blackhole/blackhole_defines -I/opt/tt-metal/tt_metal/hw/inc/internal/tt-1xx/blackhole/noc -I/opt/tt-metal/tt_metal/tt-llk/tt_llk_blackhole/common/inc -I/opt/tt-metal/tt_metal/tt-llk/tt_llk_blackhole/llk_lib -I/opt/tt-metal/tt_metal/tt-llk/tt_llk_blackhole/llk_lib/hal -I/opt/tt-metal/tt_metal/hw/ckernels/blackhole/metal/llk_api -I/opt/tt-metal/tt_metal/hw/ckernels/blackhole/metal/llk_api/llk_sfpu -I/opt/tt-metal/tt_metal/hw/firmware/src/tt-1xx -I/opt/tt-metal/models/experimental/pi0/tt/megakernel/kernels_p2 -include /sp/ttcache_prof/tt-metal-cache/pch/e13a6eedc934b130/pch.h -DIS_NOT_POW2_NUM_L1_BANKS=1 -DLOG_BASE_2_OF_NUM_DRAM_BANKS=3 -DNUM_DRAM_BANKS=8 -DNUM_L1_BANKS=110 -DPCIE_NOC_X=19 -DPCIE_NOC_Y=24 -DTENSIX_FIRMWARE -DLOCAL_MEM_EN=0 -DPROFILE_KERNEL=1 -DPROFILER_FULL_HOST_BUFFER_SIZE_PER_RISC=768000 -DPROCESSOR_INDEX=3 -DUCK_CHLKC_MATH -DCOMPILE_FOR_TRISC=1 -DPROGRAMMABLE_CORE_TYPE=0 -DARCH_BLACKHOLE -DDISPATCH_MESSAGE_ADDR=4290184248 -DKERNEL_BUILD -DFULL_KERNEL_NAME="whole_trisc/9865114822052155774/" -DKERNEL_COMPILE_TIME_ARGS=1,29,5,6,897988541,0,1088,2,2048,0,2048,0,2048,0,2048,2,2048,2,2048,28,25,7,1,32,897988541,897988541,1110770931,1065984,3,4,108,2,4096,0,1088 -c -o /sp/ttcache_prof/tt-metal-cache8908659371042919221/kernels/whole_trisc/9865114822052155774/trisc1/trisck.2475656884148353978_1.o /opt/tt-metal/tt_metal/hw/firmware/src/tt-1xx/trisck.cc -MF /sp/ttcache_prof/tt-metal-cache8908659371042919221/kernels/whole_trisc/9865114822052155774/trisc1/trisck.2475656884148353978_1.d
In file included from /opt/tt-metal/tt_metal/hw/firmware/src/tt-1xx/trisck.cc:16:
/opt/tt-metal/tt_metal/hw/firmware/src/tt-1xx/trisck.cc: In function 'uint32_t _start()':
/opt/tt-metal/tt_metal/tools/profiler/kernel_profiler.hpp:32:22: note: '#pragma message: TRISC-KERNEL,/opt/tt-metal/tt_metal/hw/firmware/src/tt-1xx/trisck.cc,89,KERNEL_PROFILER'
   32 | #define DO_PRAGMA(x) _Pragma(#x)
      |                      ^~~~~~~
/opt/tt-metal/tt_metal/tools/profiler/kernel_profiler.hpp:1047:5: note: in expansion of macro 'DO_PRAGMA'
 1047 |     DO_PRAGMA(message(PROFILER_MSG_NAME(name)));                               \
      |     ^~~~~~~~~
/opt/tt-metal/tt_metal/hw/firmware/src/tt-1xx/trisck.cc:89:5: note: in expansion of macro 'DeviceZoneScopedMainChildN'
   89 |     DeviceZoneScopedMainChildN("TRISC-KERNEL");
      |     ^~~~~~~~~~~~~~~~~~~~~~~~~~
Building ncrisc, compile step:
/opt/tt-metal/runtime/sfpi/compiler/bin/riscv-tt-elf-g++ -O2 -std=c++17 -ftt-nttp -ftt-constinit -ftt-consteval -ftt-no-dyninit -flto=1 -flto-partition=one -ffast-math -fno-finite-math-only -fsigned-zeros -fno-associative-math -fno-exceptions -fno-rtti -fno-use-cxa-atexit -g -MMD -Wall -Werror -Wno-error=deprecated-declarations -Wno-error=multistatement-macros -Wno-error=parentheses -Wno-error=unused-but-set-variable -Wno-unused-variable -Wno-unused-function --param=min-pagesize=0 -mcpu=tt-bh -fno-tree-loop-distribute-patterns -Winvalid-pch -Wno-error=invalid-pch -I. -I.. -I/opt/tt-metal/ -I/opt/tt-metal/ttnn -I/opt/tt-metal/ttnn/cpp -I/opt/tt-metal/tt_metal -I/opt/tt-metal/tt_metal/hw/inc -I/opt/tt-metal/tt_metal/tt-llk/common -I/opt/tt-metal/tt_metal/tt-llk/tools/include -I/opt/tt-metal/tt_metal/hostdevcommon/api -I/opt/tt-metal/tt_metal/api/ -I/opt/tt-metal/tt_metal/hw/ckernels/blackhole/metal/common -I/opt/tt-metal/tt_metal/hw/ckernels/blackhole/metal/llk_io -I/opt/tt-metal/tt_metal/hw/inc/internal/tt-1xx -I/opt/tt-metal/tt_metal/hw/inc/internal/tt-1xx/blackhole -I/opt/tt-metal/tt_metal/hw/inc/internal/tt-1xx/blackhole/blackhole_defines -I/opt/tt-metal/tt_metal/hw/inc/internal/tt-1xx/blackhole/noc -I/opt/tt-metal/tt_metal/tt-llk/tt_llk_blackhole/common/inc -I/opt/tt-metal/tt_metal/tt-llk/tt_llk_blackhole/llk_lib -I/opt/tt-metal/tt_metal/tt-llk/tt_llk_blackhole/llk_lib/hal -I/opt/tt-metal/tt_metal/hw/firmware/src/tt-1xx -I/opt/tt-metal/models/experimental/pi0/tt/megakernel/kernels -include /sp/ttcache_prof/tt-metal-cache/pch/1b9e28ac75b7aabf/pch.h -DIS_NOT_POW2_NUM_L1_BANKS=1 -DLOG_BASE_2_OF_NUM_DRAM_BANKS=3 -DNUM_DRAM_BANKS=8 -DNUM_L1_BANKS=110 -DPCIE_NOC_X=19 -DPCIE_NOC_Y=24 -DTENSIX_FIRMWARE -DLOCAL_MEM_EN=0 -DPROFILE_KERNEL=1 -DPROFILER_FULL_HOST_BUFFER_SIZE_PER_RISC=768000 -DPROCESSOR_INDEX=1 -DCOMPILE_FOR_NCRISC -DPROGRAMMABLE_CORE_TYPE=0 -DARCH_BLACKHOLE -DDISPATCH_MESSAGE_ADDR=4290184248 -DKERNEL_BUILD -DMK_FID=3 -DMK_FID8_HIFI2=1 -DNOC_INDEX=0 -DNOC_MODE=0 -DFULL_KERNEL_NAME="mk_ncrisc/313027032568974367/" -DKERNEL_COMPILE_TIME_ARGS=1,29,5,6,897988541,0,1088,2,2048,0,2048,0,2048,0,2048,2,2048,2,2048 -c -o /sp/ttcache_prof/tt-metal-cache8908659371042919221/kernels/mk_ncrisc/313027032568974367/ncrisc/ncrisck.2475656884148353978_1.o /opt/tt-metal/tt_metal/hw/firmware/src/tt-1xx/ncrisck.cc -MF /sp/ttcache_prof/tt-metal-cache8908659371042919221/kernels/mk_ncrisc/313027032568974367/ncrisc/ncrisck.2475656884148353978_1.d
In file included from /opt/tt-metal/tt_metal/hw/inc/api/dataflow/dataflow_api.h:24,
                 from /opt/tt-metal/tt_metal/hw/inc/internal/firmware_common.h:23,
                 from /opt/tt-metal/tt_metal/hw/firmware/src/tt-1xx/ncrisck.cc:17:
/opt/tt-metal/tt_metal/tools/profiler/kernel_profiler.hpp: In function 'void kernel_profiler::quick_push()':
/opt/tt-metal/tt_metal/tools/profiler/kernel_profiler.hpp:32:22: note: '#pragma message: PROFILER-NOC-QUICK-PUSH,/opt/tt-metal/tt_metal/tools/profiler/kernel_profiler.hpp,633,KERNEL_PROFILER'
   32 | #define DO_PRAGMA(x) _Pragma(#x)
      |                      ^~~~~~~
/opt/tt-metal/tt_metal/tools/profiler/kernel_profiler.hpp:42:5: note: in expansion of macro 'DO_PRAGMA'
   42 |     DO_PRAGMA(message(PROFILER_MSG_NAME(name))); \
      |     ^~~~~~~~~
/opt/tt-metal/tt_metal/tools/profiler/kernel_profiler.hpp:633:5: note: in expansion of macro 'SrcLocNameToHash'
  633 |     SrcLocNameToHash("PROFILER-NOC-QUICK-PUSH");
      |     ^~~~~~~~~~~~~~~~
/opt/tt-metal/tt_metal/hw/firmware/src/tt-1xx/ncrisck.cc: In function 'uint32_t _start()':
/opt/tt-metal/tt_metal/tools/profiler/kernel_profiler.hpp:32:22: note: '#pragma message: NCRISC-KERNEL,/opt/tt-metal/tt_metal/hw/firmware/src/tt-1xx/ncrisck.cc,70,KERNEL_PROFILER'
   32 | #define DO_PRAGMA(x) _Pragma(#x)
      |                      ^~~~~~~
/opt/tt-metal/tt_metal/tools/profiler/kernel_profiler.hpp:1047:5: note: in expansion of macro 'DO_PRAGMA'
 1047 |     DO_PRAGMA(message(PROFILER_MSG_NAME(name)));                               \
      |     ^~~~~~~~~
/opt/tt-metal/tt_metal/hw/firmware/src/tt-1xx/ncrisck.cc:70:5: note: in expansion of macro 'DeviceZoneScopedMainChildN'
   70 |     DeviceZoneScopedMainChildN("NCRISC-KERNEL");
      |     ^~~~~~~~~~~~~~~~~~~~~~~~~~
Building brisc, compile step:
/opt/tt-metal/runtime/sfpi/compiler/bin/riscv-tt-elf-g++ -O2 -std=c++17 -ftt-nttp -ftt-constinit -ftt-consteval -ftt-no-dyninit -flto=1 -flto-partition=one -ffast-math -fno-finite-math-only -fsigned-zeros -fno-associative-math -fno-exceptions -fno-rtti -fno-use-cxa-atexit -g -MMD -Wall -Werror -Wno-error=deprecated-declarations -Wno-error=multistatement-macros -Wno-error=parentheses -Wno-error=unused-but-set-variable -Wno-unused-variable -Wno-unused-function --param=min-pagesize=0 -mcpu=tt-bh -fno-tree-loop-distribute-patterns -Winvalid-pch -Wno-error=invalid-pch -I. -I.. -I/opt/tt-metal/ -I/opt/tt-metal/ttnn -I/opt/tt-metal/ttnn/cpp -I/opt/tt-metal/tt_metal -I/opt/tt-metal/tt_metal/hw/inc -I/opt/tt-metal/tt_metal/tt-llk/common -I/opt/tt-metal/tt_metal/tt-llk/tools/include -I/opt/tt-metal/tt_metal/hostdevcommon/api -I/opt/tt-metal/tt_metal/api/ -I/opt/tt-metal/tt_metal/hw/ckernels/blackhole/metal/common -I/opt/tt-metal/tt_metal/hw/ckernels/blackhole/metal/llk_io -I/opt/tt-metal/tt_metal/hw/inc/internal/tt-1xx -I/opt/tt-metal/tt_metal/hw/inc/internal/tt-1xx/blackhole -I/opt/tt-metal/tt_metal/hw/inc/internal/tt-1xx/blackhole/blackhole_defines -I/opt/tt-metal/tt_metal/hw/inc/internal/tt-1xx/blackhole/noc -I/opt/tt-metal/tt_metal/tt-llk/tt_llk_blackhole/common/inc -I/opt/tt-metal/tt_metal/tt-llk/tt_llk_blackhole/llk_lib -I/opt/tt-metal/tt_metal/tt-llk/tt_llk_blackhole/llk_lib/hal -I/opt/tt-metal/tt_metal/hw/firmware/src/tt-1xx -I/opt/tt-metal/models/experimental/pi0/tt/megakernel/kernels -include /sp/ttcache_prof/tt-metal-cache/pch/1b9e28ac75b7aabf/pch.h -DIS_NOT_POW2_NUM_L1_BANKS=1 -DLOG_BASE_2_OF_NUM_DRAM_BANKS=3 -DNUM_DRAM_BANKS=8 -DNUM_L1_BANKS=110 -DPCIE_NOC_X=19 -DPCIE_NOC_Y=24 -DTENSIX_FIRMWARE -DLOCAL_MEM_EN=0 -DPROFILE_KERNEL=1 -DPROFILER_FULL_HOST_BUFFER_SIZE_PER_RISC=768000 -DPROCESSOR_INDEX=0 -DCOMPILE_FOR_BRISC -DPROGRAMMABLE_CORE_TYPE=0 -DARCH_BLACKHOLE -DDISPATCH_MESSAGE_ADDR=4290184248 -DKERNEL_BUILD -DMK_FID=3 -DMK_FID8_HIFI2=1 -DNOC_INDEX=1 -DNOC_MODE=0 -DFULL_KERNEL_NAME="mk_brisc/9092379549239046719/" -DKERNEL_COMPILE_TIME_ARGS=1,29,5,6,897988541,0,1088,2,2048,0,2048,0,2048,0,2048,2,2048,2,2048 -c -o /sp/ttcache_prof/tt-metal-cache8908659371042919221/kernels/mk_brisc/9092379549239046719/brisc/brisck.2475656884148353978_1.o /opt/tt-metal/tt_metal/hw/firmware/src/tt-1xx/brisck.cc -MF /sp/ttcache_prof/tt-metal-cache8908659371042919221/kernels/mk_brisc/9092379549239046719/brisc/brisck.2475656884148353978_1.d
In file included from /opt/tt-metal/tt_metal/hw/inc/api/dataflow/dataflow_api.h:24,
                 from /opt/tt-metal/tt_metal/hw/inc/internal/firmware_common.h:23,
                 from /opt/tt-metal/tt_metal/hw/firmware/src/tt-1xx/brisck.cc:16:
/opt/tt-metal/tt_metal/tools/profiler/kernel_profiler.hpp: In function 'void kernel_profiler::finish_profiler(bool)':
/opt/tt-metal/tt_metal/tools/profiler/kernel_profiler.hpp:32:22: note: '#pragma message: PROFILER-NOC-FLUSH,/opt/tt-metal/tt_metal/tools/profiler/kernel_profiler.hpp,481,KERNEL_PROFILER'
   32 | #define DO_PRAGMA(x) _Pragma(#x)
      |                      ^~~~~~~
/opt/tt-metal/tt_metal/tools/profiler/kernel_profiler.hpp:42:5: note: in expansion of macro 'DO_PRAGMA'
   42 |     DO_PRAGMA(message(PROFILER_MSG_NAME(name))); \
      |     ^~~~~~~~~
/opt/tt-metal/tt_metal/tools/profiler/kernel_profiler.hpp:481:17: note: in expansion of macro 'SrcLocNameToHash'
  481 |                 SrcLocNameToHash("PROFILER-NOC-FLUSH");
      |                 ^~~~~~~~~~~~~~~~
/opt/tt-metal/tt_metal/tools/profiler/kernel_profiler.hpp:32:22: note: '#pragma message: PROFILER-DRAM-PUSH,/opt/tt-metal/tt_metal/tools/profiler/kernel_profiler.hpp,490,KERNEL_PROFILER'
   32 | #define DO_PRAGMA(x) _Pragma(#x)
      |                      ^~~~~~~
/opt/tt-metal/tt_metal/tools/profiler/kernel_profiler.hpp:42:5: note: in expansion of macro 'DO_PRAGMA'
   42 |     DO_PRAGMA(message(PROFILER_MSG_NAME(name))); \
      |     ^~~~~~~~~
/opt/tt-metal/tt_metal/tools/profiler/kernel_profiler.hpp:490:17: note: in expansion of macro 'SrcLocNameToHash'
  490 |                 SrcLocNameToHash("PROFILER-DRAM-PUSH");
      |                 ^~~~~~~~~~~~~~~~
/opt/tt-metal/tt_metal/tools/profiler/kernel_profiler.hpp: In function 'void kernel_profiler::quick_push()':
/opt/tt-metal/tt_metal/tools/profiler/kernel_profiler.hpp:32:22: note: '#pragma message: PROFILER-NOC-QUICK-PUSH,/opt/tt-metal/tt_metal/tools/profiler/kernel_profiler.hpp,633,KERNEL_PROFILER'
   32 | #define DO_PRAGMA(x) _Pragma(#x)
      |                      ^~~~~~~
/opt/tt-metal/tt_metal/tools/profiler/kernel_profiler.hpp:42:5: note: in expansion of macro 'DO_PRAGMA'
   42 |     DO_PRAGMA(message(PROFILER_MSG_NAME(name))); \
      |     ^~~~~~~~~
/opt/tt-metal/tt_metal/tools/profiler/kernel_profiler.hpp:633:5: note: in expansion of macro 'SrcLocNameToHash'
  633 |     SrcLocNameToHash("PROFILER-NOC-QUICK-PUSH");
      |     ^~~~~~~~~~~~~~~~
/opt/tt-metal/tt_metal/hw/firmware/src/tt-1xx/brisck.cc: In function 'uint32_t _start()':
/opt/tt-metal/tt_metal/tools/profiler/kernel_profiler.hpp:32:22: note: '#pragma message: BRISC-KERNEL,/opt/tt-metal/tt_metal/hw/firmware/src/tt-1xx/brisck.cc,77,KERNEL_PROFILER'
   32 | #define DO_PRAGMA(x) _Pragma(#x)
      |                      ^~~~~~~
/opt/tt-metal/tt_metal/tools/profiler/kernel_profiler.hpp:1047:5: note: in expansion of macro 'DO_PRAGMA'
 1047 |     DO_PRAGMA(message(PROFILER_MSG_NAME(name)));                               \
      |     ^~~~~~~~~
/opt/tt-metal/tt_metal/hw/firmware/src/tt-1xx/brisck.cc:77:9: note: in expansion of macro 'DeviceZoneScopedMainChildN'
   77 |         DeviceZoneScopedMainChildN("BRISC-KERNEL");
      |         ^~~~~~~~~~~~~~~~~~~~~~~~~~
Building trisc0, compile step:
/opt/tt-metal/runtime/sfpi/compiler/bin/riscv-tt-elf-g++ -O3 -std=c++17 -ftt-nttp -ftt-constinit -ftt-consteval -ftt-no-dyninit -flto=1 -flto-partition=one -ffast-math -fno-finite-math-only -fsigned-zeros -fno-associative-math -fno-exceptions -fno-rtti -fno-use-cxa-atexit -g -MMD -Wall -Werror -Wno-error=deprecated-declarations -Wno-error=multistatement-macros -Wno-error=parentheses -Wno-error=unused-but-set-variable -Wno-unused-variable -Wno-unused-function --param=min-pagesize=0 -mcpu=tt-bh-tensix -Winvalid-pch -Wno-error=invalid-pch -I. -I.. -I/opt/tt-metal/ -I/opt/tt-metal/ttnn -I/opt/tt-metal/ttnn/cpp -I/opt/tt-metal/tt_metal -I/opt/tt-metal/tt_metal/hw/inc -I/opt/tt-metal/tt_metal/tt-llk/common -I/opt/tt-metal/tt_metal/tt-llk/tools/include -I/opt/tt-metal/tt_metal/hostdevcommon/api -I/opt/tt-metal/tt_metal/api/ -I/opt/tt-metal/runtime/sfpi/include -I/opt/tt-metal/tt_metal/hw/ckernels/blackhole/metal/common -I/opt/tt-metal/tt_metal/hw/ckernels/blackhole/metal/llk_io -I/opt/tt-metal/tt_metal/hw/inc/internal/tt-1xx -I/opt/tt-metal/tt_metal/hw/inc/internal/tt-1xx/blackhole -I/opt/tt-metal/tt_metal/hw/inc/internal/tt-1xx/blackhole/blackhole_defines -I/opt/tt-metal/tt_metal/hw/inc/internal/tt-1xx/blackhole/noc -I/opt/tt-metal/tt_metal/tt-llk/tt_llk_blackhole/common/inc -I/opt/tt-metal/tt_metal/tt-llk/tt_llk_blackhole/llk_lib -I/opt/tt-metal/tt_metal/tt-llk/tt_llk_blackhole/llk_lib/hal -I/opt/tt-metal/tt_metal/hw/ckernels/blackhole/metal/llk_api -I/opt/tt-metal/tt_metal/hw/ckernels/blackhole/metal/llk_api/llk_sfpu -I/opt/tt-metal/tt_metal/hw/firmware/src/tt-1xx -I/opt/tt-metal/models/experimental/pi0/tt/megakernel/kernels -include /sp/ttcache_prof/tt-metal-cache/pch/e13a6eedc934b130/pch.h -DIS_NOT_POW2_NUM_L1_BANKS=1 -DLOG_BASE_2_OF_NUM_DRAM_BANKS=3 -DNUM_DRAM_BANKS=8 -DNUM_L1_BANKS=110 -DPCIE_NOC_X=19 -DPCIE_NOC_Y=24 -DTENSIX_FIRMWARE -DLOCAL_MEM_EN=0 -DPROFILE_KERNEL=1 -DPROFILER_FULL_HOST_BUFFER_SIZE_PER_RISC=768000 -DPROCESSOR_INDEX=2 -DUCK_CHLKC_UNPACK -DCOMPILE_FOR_TRISC=0 -DPROGRAMMABLE_CORE_TYPE=0 -DARCH_BLACKHOLE -DDISPATCH_MESSAGE_ADDR=4290184248 -DKERNEL_BUILD -DFULL_KERNEL_NAME="mk_trisc/14201138385118474816/" -DKERNEL_COMPILE_TIME_ARGS=1,29,5,6,897988541,0,1088,2,2048,0,2048,0,2048,0,2048,2,2048,2,2048 -c -o /sp/ttcache_prof/tt-metal-cache8908659371042919221/kernels/mk_trisc/14201138385118474816/trisc0/trisck.2475656884148353978_1.o /opt/tt-metal/tt_metal/hw/firmware/src/tt-1xx/trisck.cc -MF /sp/ttcache_prof/tt-metal-cache8908659371042919221/kernels/mk_trisc/14201138385118474816/trisc0/trisck.2475656884148353978_1.d
In file included from /opt/tt-metal/tt_metal/hw/ckernels/blackhole/metal/llk_io/llk_io_unpack.h:13,
                 from /opt/tt-metal/tt_metal/hw/inc/api/compute/compute_kernel_api.h:98,
                 from /opt/tt-metal/models/experimental/pi0/tt/megakernel/kernels/mk_trisc.cpp:22,
                 from ../chlkc_unpack.cpp:4,
                 from /opt/tt-metal/tt_metal/hw/ckernels/blackhole/metal/common/chlkc_list.h:26,
                 from /opt/tt-metal/tt_metal/hw/firmware/src/tt-1xx/trisck.cc:14:
/opt/tt-metal/tt_metal/hw/ckernels/blackhole/metal/llk_io/llk_io_unpack.h: In function 'void llk_wait_tiles(int, int32_t)':
/opt/tt-metal/tt_metal/tools/profiler/kernel_profiler.hpp:32:22: note: '#pragma message: CB-COMPUTE-WAIT-FRONT,/opt/tt-metal/tt_metal/hw/ckernels/blackhole/metal/llk_io/llk_io_unpack.h,19,KERNEL_PROFILER'
   32 | #define DO_PRAGMA(x) _Pragma(#x)
      |                      ^~~~~~~
/opt/tt-metal/tt_metal/tools/profiler/kernel_profiler.hpp:1052:5: note: in expansion of macro 'DO_PRAGMA'
 1052 |     DO_PRAGMA(message(PROFILER_MSG_NAME(name)));                               \
      |     ^~~~~~~~~
/opt/tt-metal/tt_metal/hw/ckernels/blackhole/metal/llk_io/llk_io_unpack.h:19:5: note: in expansion of macro 'DeviceZoneScopedSumN1'
   19 |     DeviceZoneScopedSumN1("CB-COMPUTE-WAIT-FRONT");
      |     ^~~~~~~~~~~~~~~~~~~~~
/opt/tt-metal/tt_metal/hw/firmware/src/tt-1xx/trisck.cc: In function 'uint32_t _start()':
/opt/tt-metal/tt_metal/tools/profiler/kernel_profiler.hpp:32:22: note: '#pragma message: TRISC-KERNEL,/opt/tt-metal/tt_metal/hw/firmware/src/tt-1xx/trisck.cc,89,KERNEL_PROFILER'
   32 | #define DO_PRAGMA(x) _Pragma(#x)
      |                      ^~~~~~~
/opt/tt-metal/tt_metal/tools/profiler/kernel_profiler.hpp:1047:5: note: in expansion of macro 'DO_PRAGMA'
 1047 |     DO_PRAGMA(message(PROFILER_MSG_NAME(name)));                               \
      |     ^~~~~~~~~
/opt/tt-metal/tt_metal/hw/firmware/src/tt-1xx/trisck.cc:89:5: note: in expansion of macro 'DeviceZoneScopedMainChildN'
   89 |     DeviceZoneScopedMainChildN("TRISC-KERNEL");
      |     ^~~~~~~~~~~~~~~~~~~~~~~~~~
Building trisc2, compile step:
/opt/tt-metal/runtime/sfpi/compiler/bin/riscv-tt-elf-g++ -O3 -std=c++17 -ftt-nttp -ftt-constinit -ftt-consteval -ftt-no-dyninit -flto=1 -flto-partition=one -ffast-math -fno-finite-math-only -fsigned-zeros -fno-associative-math -fno-exceptions -fno-rtti -fno-use-cxa-atexit -g -MMD -Wall -Werror -Wno-error=deprecated-declarations -Wno-error=multistatement-macros -Wno-error=parentheses -Wno-error=unused-but-set-variable -Wno-unused-variable -Wno-unused-function --param=min-pagesize=0 -mcpu=tt-bh-tensix -Winvalid-pch -Wno-error=invalid-pch -I. -I.. -I/opt/tt-metal/ -I/opt/tt-metal/ttnn -I/opt/tt-metal/ttnn/cpp -I/opt/tt-metal/tt_metal -I/opt/tt-metal/tt_metal/hw/inc -I/opt/tt-metal/tt_metal/tt-llk/common -I/opt/tt-metal/tt_metal/tt-llk/tools/include -I/opt/tt-metal/tt_metal/hostdevcommon/api -I/opt/tt-metal/tt_metal/api/ -I/opt/tt-metal/runtime/sfpi/include -I/opt/tt-metal/tt_metal/hw/ckernels/blackhole/metal/common -I/opt/tt-metal/tt_metal/hw/ckernels/blackhole/metal/llk_io -I/opt/tt-metal/tt_metal/hw/inc/internal/tt-1xx -I/opt/tt-metal/tt_metal/hw/inc/internal/tt-1xx/blackhole -I/opt/tt-metal/tt_metal/hw/inc/internal/tt-1xx/blackhole/blackhole_defines -I/opt/tt-metal/tt_metal/hw/inc/internal/tt-1xx/blackhole/noc -I/opt/tt-metal/tt_metal/tt-llk/tt_llk_blackhole/common/inc -I/opt/tt-metal/tt_metal/tt-llk/tt_llk_blackhole/llk_lib -I/opt/tt-metal/tt_metal/tt-llk/tt_llk_blackhole/llk_lib/hal -I/opt/tt-metal/tt_metal/hw/ckernels/blackhole/metal/llk_api -I/opt/tt-metal/tt_metal/hw/ckernels/blackhole/metal/llk_api/llk_sfpu -I/opt/tt-metal/tt_metal/hw/firmware/src/tt-1xx -I/opt/tt-metal/models/experimental/pi0/tt/megakernel/kernels -include /sp/ttcache_prof/tt-metal-cache/pch/e13a6eedc934b130/pch.h -DIS_NOT_POW2_NUM_L1_BANKS=1 -DLOG_BASE_2_OF_NUM_DRAM_BANKS=3 -DNUM_DRAM_BANKS=8 -DNUM_L1_BANKS=110 -DPCIE_NOC_X=19 -DPCIE_NOC_Y=24 -DTENSIX_FIRMWARE -DLOCAL_MEM_EN=0 -DPROFILE_KERNEL=1 -DPROFILER_FULL_HOST_BUFFER_SIZE_PER_RISC=768000 -DPROCESSOR_INDEX=4 -DUCK_CHLKC_PACK -DCOMPILE_FOR_TRISC=2 -DPROGRAMMABLE_CORE_TYPE=0 -DARCH_BLACKHOLE -DDISPATCH_MESSAGE_ADDR=4290184248 -DKERNEL_BUILD -DFULL_KERNEL_NAME="mk_trisc/14201138385118474816/" -DKERNEL_COMPILE_TIME_ARGS=1,29,5,6,897988541,0,1088,2,2048,0,2048,0,2048,0,2048,2,2048,2,2048 -c -o /sp/ttcache_prof/tt-metal-cache8908659371042919221/kernels/mk_trisc/14201138385118474816/trisc2/trisck.2475656884148353978_1.o /opt/tt-metal/tt_metal/hw/firmware/src/tt-1xx/trisck.cc -MF /sp/ttcache_prof/tt-metal-cache8908659371042919221/kernels/mk_trisc/14201138385118474816/trisc2/trisck.2475656884148353978_1.d
In file included from /opt/tt-metal/tt_metal/hw/ckernels/blackhole/metal/llk_io/llk_io_pack.h:14,
                 from /opt/tt-metal/tt_metal/hw/inc/api/compute/compute_kernel_api.h:73,
                 from /opt/tt-metal/models/experimental/pi0/tt/megakernel/kernels/mk_trisc.cpp:22,
                 from ../chlkc_pack.cpp:4,
                 from /opt/tt-metal/tt_metal/hw/ckernels/blackhole/metal/common/chlkc_list.h:21,
                 from /opt/tt-metal/tt_metal/hw/firmware/src/tt-1xx/trisck.cc:14:
/opt/tt-metal/tt_metal/hw/ckernels/blackhole/metal/llk_io/llk_io_pack.h: In function 'void llk_wait_for_free_tiles(int32_t, int32_t)':
/opt/tt-metal/tt_metal/tools/profiler/kernel_profiler.hpp:32:22: note: '#pragma message: CB-COMPUTE-RESERVE-BACK,/opt/tt-metal/tt_metal/hw/ckernels/blackhole/metal/llk_io/llk_io_pack.h,21,KERNEL_PROFILER'
   32 | #define DO_PRAGMA(x) _Pragma(#x)
      |                      ^~~~~~~
/opt/tt-metal/tt_metal/tools/profiler/kernel_profiler.hpp:1057:5: note: in expansion of macro 'DO_PRAGMA'
 1057 |     DO_PRAGMA(message(PROFILER_MSG_NAME(name)));                               \
      |     ^~~~~~~~~
/opt/tt-metal/tt_metal/hw/ckernels/blackhole/metal/llk_io/llk_io_pack.h:21:5: note: in expansion of macro 'DeviceZoneScopedSumN2'
   21 |     DeviceZoneScopedSumN2("CB-COMPUTE-RESERVE-BACK");
      |     ^~~~~~~~~~~~~~~~~~~~~
/opt/tt-metal/tt_metal/hw/firmware/src/tt-1xx/trisck.cc: In function 'uint32_t _start()':
/opt/tt-metal/tt_metal/tools/profiler/kernel_profiler.hpp:32:22: note: '#pragma message: TRISC-KERNEL,/opt/tt-metal/tt_metal/hw/firmware/src/tt-1xx/trisck.cc,89,KERNEL_PROFILER'
   32 | #define DO_PRAGMA(x) _Pragma(#x)
      |                      ^~~~~~~
/opt/tt-metal/tt_metal/tools/profiler/kernel_profiler.hpp:1047:5: note: in expansion of macro 'DO_PRAGMA'
 1047 |     DO_PRAGMA(message(PROFILER_MSG_NAME(name)));                               \
      |     ^~~~~~~~~
/opt/tt-metal/tt_metal/hw/firmware/src/tt-1xx/trisck.cc:89:5: note: in expansion of macro 'DeviceZoneScopedMainChildN'
   89 |     DeviceZoneScopedMainChildN("TRISC-KERNEL");
      |     ^~~~~~~~~~~~~~~~~~~~~~~~~~
Building trisc1, compile step:
/opt/tt-metal/runtime/sfpi/compiler/bin/riscv-tt-elf-g++ -O3 -std=c++17 -ftt-nttp -ftt-constinit -ftt-consteval -ftt-no-dyninit -flto=1 -flto-partition=one -ffast-math -fno-finite-math-only -fsigned-zeros -fno-associative-math -fno-exceptions -fno-rtti -fno-use-cxa-atexit -g -MMD -Wall -Werror -Wno-error=deprecated-declarations -Wno-error=multistatement-macros -Wno-error=parentheses -Wno-error=unused-but-set-variable -Wno-unused-variable -Wno-unused-function --param=min-pagesize=0 -mcpu=tt-bh-tensix -Winvalid-pch -Wno-error=invalid-pch -I. -I.. -I/opt/tt-metal/ -I/opt/tt-metal/ttnn -I/opt/tt-metal/ttnn/cpp -I/opt/tt-metal/tt_metal -I/opt/tt-metal/tt_metal/hw/inc -I/opt/tt-metal/tt_metal/tt-llk/common -I/opt/tt-metal/tt_metal/tt-llk/tools/include -I/opt/tt-metal/tt_metal/hostdevcommon/api -I/opt/tt-metal/tt_metal/api/ -I/opt/tt-metal/runtime/sfpi/include -I/opt/tt-metal/tt_metal/hw/ckernels/blackhole/metal/common -I/opt/tt-metal/tt_metal/hw/ckernels/blackhole/metal/llk_io -I/opt/tt-metal/tt_metal/hw/inc/internal/tt-1xx -I/opt/tt-metal/tt_metal/hw/inc/internal/tt-1xx/blackhole -I/opt/tt-metal/tt_metal/hw/inc/internal/tt-1xx/blackhole/blackhole_defines -I/opt/tt-metal/tt_metal/hw/inc/internal/tt-1xx/blackhole/noc -I/opt/tt-metal/tt_metal/tt-llk/tt_llk_blackhole/common/inc -I/opt/tt-metal/tt_metal/tt-llk/tt_llk_blackhole/llk_lib -I/opt/tt-metal/tt_metal/tt-llk/tt_llk_blackhole/llk_lib/hal -I/opt/tt-metal/tt_metal/hw/ckernels/blackhole/metal/llk_api -I/opt/tt-metal/tt_metal/hw/ckernels/blackhole/metal/llk_api/llk_sfpu -I/opt/tt-metal/tt_metal/hw/firmware/src/tt-1xx -I/opt/tt-metal/models/experimental/pi0/tt/megakernel/kernels -include /sp/ttcache_prof/tt-metal-cache/pch/e13a6eedc934b130/pch.h -DIS_NOT_POW2_NUM_L1_BANKS=1 -DLOG_BASE_2_OF_NUM_DRAM_BANKS=3 -DNUM_DRAM_BANKS=8 -DNUM_L1_BANKS=110 -DPCIE_NOC_X=19 -DPCIE_NOC_Y=24 -DTENSIX_FIRMWARE -DLOCAL_MEM_EN=0 -DPROFILE_KERNEL=1 -DPROFILER_FULL_HOST_BUFFER_SIZE_PER_RISC=768000 -DPROCESSOR_INDEX=3 -DUCK_CHLKC_MATH -DCOMPILE_FOR_TRISC=1 -DPROGRAMMABLE_CORE_TYPE=0 -DARCH_BLACKHOLE -DDISPATCH_MESSAGE_ADDR=4290184248 -DKERNEL_BUILD -DFULL_KERNEL_NAME="mk_trisc/14201138385118474816/" -DKERNEL_COMPILE_TIME_ARGS=1,29,5,6,897988541,0,1088,2,2048,0,2048,0,2048,0,2048,2,2048,2,2048 -c -o /sp/ttcache_prof/tt-metal-cache8908659371042919221/kernels/mk_trisc/14201138385118474816/trisc1/trisck.2475656884148353978_1.o /opt/tt-metal/tt_metal/hw/firmware/src/tt-1xx/trisck.cc -MF /sp/ttcache_prof/tt-metal-cache8908659371042919221/kernels/mk_trisc/14201138385118474816/trisc1/trisck.2475656884148353978_1.d
In file included from /opt/tt-metal/tt_metal/hw/firmware/src/tt-1xx/trisck.cc:16:
/opt/tt-metal/tt_metal/hw/firmware/src/tt-1xx/trisck.cc: In function 'uint32_t _start()':
/opt/tt-metal/tt_metal/tools/profiler/kernel_profiler.hpp:32:22: note: '#pragma message: TRISC-KERNEL,/opt/tt-metal/tt_metal/hw/firmware/src/tt-1xx/trisck.cc,89,KERNEL_PROFILER'
   32 | #define DO_PRAGMA(x) _Pragma(#x)
      |                      ^~~~~~~
/opt/tt-metal/tt_metal/tools/profiler/kernel_profiler.hpp:1047:5: note: in expansion of macro 'DO_PRAGMA'
 1047 |     DO_PRAGMA(message(PROFILER_MSG_NAME(name)));                               \
      |     ^~~~~~~~~
/opt/tt-metal/tt_metal/hw/firmware/src/tt-1xx/trisck.cc:89:5: note: in expansion of macro 'DeviceZoneScopedMainChildN'
   89 |     DeviceZoneScopedMainChildN("TRISC-KERNEL");
      |     ^~~~~~~~~~~~~~~~~~~~~~~~~~
Building ncrisc, compile step:
/opt/tt-metal/runtime/sfpi/compiler/bin/riscv-tt-elf-g++ -O2 -std=c++17 -ftt-nttp -ftt-constinit -ftt-consteval -ftt-no-dyninit -flto=1 -flto-partition=one -ffast-math -fno-finite-math-only -fsigned-zeros -fno-associative-math -fno-exceptions -fno-rtti -fno-use-cxa-atexit -g -MMD -Wall -Werror -Wno-error=deprecated-declarations -Wno-error=multistatement-macros -Wno-error=parentheses -Wno-error=unused-but-set-variable -Wno-unused-variable -Wno-unused-function --param=min-pagesize=0 -mcpu=tt-bh -fno-tree-loop-distribute-patterns -Winvalid-pch -Wno-error=invalid-pch -I. -I.. -I/opt/tt-metal/ -I/opt/tt-metal/ttnn -I/opt/tt-metal/ttnn/cpp -I/opt/tt-metal/tt_metal -I/opt/tt-metal/tt_metal/hw/inc -I/opt/tt-metal/tt_metal/tt-llk/common -I/opt/tt-metal/tt_metal/tt-llk/tools/include -I/opt/tt-metal/tt_metal/hostdevcommon/api -I/opt/tt-metal/tt_metal/api/ -I/opt/tt-metal/tt_metal/hw/ckernels/blackhole/metal/common -I/opt/tt-metal/tt_metal/hw/ckernels/blackhole/metal/llk_io -I/opt/tt-metal/tt_metal/hw/inc/internal/tt-1xx -I/opt/tt-metal/tt_metal/hw/inc/internal/tt-1xx/blackhole -I/opt/tt-metal/tt_metal/hw/inc/internal/tt-1xx/blackhole/blackhole_defines -I/opt/tt-metal/tt_metal/hw/inc/internal/tt-1xx/blackhole/noc -I/opt/tt-metal/tt_metal/tt-llk/tt_llk_blackhole/common/inc -I/opt/tt-metal/tt_metal/tt-llk/tt_llk_blackhole/llk_lib -I/opt/tt-metal/tt_metal/tt-llk/tt_llk_blackhole/llk_lib/hal -I/opt/tt-metal/tt_metal/hw/firmware/src/tt-1xx -I/opt/tt-metal/models/experimental/pi0/tt/megakernel/kernels_p2 -include /sp/ttcache_prof/tt-metal-cache/pch/1b9e28ac75b7aabf/pch.h -DIS_NOT_POW2_NUM_L1_BANKS=1 -DLOG_BASE_2_OF_NUM_DRAM_BANKS=3 -DNUM_DRAM_BANKS=8 -DNUM_L1_BANKS=110 -DPCIE_NOC_X=19 -DPCIE_NOC_Y=24 -DTENSIX_FIRMWARE -DLOCAL_MEM_EN=0 -DPROFILE_KERNEL=1 -DPROFILER_FULL_HOST_BUFFER_SIZE_PER_RISC=768000 -DPROCESSOR_INDEX=1 -DCOMPILE_FOR_NCRISC -DPROGRAMMABLE_CORE_TYPE=0 -DARCH_BLACKHOLE -DDISPATCH_MESSAGE_ADDR=4290184248 -DKERNEL_BUILD -DMK_FID8_HIFI2=1 -DPE_ATT_FID=3 -DPE_ATT_FLAT=2 -DPE_CT0=19 -DPE_MM_FID=3 -DPE_NO_EXPERT=1 -DNOC_INDEX=0 -DNOC_MODE=0 -DFULL_KERNEL_NAME="whole_ncrisc/5498472304334861128/" -DKERNEL_COMPILE_TIME_ARGS=1,29,5,6,897988541,0,1088,2,2048,0,2048,0,2048,0,2048,2,2048,2,2048,28,26,7,2,64,897988541,897988541,1110770931,972160,2,4,108,2,4096,0,1088 -c -o /sp/ttcache_prof/tt-metal-cache8908659371042919221/kernels/whole_ncrisc/5498472304334861128/ncrisc/ncrisck.2475656884148353978_1.o /opt/tt-metal/tt_metal/hw/firmware/src/tt-1xx/ncrisck.cc -MF /sp/ttcache_prof/tt-metal-cache8908659371042919221/kernels/whole_ncrisc/5498472304334861128/ncrisc/ncrisck.2475656884148353978_1.d
In file included from /opt/tt-metal/tt_metal/hw/inc/api/dataflow/dataflow_api.h:24,
                 from /opt/tt-metal/tt_metal/hw/inc/internal/firmware_common.h:23,
                 from /opt/tt-metal/tt_metal/hw/firmware/src/tt-1xx/ncrisck.cc:17:
/opt/tt-metal/tt_metal/tools/profiler/kernel_profiler.hpp: In function 'void kernel_profiler::quick_push()':
/opt/tt-metal/tt_metal/tools/profiler/kernel_profiler.hpp:32:22: note: '#pragma message: PROFILER-NOC-QUICK-PUSH,/opt/tt-metal/tt_metal/tools/profiler/kernel_profiler.hpp,633,KERNEL_PROFILER'
   32 | #define DO_PRAGMA(x) _Pragma(#x)
      |                      ^~~~~~~
/opt/tt-metal/tt_metal/tools/profiler/kernel_profiler.hpp:42:5: note: in expansion of macro 'DO_PRAGMA'
   42 |     DO_PRAGMA(message(PROFILER_MSG_NAME(name))); \
      |     ^~~~~~~~~
/opt/tt-metal/tt_metal/tools/profiler/kernel_profiler.hpp:633:5: note: in expansion of macro 'SrcLocNameToHash'
  633 |     SrcLocNameToHash("PROFILER-NOC-QUICK-PUSH");
      |     ^~~~~~~~~~~~~~~~
/opt/tt-metal/tt_metal/hw/firmware/src/tt-1xx/ncrisck.cc: In function 'uint32_t _start()':
/opt/tt-metal/tt_metal/tools/profiler/kernel_profiler.hpp:32:22: note: '#pragma message: NCRISC-KERNEL,/opt/tt-metal/tt_metal/hw/firmware/src/tt-1xx/ncrisck.cc,70,KERNEL_PROFILER'
   32 | #define DO_PRAGMA(x) _Pragma(#x)
      |                      ^~~~~~~
/opt/tt-metal/tt_metal/tools/profiler/kernel_profiler.hpp:1047:5: note: in expansion of macro 'DO_PRAGMA'
 1047 |     DO_PRAGMA(message(PROFILER_MSG_NAME(name)));                               \
      |     ^~~~~~~~~
/opt/tt-metal/tt_metal/hw/firmware/src/tt-1xx/ncrisck.cc:70:5: note: in expansion of macro 'DeviceZoneScopedMainChildN'
   70 |     DeviceZoneScopedMainChildN("NCRISC-KERNEL");
      |     ^~~~~~~~~~~~~~~~~~~~~~~~~~
Building brisc, compile step:
/opt/tt-metal/runtime/sfpi/compiler/bin/riscv-tt-elf-g++ -O2 -std=c++17 -ftt-nttp -ftt-constinit -ftt-consteval -ftt-no-dyninit -flto=1 -flto-partition=one -ffast-math -fno-finite-math-only -fsigned-zeros -fno-associative-math -fno-exceptions -fno-rtti -fno-use-cxa-atexit -g -MMD -Wall -Werror -Wno-error=deprecated-declarations -Wno-error=multistatement-macros -Wno-error=parentheses -Wno-error=unused-but-set-variable -Wno-unused-variable -Wno-unused-function --param=min-pagesize=0 -mcpu=tt-bh -fno-tree-loop-distribute-patterns -Winvalid-pch -Wno-error=invalid-pch -I. -I.. -I/opt/tt-metal/ -I/opt/tt-metal/ttnn -I/opt/tt-metal/ttnn/cpp -I/opt/tt-metal/tt_metal -I/opt/tt-metal/tt_metal/hw/inc -I/opt/tt-metal/tt_metal/tt-llk/common -I/opt/tt-metal/tt_metal/tt-llk/tools/include -I/opt/tt-metal/tt_metal/hostdevcommon/api -I/opt/tt-metal/tt_metal/api/ -I/opt/tt-metal/tt_metal/hw/ckernels/blackhole/metal/common -I/opt/tt-metal/tt_metal/hw/ckernels/blackhole/metal/llk_io -I/opt/tt-metal/tt_metal/hw/inc/internal/tt-1xx -I/opt/tt-metal/tt_metal/hw/inc/internal/tt-1xx/blackhole -I/opt/tt-metal/tt_metal/hw/inc/internal/tt-1xx/blackhole/blackhole_defines -I/opt/tt-metal/tt_metal/hw/inc/internal/tt-1xx/blackhole/noc -I/opt/tt-metal/tt_metal/tt-llk/tt_llk_blackhole/common/inc -I/opt/tt-metal/tt_metal/tt-llk/tt_llk_blackhole/llk_lib -I/opt/tt-metal/tt_metal/tt-llk/tt_llk_blackhole/llk_lib/hal -I/opt/tt-metal/tt_metal/hw/firmware/src/tt-1xx -I/opt/tt-metal/models/experimental/pi0/tt/megakernel/kernels_p2 -include /sp/ttcache_prof/tt-metal-cache/pch/1b9e28ac75b7aabf/pch.h -DIS_NOT_POW2_NUM_L1_BANKS=1 -DLOG_BASE_2_OF_NUM_DRAM_BANKS=3 -DNUM_DRAM_BANKS=8 -DNUM_L1_BANKS=110 -DPCIE_NOC_X=19 -DPCIE_NOC_Y=24 -DTENSIX_FIRMWARE -DLOCAL_MEM_EN=0 -DPROFILE_KERNEL=1 -DPROFILER_FULL_HOST_BUFFER_SIZE_PER_RISC=768000 -DPROCESSOR_INDEX=0 -DCOMPILE_FOR_BRISC -DPROGRAMMABLE_CORE_TYPE=0 -DARCH_BLACKHOLE -DDISPATCH_MESSAGE_ADDR=4290184248 -DKERNEL_BUILD -DMK_FID8_HIFI2=1 -DPE_ATT_FID=3 -DPE_ATT_FLAT=2 -DPE_CT0=19 -DPE_MM_FID=3 -DPE_NO_EXPERT=1 -DNOC_INDEX=1 -DNOC_MODE=0 -DFULL_KERNEL_NAME="whole_brisc/3282255763814731618/" -DKERNEL_COMPILE_TIME_ARGS=1,29,5,6,897988541,0,1088,2,2048,0,2048,0,2048,0,2048,2,2048,2,2048,28,26,7,2,64,897988541,897988541,1110770931,972160,2,4,108,2,4096,0,1088 -c -o /sp/ttcache_prof/tt-metal-cache8908659371042919221/kernels/whole_brisc/3282255763814731618/brisc/brisck.2475656884148353978_1.o /opt/tt-metal/tt_metal/hw/firmware/src/tt-1xx/brisck.cc -MF /sp/ttcache_prof/tt-metal-cache8908659371042919221/kernels/whole_brisc/3282255763814731618/brisc/brisck.2475656884148353978_1.d
In file included from /opt/tt-metal/tt_metal/hw/inc/api/dataflow/dataflow_api.h:24,
                 from /opt/tt-metal/tt_metal/hw/inc/internal/firmware_common.h:23,
                 from /opt/tt-metal/tt_metal/hw/firmware/src/tt-1xx/brisck.cc:16:
/opt/tt-metal/tt_metal/tools/profiler/kernel_profiler.hpp: In function 'void kernel_profiler::finish_profiler(bool)':
/opt/tt-metal/tt_metal/tools/profiler/kernel_profiler.hpp:32:22: note: '#pragma message: PROFILER-NOC-FLUSH,/opt/tt-metal/tt_metal/tools/profiler/kernel_profiler.hpp,481,KERNEL_PROFILER'
   32 | #define DO_PRAGMA(x) _Pragma(#x)
      |                      ^~~~~~~
/opt/tt-metal/tt_metal/tools/profiler/kernel_profiler.hpp:42:5: note: in expansion of macro 'DO_PRAGMA'
   42 |     DO_PRAGMA(message(PROFILER_MSG_NAME(name))); \
      |     ^~~~~~~~~
/opt/tt-metal/tt_metal/tools/profiler/kernel_profiler.hpp:481:17: note: in expansion of macro 'SrcLocNameToHash'
  481 |                 SrcLocNameToHash("PROFILER-NOC-FLUSH");
      |                 ^~~~~~~~~~~~~~~~
/opt/tt-metal/tt_metal/tools/profiler/kernel_profiler.hpp:32:22: note: '#pragma message: PROFILER-DRAM-PUSH,/opt/tt-metal/tt_metal/tools/profiler/kernel_profiler.hpp,490,KERNEL_PROFILER'
   32 | #define DO_PRAGMA(x) _Pragma(#x)
      |                      ^~~~~~~
/opt/tt-metal/tt_metal/tools/profiler/kernel_profiler.hpp:42:5: note: in expansion of macro 'DO_PRAGMA'
   42 |     DO_PRAGMA(message(PROFILER_MSG_NAME(name))); \
      |     ^~~~~~~~~
/opt/tt-metal/tt_metal/tools/profiler/kernel_profiler.hpp:490:17: note: in expansion of macro 'SrcLocNameToHash'
  490 |                 SrcLocNameToHash("PROFILER-DRAM-PUSH");
      |                 ^~~~~~~~~~~~~~~~
/opt/tt-metal/tt_metal/tools/profiler/kernel_profiler.hpp: In function 'void kernel_profiler::quick_push()':
/opt/tt-metal/tt_metal/tools/profiler/kernel_profiler.hpp:32:22: note: '#pragma message: PROFILER-NOC-QUICK-PUSH,/opt/tt-metal/tt_metal/tools/profiler/kernel_profiler.hpp,633,KERNEL_PROFILER'
   32 | #define DO_PRAGMA(x) _Pragma(#x)
      |                      ^~~~~~~
/opt/tt-metal/tt_metal/tools/profiler/kernel_profiler.hpp:42:5: note: in expansion of macro 'DO_PRAGMA'
   42 |     DO_PRAGMA(message(PROFILER_MSG_NAME(name))); \
      |     ^~~~~~~~~
/opt/tt-metal/tt_metal/tools/profiler/kernel_profiler.hpp:633:5: note: in expansion of macro 'SrcLocNameToHash'
  633 |     SrcLocNameToHash("PROFILER-NOC-QUICK-PUSH");
      |     ^~~~~~~~~~~~~~~~
/opt/tt-metal/tt_metal/hw/firmware/src/tt-1xx/brisck.cc: In function 'uint32_t _start()':
/opt/tt-metal/tt_metal/tools/profiler/kernel_profiler.hpp:32:22: note: '#pragma message: BRISC-KERNEL,/opt/tt-metal/tt_metal/hw/firmware/src/tt-1xx/brisck.cc,77,KERNEL_PROFILER'
   32 | #define DO_PRAGMA(x) _Pragma(#x)
      |                      ^~~~~~~
/opt/tt-metal/tt_metal/tools/profiler/kernel_profiler.hpp:1047:5: note: in expansion of macro 'DO_PRAGMA'
 1047 |     DO_PRAGMA(message(PROFILER_MSG_NAME(name)));                               \
      |     ^~~~~~~~~
/opt/tt-metal/tt_metal/hw/firmware/src/tt-1xx/brisck.cc:77:9: note: in expansion of macro 'DeviceZoneScopedMainChildN'
   77 |         DeviceZoneScopedMainChildN("BRISC-KERNEL");
      |         ^~~~~~~~~~~~~~~~~~~~~~~~~~
Building trisc0, compile step:
/opt/tt-metal/runtime/sfpi/compiler/bin/riscv-tt-elf-g++ -O3 -std=c++17 -ftt-nttp -ftt-constinit -ftt-consteval -ftt-no-dyninit -flto=1 -flto-partition=one -ffast-math -fno-finite-math-only -fsigned-zeros -fno-associative-math -fno-exceptions -fno-rtti -fno-use-cxa-atexit -g -MMD -Wall -Werror -Wno-error=deprecated-declarations -Wno-error=multistatement-macros -Wno-error=parentheses -Wno-error=unused-but-set-variable -Wno-unused-variable -Wno-unused-function --param=min-pagesize=0 -mcpu=tt-bh-tensix -Winvalid-pch -Wno-error=invalid-pch -I. -I.. -I/opt/tt-metal/ -I/opt/tt-metal/ttnn -I/opt/tt-metal/ttnn/cpp -I/opt/tt-metal/tt_metal -I/opt/tt-metal/tt_metal/hw/inc -I/opt/tt-metal/tt_metal/tt-llk/common -I/opt/tt-metal/tt_metal/tt-llk/tools/include -I/opt/tt-metal/tt_metal/hostdevcommon/api -I/opt/tt-metal/tt_metal/api/ -I/opt/tt-metal/runtime/sfpi/include -I/opt/tt-metal/tt_metal/hw/ckernels/blackhole/metal/common -I/opt/tt-metal/tt_metal/hw/ckernels/blackhole/metal/llk_io -I/opt/tt-metal/tt_metal/hw/inc/internal/tt-1xx -I/opt/tt-metal/tt_metal/hw/inc/internal/tt-1xx/blackhole -I/opt/tt-metal/tt_metal/hw/inc/internal/tt-1xx/blackhole/blackhole_defines -I/opt/tt-metal/tt_metal/hw/inc/internal/tt-1xx/blackhole/noc -I/opt/tt-metal/tt_metal/tt-llk/tt_llk_blackhole/common/inc -I/opt/tt-metal/tt_metal/tt-llk/tt_llk_blackhole/llk_lib -I/opt/tt-metal/tt_metal/tt-llk/tt_llk_blackhole/llk_lib/hal -I/opt/tt-metal/tt_metal/hw/ckernels/blackhole/metal/llk_api -I/opt/tt-metal/tt_metal/hw/ckernels/blackhole/metal/llk_api/llk_sfpu -I/opt/tt-metal/tt_metal/hw/firmware/src/tt-1xx -I/opt/tt-metal/models/experimental/pi0/tt/megakernel/kernels_p2 -include /sp/ttcache_prof/tt-metal-cache/pch/e13a6eedc934b130/pch.h -DIS_NOT_POW2_NUM_L1_BANKS=1 -DLOG_BASE_2_OF_NUM_DRAM_BANKS=3 -DNUM_DRAM_BANKS=8 -DNUM_L1_BANKS=110 -DPCIE_NOC_X=19 -DPCIE_NOC_Y=24 -DTENSIX_FIRMWARE -DLOCAL_MEM_EN=0 -DPROFILE_KERNEL=1 -DPROFILER_FULL_HOST_BUFFER_SIZE_PER_RISC=768000 -DPROCESSOR_INDEX=2 -DUCK_CHLKC_UNPACK -DCOMPILE_FOR_TRISC=0 -DPROGRAMMABLE_CORE_TYPE=0 -DARCH_BLACKHOLE -DDISPATCH_MESSAGE_ADDR=4290184248 -DKERNEL_BUILD -DFULL_KERNEL_NAME="whole_trisc/4555138898757163446/" -DKERNEL_COMPILE_TIME_ARGS=1,29,5,6,897988541,0,1088,2,2048,0,2048,0,2048,0,2048,2,2048,2,2048,28,26,7,2,64,897988541,897988541,1110770931,972160,2,4,108,2,4096,0,1088 -c -o /sp/ttcache_prof/tt-metal-cache8908659371042919221/kernels/whole_trisc/4555138898757163446/trisc0/trisck.2475656884148353978_1.o /opt/tt-metal/tt_metal/hw/firmware/src/tt-1xx/trisck.cc -MF /sp/ttcache_prof/tt-metal-cache8908659371042919221/kernels/whole_trisc/4555138898757163446/trisc0/trisck.2475656884148353978_1.d
In file included from /opt/tt-metal/tt_metal/hw/ckernels/blackhole/metal/llk_io/llk_io_unpack.h:13,
                 from /opt/tt-metal/tt_metal/hw/inc/api/compute/compute_kernel_api.h:98,
                 from /opt/tt-metal/models/experimental/pi0/tt/megakernel/kernels_p2/../kernels/mk_trisc.cpp:22,
                 from /opt/tt-metal/models/experimental/pi0/tt/megakernel/kernels_p2/whole_trisc.cpp:12,
                 from ../chlkc_unpack.cpp:4,
                 from /opt/tt-metal/tt_metal/hw/ckernels/blackhole/metal/common/chlkc_list.h:26,
                 from /opt/tt-metal/tt_metal/hw/firmware/src/tt-1xx/trisck.cc:14:
/opt/tt-metal/tt_metal/hw/ckernels/blackhole/metal/llk_io/llk_io_unpack.h: In function 'void llk_wait_tiles(int, int32_t)':
/opt/tt-metal/tt_metal/tools/profiler/kernel_profiler.hpp:32:22: note: '#pragma message: CB-COMPUTE-WAIT-FRONT,/opt/tt-metal/tt_metal/hw/ckernels/blackhole/metal/llk_io/llk_io_unpack.h,19,KERNEL_PROFILER'
   32 | #define DO_PRAGMA(x) _Pragma(#x)
      |                      ^~~~~~~
/opt/tt-metal/tt_metal/tools/profiler/kernel_profiler.hpp:1052:5: note: in expansion of macro 'DO_PRAGMA'
 1052 |     DO_PRAGMA(message(PROFILER_MSG_NAME(name)));                               \
      |     ^~~~~~~~~
/opt/tt-metal/tt_metal/hw/ckernels/blackhole/metal/llk_io/llk_io_unpack.h:19:5: note: in expansion of macro 'DeviceZoneScopedSumN1'
   19 |     DeviceZoneScopedSumN1("CB-COMPUTE-WAIT-FRONT");
      |     ^~~~~~~~~~~~~~~~~~~~~
/opt/tt-metal/tt_metal/hw/firmware/src/tt-1xx/trisck.cc: In function 'uint32_t _start()':
/opt/tt-metal/tt_metal/tools/profiler/kernel_profiler.hpp:32:22: note: '#pragma message: TRISC-KERNEL,/opt/tt-metal/tt_metal/hw/firmware/src/tt-1xx/trisck.cc,89,KERNEL_PROFILER'
   32 | #define DO_PRAGMA(x) _Pragma(#x)
      |                      ^~~~~~~
/opt/tt-metal/tt_metal/tools/profiler/kernel_profiler.hpp:1047:5: note: in expansion of macro 'DO_PRAGMA'
 1047 |     DO_PRAGMA(message(PROFILER_MSG_NAME(name)));                               \
      |     ^~~~~~~~~
/opt/tt-metal/tt_metal/hw/firmware/src/tt-1xx/trisck.cc:89:5: note: in expansion of macro 'DeviceZoneScopedMainChildN'
   89 |     DeviceZoneScopedMainChildN("TRISC-KERNEL");
      |     ^~~~~~~~~~~~~~~~~~~~~~~~~~
Building trisc2, compile step:
/opt/tt-metal/runtime/sfpi/compiler/bin/riscv-tt-elf-g++ -O3 -std=c++17 -ftt-nttp -ftt-constinit -ftt-consteval -ftt-no-dyninit -flto=1 -flto-partition=one -ffast-math -fno-finite-math-only -fsigned-zeros -fno-associative-math -fno-exceptions -fno-rtti -fno-use-cxa-atexit -g -MMD -Wall -Werror -Wno-error=deprecated-declarations -Wno-error=multistatement-macros -Wno-error=parentheses -Wno-error=unused-but-set-variable -Wno-unused-variable -Wno-unused-function --param=min-pagesize=0 -mcpu=tt-bh-tensix -Winvalid-pch -Wno-error=invalid-pch -I. -I.. -I/opt/tt-metal/ -I/opt/tt-metal/ttnn -I/opt/tt-metal/ttnn/cpp -I/opt/tt-metal/tt_metal -I/opt/tt-metal/tt_metal/hw/inc -I/opt/tt-metal/tt_metal/tt-llk/common -I/opt/tt-metal/tt_metal/tt-llk/tools/include -I/opt/tt-metal/tt_metal/hostdevcommon/api -I/opt/tt-metal/tt_metal/api/ -I/opt/tt-metal/runtime/sfpi/include -I/opt/tt-metal/tt_metal/hw/ckernels/blackhole/metal/common -I/opt/tt-metal/tt_metal/hw/ckernels/blackhole/metal/llk_io -I/opt/tt-metal/tt_metal/hw/inc/internal/tt-1xx -I/opt/tt-metal/tt_metal/hw/inc/internal/tt-1xx/blackhole -I/opt/tt-metal/tt_metal/hw/inc/internal/tt-1xx/blackhole/blackhole_defines -I/opt/tt-metal/tt_metal/hw/inc/internal/tt-1xx/blackhole/noc -I/opt/tt-metal/tt_metal/tt-llk/tt_llk_blackhole/common/inc -I/opt/tt-metal/tt_metal/tt-llk/tt_llk_blackhole/llk_lib -I/opt/tt-metal/tt_metal/tt-llk/tt_llk_blackhole/llk_lib/hal -I/opt/tt-metal/tt_metal/hw/ckernels/blackhole/metal/llk_api -I/opt/tt-metal/tt_metal/hw/ckernels/blackhole/metal/llk_api/llk_sfpu -I/opt/tt-metal/tt_metal/hw/firmware/src/tt-1xx -I/opt/tt-metal/models/experimental/pi0/tt/megakernel/kernels_p2 -include /sp/ttcache_prof/tt-metal-cache/pch/e13a6eedc934b130/pch.h -DIS_NOT_POW2_NUM_L1_BANKS=1 -DLOG_BASE_2_OF_NUM_DRAM_BANKS=3 -DNUM_DRAM_BANKS=8 -DNUM_L1_BANKS=110 -DPCIE_NOC_X=19 -DPCIE_NOC_Y=24 -DTENSIX_FIRMWARE -DLOCAL_MEM_EN=0 -DPROFILE_KERNEL=1 -DPROFILER_FULL_HOST_BUFFER_SIZE_PER_RISC=768000 -DPROCESSOR_INDEX=4 -DUCK_CHLKC_PACK -DCOMPILE_FOR_TRISC=2 -DPROGRAMMABLE_CORE_TYPE=0 -DARCH_BLACKHOLE -DDISPATCH_MESSAGE_ADDR=4290184248 -DKERNEL_BUILD -DFULL_KERNEL_NAME="whole_trisc/4555138898757163446/" -DKERNEL_COMPILE_TIME_ARGS=1,29,5,6,897988541,0,1088,2,2048,0,2048,0,2048,0,2048,2,2048,2,2048,28,26,7,2,64,897988541,897988541,1110770931,972160,2,4,108,2,4096,0,1088 -c -o /sp/ttcache_prof/tt-metal-cache8908659371042919221/kernels/whole_trisc/4555138898757163446/trisc2/trisck.2475656884148353978_1.o /opt/tt-metal/tt_metal/hw/firmware/src/tt-1xx/trisck.cc -MF /sp/ttcache_prof/tt-metal-cache8908659371042919221/kernels/whole_trisc/4555138898757163446/trisc2/trisck.2475656884148353978_1.d
In file included from /opt/tt-metal/tt_metal/hw/ckernels/blackhole/metal/llk_io/llk_io_pack.h:14,
                 from /opt/tt-metal/tt_metal/hw/inc/api/compute/compute_kernel_api.h:73,
                 from /opt/tt-metal/models/experimental/pi0/tt/megakernel/kernels_p2/../kernels/mk_trisc.cpp:22,
                 from /opt/tt-metal/models/experimental/pi0/tt/megakernel/kernels_p2/whole_trisc.cpp:12,
                 from ../chlkc_pack.cpp:4,
                 from /opt/tt-metal/tt_metal/hw/ckernels/blackhole/metal/common/chlkc_list.h:21,
                 from /opt/tt-metal/tt_metal/hw/firmware/src/tt-1xx/trisck.cc:14:
/opt/tt-metal/tt_metal/hw/ckernels/blackhole/metal/llk_io/llk_io_pack.h: In function 'void llk_wait_for_free_tiles(int32_t, int32_t)':
/opt/tt-metal/tt_metal/tools/profiler/kernel_profiler.hpp:32:22: note: '#pragma message: CB-COMPUTE-RESERVE-BACK,/opt/tt-metal/tt_metal/hw/ckernels/blackhole/metal/llk_io/llk_io_pack.h,21,KERNEL_PROFILER'
   32 | #define DO_PRAGMA(x) _Pragma(#x)
      |                      ^~~~~~~
/opt/tt-metal/tt_metal/tools/profiler/kernel_profiler.hpp:1057:5: note: in expansion of macro 'DO_PRAGMA'
 1057 |     DO_PRAGMA(message(PROFILER_MSG_NAME(name)));                               \
      |     ^~~~~~~~~
/opt/tt-metal/tt_metal/hw/ckernels/blackhole/metal/llk_io/llk_io_pack.h:21:5: note: in expansion of macro 'DeviceZoneScopedSumN2'
   21 |     DeviceZoneScopedSumN2("CB-COMPUTE-RESERVE-BACK");
      |     ^~~~~~~~~~~~~~~~~~~~~
/opt/tt-metal/tt_metal/hw/firmware/src/tt-1xx/trisck.cc: In function 'uint32_t _start()':
/opt/tt-metal/tt_metal/tools/profiler/kernel_profiler.hpp:32:22: note: '#pragma message: TRISC-KERNEL,/opt/tt-metal/tt_metal/hw/firmware/src/tt-1xx/trisck.cc,89,KERNEL_PROFILER'
   32 | #define DO_PRAGMA(x) _Pragma(#x)
      |                      ^~~~~~~
/opt/tt-metal/tt_metal/tools/profiler/kernel_profiler.hpp:1047:5: note: in expansion of macro 'DO_PRAGMA'
 1047 |     DO_PRAGMA(message(PROFILER_MSG_NAME(name)));                               \
      |     ^~~~~~~~~
/opt/tt-metal/tt_metal/hw/firmware/src/tt-1xx/trisck.cc:89:5: note: in expansion of macro 'DeviceZoneScopedMainChildN'
   89 |     DeviceZoneScopedMainChildN("TRISC-KERNEL");
      |     ^~~~~~~~~~~~~~~~~~~~~~~~~~
Building trisc1, compile step:
/opt/tt-metal/runtime/sfpi/compiler/bin/riscv-tt-elf-g++ -O3 -std=c++17 -ftt-nttp -ftt-constinit -ftt-consteval -ftt-no-dyninit -flto=1 -flto-partition=one -ffast-math -fno-finite-math-only -fsigned-zeros -fno-associative-math -fno-exceptions -fno-rtti -fno-use-cxa-atexit -g -MMD -Wall -Werror -Wno-error=deprecated-declarations -Wno-error=multistatement-macros -Wno-error=parentheses -Wno-error=unused-but-set-variable -Wno-unused-variable -Wno-unused-function --param=min-pagesize=0 -mcpu=tt-bh-tensix -Winvalid-pch -Wno-error=invalid-pch -I. -I.. -I/opt/tt-metal/ -I/opt/tt-metal/ttnn -I/opt/tt-metal/ttnn/cpp -I/opt/tt-metal/tt_metal -I/opt/tt-metal/tt_metal/hw/inc -I/opt/tt-metal/tt_metal/tt-llk/common -I/opt/tt-metal/tt_metal/tt-llk/tools/include -I/opt/tt-metal/tt_metal/hostdevcommon/api -I/opt/tt-metal/tt_metal/api/ -I/opt/tt-metal/runtime/sfpi/include -I/opt/tt-metal/tt_metal/hw/ckernels/blackhole/metal/common -I/opt/tt-metal/tt_metal/hw/ckernels/blackhole/metal/llk_io -I/opt/tt-metal/tt_metal/hw/inc/internal/tt-1xx -I/opt/tt-metal/tt_metal/hw/inc/internal/tt-1xx/blackhole -I/opt/tt-metal/tt_metal/hw/inc/internal/tt-1xx/blackhole/blackhole_defines -I/opt/tt-metal/tt_metal/hw/inc/internal/tt-1xx/blackhole/noc -I/opt/tt-metal/tt_metal/tt-llk/tt_llk_blackhole/common/inc -I/opt/tt-metal/tt_metal/tt-llk/tt_llk_blackhole/llk_lib -I/opt/tt-metal/tt_metal/tt-llk/tt_llk_blackhole/llk_lib/hal -I/opt/tt-metal/tt_metal/hw/ckernels/blackhole/metal/llk_api -I/opt/tt-metal/tt_metal/hw/ckernels/blackhole/metal/llk_api/llk_sfpu -I/opt/tt-metal/tt_metal/hw/firmware/src/tt-1xx -I/opt/tt-metal/models/experimental/pi0/tt/megakernel/kernels_p2 -include /sp/ttcache_prof/tt-metal-cache/pch/e13a6eedc934b130/pch.h -DIS_NOT_POW2_NUM_L1_BANKS=1 -DLOG_BASE_2_OF_NUM_DRAM_BANKS=3 -DNUM_DRAM_BANKS=8 -DNUM_L1_BANKS=110 -DPCIE_NOC_X=19 -DPCIE_NOC_Y=24 -DTENSIX_FIRMWARE -DLOCAL_MEM_EN=0 -DPROFILE_KERNEL=1 -DPROFILER_FULL_HOST_BUFFER_SIZE_PER_RISC=768000 -DPROCESSOR_INDEX=3 -DUCK_CHLKC_MATH -DCOMPILE_FOR_TRISC=1 -DPROGRAMMABLE_CORE_TYPE=0 -DARCH_BLACKHOLE -DDISPATCH_MESSAGE_ADDR=4290184248 -DKERNEL_BUILD -DFULL_KERNEL_NAME="whole_trisc/4555138898757163446/" -DKERNEL_COMPILE_TIME_ARGS=1,29,5,6,897988541,0,1088,2,2048,0,2048,0,2048,0,2048,2,2048,2,2048,28,26,7,2,64,897988541,897988541,1110770931,972160,2,4,108,2,4096,0,1088 -c -o /sp/ttcache_prof/tt-metal-cache8908659371042919221/kernels/whole_trisc/4555138898757163446/trisc1/trisck.2475656884148353978_1.o /opt/tt-metal/tt_metal/hw/firmware/src/tt-1xx/trisck.cc -MF /sp/ttcache_prof/tt-metal-cache8908659371042919221/kernels/whole_trisc/4555138898757163446/trisc1/trisck.2475656884148353978_1.d
In file included from /opt/tt-metal/tt_metal/hw/firmware/src/tt-1xx/trisck.cc:16:
/opt/tt-metal/tt_metal/hw/firmware/src/tt-1xx/trisck.cc: In function 'uint32_t _start()':
/opt/tt-metal/tt_metal/tools/profiler/kernel_profiler.hpp:32:22: note: '#pragma message: TRISC-KERNEL,/opt/tt-metal/tt_metal/hw/firmware/src/tt-1xx/trisck.cc,89,KERNEL_PROFILER'
   32 | #define DO_PRAGMA(x) _Pragma(#x)
      |                      ^~~~~~~
/opt/tt-metal/tt_metal/tools/profiler/kernel_profiler.hpp:1047:5: note: in expansion of macro 'DO_PRAGMA'
 1047 |     DO_PRAGMA(message(PROFILER_MSG_NAME(name)));                               \
      |     ^~~~~~~~~
/opt/tt-metal/tt_metal/hw/firmware/src/tt-1xx/trisck.cc:89:5: note: in expansion of macro 'DeviceZoneScopedMainChildN'
   89 |     DeviceZoneScopedMainChildN("TRISC-KERNEL");
      |     ^~~~~~~~~~~~~~~~~~~~~~~~~~
Building ncrisc, compile step:
/opt/tt-metal/runtime/sfpi/compiler/bin/riscv-tt-elf-g++ -O2 -std=c++17 -ftt-nttp -ftt-constinit -ftt-consteval -ftt-no-dyninit -flto=1 -flto-partition=one -ffast-math -fno-finite-math-only -fsigned-zeros -fno-associative-math -fno-exceptions -fno-rtti -fno-use-cxa-atexit -g -MMD -Wall -Werror -Wno-error=deprecated-declarations -Wno-error=multistatement-macros -Wno-error=parentheses -Wno-error=unused-but-set-variable -Wno-unused-variable -Wno-unused-function --param=min-pagesize=0 -mcpu=tt-bh -fno-tree-loop-distribute-patterns -Winvalid-pch -Wno-error=invalid-pch -I. -I.. -I/opt/tt-metal/ -I/opt/tt-metal/ttnn -I/opt/tt-metal/ttnn/cpp -I/opt/tt-metal/tt_metal -I/opt/tt-metal/tt_metal/hw/inc -I/opt/tt-metal/tt_metal/tt-llk/common -I/opt/tt-metal/tt_metal/tt-llk/tools/include -I/opt/tt-metal/tt_metal/hostdevcommon/api -I/opt/tt-metal/tt_metal/api/ -I/opt/tt-metal/tt_metal/hw/ckernels/blackhole/metal/common -I/opt/tt-metal/tt_metal/hw/ckernels/blackhole/metal/llk_io -I/opt/tt-metal/tt_metal/hw/inc/internal/tt-1xx -I/opt/tt-metal/tt_metal/hw/inc/internal/tt-1xx/blackhole -I/opt/tt-metal/tt_metal/hw/inc/internal/tt-1xx/blackhole/blackhole_defines -I/opt/tt-metal/tt_metal/hw/inc/internal/tt-1xx/blackhole/noc -I/opt/tt-metal/tt_metal/tt-llk/tt_llk_blackhole/common/inc -I/opt/tt-metal/tt_metal/tt-llk/tt_llk_blackhole/llk_lib -I/opt/tt-metal/tt_metal/tt-llk/tt_llk_blackhole/llk_lib/hal -I/opt/tt-metal/tt_metal/hw/firmware/src/tt-1xx -I/opt/tt-metal/models/experimental/pi0/tt/megakernel/kernels_p2 -include /sp/ttcache_prof/tt-metal-cache/pch/1b9e28ac75b7aabf/pch.h -DIS_NOT_POW2_NUM_L1_BANKS=1 -DLOG_BASE_2_OF_NUM_DRAM_BANKS=3 -DNUM_DRAM_BANKS=8 -DNUM_L1_BANKS=110 -DPCIE_NOC_X=19 -DPCIE_NOC_Y=24 -DTENSIX_FIRMWARE -DLOCAL_MEM_EN=0 -DPROFILE_KERNEL=1 -DPROFILER_FULL_HOST_BUFFER_SIZE_PER_RISC=768000 -DPROCESSOR_INDEX=1 -DCOMPILE_FOR_NCRISC -DPROGRAMMABLE_CORE_TYPE=0 -DARCH_BLACKHOLE -DDISPATCH_MESSAGE_ADDR=4290184248 -DKERNEL_BUILD -DMK_FID8_HIFI2=1 -DPE_ATT_FID=3 -DPE_ATT_FLAT=2 -DPE_CT0=19 -DPE_MM_FID=3 -DPE_NO_EXPERT=1 -DNOC_INDEX=0 -DNOC_MODE=0 -DFULL_KERNEL_NAME="whole_ncrisc/516118252184799359/" -DKERNEL_COMPILE_TIME_ARGS=1,29,5,6,897988541,0,1088,2,2048,0,2048,0,2048,0,2048,2,2048,2,2048,28,26,7,2,64,897988541,897988541,1110770931,648320,1,4,108,2,4096,0,1088 -c -o /sp/ttcache_prof/tt-metal-cache8908659371042919221/kernels/whole_ncrisc/516118252184799359/ncrisc/ncrisck.2475656884148353978_1.o /opt/tt-metal/tt_metal/hw/firmware/src/tt-1xx/ncrisck.cc -MF /sp/ttcache_prof/tt-metal-cache8908659371042919221/kernels/whole_ncrisc/516118252184799359/ncrisc/ncrisck.2475656884148353978_1.d
In file included from /opt/tt-metal/tt_metal/hw/inc/api/dataflow/dataflow_api.h:24,
                 from /opt/tt-metal/tt_metal/hw/inc/internal/firmware_common.h:23,
                 from /opt/tt-metal/tt_metal/hw/firmware/src/tt-1xx/ncrisck.cc:17:
/opt/tt-metal/tt_metal/tools/profiler/kernel_profiler.hpp: In function 'void kernel_profiler::quick_push()':
/opt/tt-metal/tt_metal/tools/profiler/kernel_profiler.hpp:32:22: note: '#pragma message: PROFILER-NOC-QUICK-PUSH,/opt/tt-metal/tt_metal/tools/profiler/kernel_profiler.hpp,633,KERNEL_PROFILER'
   32 | #define DO_PRAGMA(x) _Pragma(#x)
      |                      ^~~~~~~
/opt/tt-metal/tt_metal/tools/profiler/kernel_profiler.hpp:42:5: note: in expansion of macro 'DO_PRAGMA'
   42 |     DO_PRAGMA(message(PROFILER_MSG_NAME(name))); \
      |     ^~~~~~~~~
/opt/tt-metal/tt_metal/tools/profiler/kernel_profiler.hpp:633:5: note: in expansion of macro 'SrcLocNameToHash'
  633 |     SrcLocNameToHash("PROFILER-NOC-QUICK-PUSH");
      |     ^~~~~~~~~~~~~~~~
/opt/tt-metal/tt_metal/hw/firmware/src/tt-1xx/ncrisck.cc: In function 'uint32_t _start()':
/opt/tt-metal/tt_metal/tools/profiler/kernel_profiler.hpp:32:22: note: '#pragma message: NCRISC-KERNEL,/opt/tt-metal/tt_metal/hw/firmware/src/tt-1xx/ncrisck.cc,70,KERNEL_PROFILER'
   32 | #define DO_PRAGMA(x) _Pragma(#x)
      |                      ^~~~~~~
/opt/tt-metal/tt_metal/tools/profiler/kernel_profiler.hpp:1047:5: note: in expansion of macro 'DO_PRAGMA'
 1047 |     DO_PRAGMA(message(PROFILER_MSG_NAME(name)));                               \
      |     ^~~~~~~~~
/opt/tt-metal/tt_metal/hw/firmware/src/tt-1xx/ncrisck.cc:70:5: note: in expansion of macro 'DeviceZoneScopedMainChildN'
   70 |     DeviceZoneScopedMainChildN("NCRISC-KERNEL");
      |     ^~~~~~~~~~~~~~~~~~~~~~~~~~
Building brisc, compile step:
/opt/tt-metal/runtime/sfpi/compiler/bin/riscv-tt-elf-g++ -O2 -std=c++17 -ftt-nttp -ftt-constinit -ftt-consteval -ftt-no-dyninit -flto=1 -flto-partition=one -ffast-math -fno-finite-math-only -fsigned-zeros -fno-associative-math -fno-exceptions -fno-rtti -fno-use-cxa-atexit -g -MMD -Wall -Werror -Wno-error=deprecated-declarations -Wno-error=multistatement-macros -Wno-error=parentheses -Wno-error=unused-but-set-variable -Wno-unused-variable -Wno-unused-function --param=min-pagesize=0 -mcpu=tt-bh -fno-tree-loop-distribute-patterns -Winvalid-pch -Wno-error=invalid-pch -I. -I.. -I/opt/tt-metal/ -I/opt/tt-metal/ttnn -I/opt/tt-metal/ttnn/cpp -I/opt/tt-metal/tt_metal -I/opt/tt-metal/tt_metal/hw/inc -I/opt/tt-metal/tt_metal/tt-llk/common -I/opt/tt-metal/tt_metal/tt-llk/tools/include -I/opt/tt-metal/tt_metal/hostdevcommon/api -I/opt/tt-metal/tt_metal/api/ -I/opt/tt-metal/tt_metal/hw/ckernels/blackhole/metal/common -I/opt/tt-metal/tt_metal/hw/ckernels/blackhole/metal/llk_io -I/opt/tt-metal/tt_metal/hw/inc/internal/tt-1xx -I/opt/tt-metal/tt_metal/hw/inc/internal/tt-1xx/blackhole -I/opt/tt-metal/tt_metal/hw/inc/internal/tt-1xx/blackhole/blackhole_defines -I/opt/tt-metal/tt_metal/hw/inc/internal/tt-1xx/blackhole/noc -I/opt/tt-metal/tt_metal/tt-llk/tt_llk_blackhole/common/inc -I/opt/tt-metal/tt_metal/tt-llk/tt_llk_blackhole/llk_lib -I/opt/tt-metal/tt_metal/tt-llk/tt_llk_blackhole/llk_lib/hal -I/opt/tt-metal/tt_metal/hw/firmware/src/tt-1xx -I/opt/tt-metal/models/experimental/pi0/tt/megakernel/kernels_p2 -include /sp/ttcache_prof/tt-metal-cache/pch/1b9e28ac75b7aabf/pch.h -DIS_NOT_POW2_NUM_L1_BANKS=1 -DLOG_BASE_2_OF_NUM_DRAM_BANKS=3 -DNUM_DRAM_BANKS=8 -DNUM_L1_BANKS=110 -DPCIE_NOC_X=19 -DPCIE_NOC_Y=24 -DTENSIX_FIRMWARE -DLOCAL_MEM_EN=0 -DPROFILE_KERNEL=1 -DPROFILER_FULL_HOST_BUFFER_SIZE_PER_RISC=768000 -DPROCESSOR_INDEX=0 -DCOMPILE_FOR_BRISC -DPROGRAMMABLE_CORE_TYPE=0 -DARCH_BLACKHOLE -DDISPATCH_MESSAGE_ADDR=4290184248 -DKERNEL_BUILD -DMK_FID8_HIFI2=1 -DPE_ATT_FID=3 -DPE_ATT_FLAT=2 -DPE_CT0=19 -DPE_MM_FID=3 -DPE_NO_EXPERT=1 -DNOC_INDEX=1 -DNOC_MODE=0 -DFULL_KERNEL_NAME="whole_brisc/1519615411860031713/" -DKERNEL_COMPILE_TIME_ARGS=1,29,5,6,897988541,0,1088,2,2048,0,2048,0,2048,0,2048,2,2048,2,2048,28,26,7,2,64,897988541,897988541,1110770931,648320,1,4,108,2,4096,0,1088 -c -o /sp/ttcache_prof/tt-metal-cache8908659371042919221/kernels/whole_brisc/1519615411860031713/brisc/brisck.2475656884148353978_1.o /opt/tt-metal/tt_metal/hw/firmware/src/tt-1xx/brisck.cc -MF /sp/ttcache_prof/tt-metal-cache8908659371042919221/kernels/whole_brisc/1519615411860031713/brisc/brisck.2475656884148353978_1.d
In file included from /opt/tt-metal/tt_metal/hw/inc/api/dataflow/dataflow_api.h:24,
                 from /opt/tt-metal/tt_metal/hw/inc/internal/firmware_common.h:23,
                 from /opt/tt-metal/tt_metal/hw/firmware/src/tt-1xx/brisck.cc:16:
/opt/tt-metal/tt_metal/tools/profiler/kernel_profiler.hpp: In function 'void kernel_profiler::finish_profiler(bool)':
/opt/tt-metal/tt_metal/tools/profiler/kernel_profiler.hpp:32:22: note: '#pragma message: PROFILER-NOC-FLUSH,/opt/tt-metal/tt_metal/tools/profiler/kernel_profiler.hpp,481,KERNEL_PROFILER'
   32 | #define DO_PRAGMA(x) _Pragma(#x)
      |                      ^~~~~~~
/opt/tt-metal/tt_metal/tools/profiler/kernel_profiler.hpp:42:5: note: in expansion of macro 'DO_PRAGMA'
   42 |     DO_PRAGMA(message(PROFILER_MSG_NAME(name))); \
      |     ^~~~~~~~~
/opt/tt-metal/tt_metal/tools/profiler/kernel_profiler.hpp:481:17: note: in expansion of macro 'SrcLocNameToHash'
  481 |                 SrcLocNameToHash("PROFILER-NOC-FLUSH");
      |                 ^~~~~~~~~~~~~~~~
/opt/tt-metal/tt_metal/tools/profiler/kernel_profiler.hpp:32:22: note: '#pragma message: PROFILER-DRAM-PUSH,/opt/tt-metal/tt_metal/tools/profiler/kernel_profiler.hpp,490,KERNEL_PROFILER'
   32 | #define DO_PRAGMA(x) _Pragma(#x)
      |                      ^~~~~~~
/opt/tt-metal/tt_metal/tools/profiler/kernel_profiler.hpp:42:5: note: in expansion of macro 'DO_PRAGMA'
   42 |     DO_PRAGMA(message(PROFILER_MSG_NAME(name))); \
      |     ^~~~~~~~~
/opt/tt-metal/tt_metal/tools/profiler/kernel_profiler.hpp:490:17: note: in expansion of macro 'SrcLocNameToHash'
  490 |                 SrcLocNameToHash("PROFILER-DRAM-PUSH");
      |                 ^~~~~~~~~~~~~~~~
/opt/tt-metal/tt_metal/tools/profiler/kernel_profiler.hpp: In function 'void kernel_profiler::quick_push()':
/opt/tt-metal/tt_metal/tools/profiler/kernel_profiler.hpp:32:22: note: '#pragma message: PROFILER-NOC-QUICK-PUSH,/opt/tt-metal/tt_metal/tools/profiler/kernel_profiler.hpp,633,KERNEL_PROFILER'
   32 | #define DO_PRAGMA(x) _Pragma(#x)
      |                      ^~~~~~~
/opt/tt-metal/tt_metal/tools/profiler/kernel_profiler.hpp:42:5: note: in expansion of macro 'DO_PRAGMA'
   42 |     DO_PRAGMA(message(PROFILER_MSG_NAME(name))); \
      |     ^~~~~~~~~
/opt/tt-metal/tt_metal/tools/profiler/kernel_profiler.hpp:633:5: note: in expansion of macro 'SrcLocNameToHash'
  633 |     SrcLocNameToHash("PROFILER-NOC-QUICK-PUSH");
      |     ^~~~~~~~~~~~~~~~
/opt/tt-metal/tt_metal/hw/firmware/src/tt-1xx/brisck.cc: In function 'uint32_t _start()':
/opt/tt-metal/tt_metal/tools/profiler/kernel_profiler.hpp:32:22: note: '#pragma message: BRISC-KERNEL,/opt/tt-metal/tt_metal/hw/firmware/src/tt-1xx/brisck.cc,77,KERNEL_PROFILER'
   32 | #define DO_PRAGMA(x) _Pragma(#x)
      |                      ^~~~~~~
/opt/tt-metal/tt_metal/tools/profiler/kernel_profiler.hpp:1047:5: note: in expansion of macro 'DO_PRAGMA'
 1047 |     DO_PRAGMA(message(PROFILER_MSG_NAME(name)));                               \
      |     ^~~~~~~~~
/opt/tt-metal/tt_metal/hw/firmware/src/tt-1xx/brisck.cc:77:9: note: in expansion of macro 'DeviceZoneScopedMainChildN'
   77 |         DeviceZoneScopedMainChildN("BRISC-KERNEL");
      |         ^~~~~~~~~~~~~~~~~~~~~~~~~~
Building trisc0, compile step:
/opt/tt-metal/runtime/sfpi/compiler/bin/riscv-tt-elf-g++ -O3 -std=c++17 -ftt-nttp -ftt-constinit -ftt-consteval -ftt-no-dyninit -flto=1 -flto-partition=one -ffast-math -fno-finite-math-only -fsigned-zeros -fno-associative-math -fno-exceptions -fno-rtti -fno-use-cxa-atexit -g -MMD -Wall -Werror -Wno-error=deprecated-declarations -Wno-error=multistatement-macros -Wno-error=parentheses -Wno-error=unused-but-set-variable -Wno-unused-variable -Wno-unused-function --param=min-pagesize=0 -mcpu=tt-bh-tensix -Winvalid-pch -Wno-error=invalid-pch -I. -I.. -I/opt/tt-metal/ -I/opt/tt-metal/ttnn -I/opt/tt-metal/ttnn/cpp -I/opt/tt-metal/tt_metal -I/opt/tt-metal/tt_metal/hw/inc -I/opt/tt-metal/tt_metal/tt-llk/common -I/opt/tt-metal/tt_metal/tt-llk/tools/include -I/opt/tt-metal/tt_metal/hostdevcommon/api -I/opt/tt-metal/tt_metal/api/ -I/opt/tt-metal/runtime/sfpi/include -I/opt/tt-metal/tt_metal/hw/ckernels/blackhole/metal/common -I/opt/tt-metal/tt_metal/hw/ckernels/blackhole/metal/llk_io -I/opt/tt-metal/tt_metal/hw/inc/internal/tt-1xx -I/opt/tt-metal/tt_metal/hw/inc/internal/tt-1xx/blackhole -I/opt/tt-metal/tt_metal/hw/inc/internal/tt-1xx/blackhole/blackhole_defines -I/opt/tt-metal/tt_metal/hw/inc/internal/tt-1xx/blackhole/noc -I/opt/tt-metal/tt_metal/tt-llk/tt_llk_blackhole/common/inc -I/opt/tt-metal/tt_metal/tt-llk/tt_llk_blackhole/llk_lib -I/opt/tt-metal/tt_metal/tt-llk/tt_llk_blackhole/llk_lib/hal -I/opt/tt-metal/tt_metal/hw/ckernels/blackhole/metal/llk_api -I/opt/tt-metal/tt_metal/hw/ckernels/blackhole/metal/llk_api/llk_sfpu -I/opt/tt-metal/tt_metal/hw/firmware/src/tt-1xx -I/opt/tt-metal/models/experimental/pi0/tt/megakernel/kernels_p2 -include /sp/ttcache_prof/tt-metal-cache/pch/e13a6eedc934b130/pch.h -DIS_NOT_POW2_NUM_L1_BANKS=1 -DLOG_BASE_2_OF_NUM_DRAM_BANKS=3 -DNUM_DRAM_BANKS=8 -DNUM_L1_BANKS=110 -DPCIE_NOC_X=19 -DPCIE_NOC_Y=24 -DTENSIX_FIRMWARE -DLOCAL_MEM_EN=0 -DPROFILE_KERNEL=1 -DPROFILER_FULL_HOST_BUFFER_SIZE_PER_RISC=768000 -DPROCESSOR_INDEX=2 -DUCK_CHLKC_UNPACK -DCOMPILE_FOR_TRISC=0 -DPROGRAMMABLE_CORE_TYPE=0 -DARCH_BLACKHOLE -DDISPATCH_MESSAGE_ADDR=4290184248 -DKERNEL_BUILD -DFULL_KERNEL_NAME="whole_trisc/4581136440010276600/" -DKERNEL_COMPILE_TIME_ARGS=1,29,5,6,897988541,0,1088,2,2048,0,2048,0,2048,0,2048,2,2048,2,2048,28,26,7,2,64,897988541,897988541,1110770931,648320,1,4,108,2,4096,0,1088 -c -o /sp/ttcache_prof/tt-metal-cache8908659371042919221/kernels/whole_trisc/4581136440010276600/trisc0/trisck.2475656884148353978_1.o /opt/tt-metal/tt_metal/hw/firmware/src/tt-1xx/trisck.cc -MF /sp/ttcache_prof/tt-metal-cache8908659371042919221/kernels/whole_trisc/4581136440010276600/trisc0/trisck.2475656884148353978_1.d
In file included from /opt/tt-metal/tt_metal/hw/ckernels/blackhole/metal/llk_io/llk_io_unpack.h:13,
                 from /opt/tt-metal/tt_metal/hw/inc/api/compute/compute_kernel_api.h:98,
                 from /opt/tt-metal/models/experimental/pi0/tt/megakernel/kernels_p2/../kernels/mk_trisc.cpp:22,
                 from /opt/tt-metal/models/experimental/pi0/tt/megakernel/kernels_p2/whole_trisc.cpp:12,
                 from ../chlkc_unpack.cpp:4,
                 from /opt/tt-metal/tt_metal/hw/ckernels/blackhole/metal/common/chlkc_list.h:26,
                 from /opt/tt-metal/tt_metal/hw/firmware/src/tt-1xx/trisck.cc:14:
/opt/tt-metal/tt_metal/hw/ckernels/blackhole/metal/llk_io/llk_io_unpack.h: In function 'void llk_wait_tiles(int, int32_t)':
/opt/tt-metal/tt_metal/tools/profiler/kernel_profiler.hpp:32:22: note: '#pragma message: CB-COMPUTE-WAIT-FRONT,/opt/tt-metal/tt_metal/hw/ckernels/blackhole/metal/llk_io/llk_io_unpack.h,19,KERNEL_PROFILER'
   32 | #define DO_PRAGMA(x) _Pragma(#x)
      |                      ^~~~~~~
/opt/tt-metal/tt_metal/tools/profiler/kernel_profiler.hpp:1052:5: note: in expansion of macro 'DO_PRAGMA'
 1052 |     DO_PRAGMA(message(PROFILER_MSG_NAME(name)));                               \
      |     ^~~~~~~~~
/opt/tt-metal/tt_metal/hw/ckernels/blackhole/metal/llk_io/llk_io_unpack.h:19:5: note: in expansion of macro 'DeviceZoneScopedSumN1'
   19 |     DeviceZoneScopedSumN1("CB-COMPUTE-WAIT-FRONT");
      |     ^~~~~~~~~~~~~~~~~~~~~
/opt/tt-metal/tt_metal/hw/firmware/src/tt-1xx/trisck.cc: In function 'uint32_t _start()':
/opt/tt-metal/tt_metal/tools/profiler/kernel_profiler.hpp:32:22: note: '#pragma message: TRISC-KERNEL,/opt/tt-metal/tt_metal/hw/firmware/src/tt-1xx/trisck.cc,89,KERNEL_PROFILER'
   32 | #define DO_PRAGMA(x) _Pragma(#x)
      |                      ^~~~~~~
/opt/tt-metal/tt_metal/tools/profiler/kernel_profiler.hpp:1047:5: note: in expansion of macro 'DO_PRAGMA'
 1047 |     DO_PRAGMA(message(PROFILER_MSG_NAME(name)));                               \
      |     ^~~~~~~~~
/opt/tt-metal/tt_metal/hw/firmware/src/tt-1xx/trisck.cc:89:5: note: in expansion of macro 'DeviceZoneScopedMainChildN'
   89 |     DeviceZoneScopedMainChildN("TRISC-KERNEL");
      |     ^~~~~~~~~~~~~~~~~~~~~~~~~~
Building trisc2, compile step:
/opt/tt-metal/runtime/sfpi/compiler/bin/riscv-tt-elf-g++ -O3 -std=c++17 -ftt-nttp -ftt-constinit -ftt-consteval -ftt-no-dyninit -flto=1 -flto-partition=one -ffast-math -fno-finite-math-only -fsigned-zeros -fno-associative-math -fno-exceptions -fno-rtti -fno-use-cxa-atexit -g -MMD -Wall -Werror -Wno-error=deprecated-declarations -Wno-error=multistatement-macros -Wno-error=parentheses -Wno-error=unused-but-set-variable -Wno-unused-variable -Wno-unused-function --param=min-pagesize=0 -mcpu=tt-bh-tensix -Winvalid-pch -Wno-error=invalid-pch -I. -I.. -I/opt/tt-metal/ -I/opt/tt-metal/ttnn -I/opt/tt-metal/ttnn/cpp -I/opt/tt-metal/tt_metal -I/opt/tt-metal/tt_metal/hw/inc -I/opt/tt-metal/tt_metal/tt-llk/common -I/opt/tt-metal/tt_metal/tt-llk/tools/include -I/opt/tt-metal/tt_metal/hostdevcommon/api -I/opt/tt-metal/tt_metal/api/ -I/opt/tt-metal/runtime/sfpi/include -I/opt/tt-metal/tt_metal/hw/ckernels/blackhole/metal/common -I/opt/tt-metal/tt_metal/hw/ckernels/blackhole/metal/llk_io -I/opt/tt-metal/tt_metal/hw/inc/internal/tt-1xx -I/opt/tt-metal/tt_metal/hw/inc/internal/tt-1xx/blackhole -I/opt/tt-metal/tt_metal/hw/inc/internal/tt-1xx/blackhole/blackhole_defines -I/opt/tt-metal/tt_metal/hw/inc/internal/tt-1xx/blackhole/noc -I/opt/tt-metal/tt_metal/tt-llk/tt_llk_blackhole/common/inc -I/opt/tt-metal/tt_metal/tt-llk/tt_llk_blackhole/llk_lib -I/opt/tt-metal/tt_metal/tt-llk/tt_llk_blackhole/llk_lib/hal -I/opt/tt-metal/tt_metal/hw/ckernels/blackhole/metal/llk_api -I/opt/tt-metal/tt_metal/hw/ckernels/blackhole/metal/llk_api/llk_sfpu -I/opt/tt-metal/tt_metal/hw/firmware/src/tt-1xx -I/opt/tt-metal/models/experimental/pi0/tt/megakernel/kernels_p2 -include /sp/ttcache_prof/tt-metal-cache/pch/e13a6eedc934b130/pch.h -DIS_NOT_POW2_NUM_L1_BANKS=1 -DLOG_BASE_2_OF_NUM_DRAM_BANKS=3 -DNUM_DRAM_BANKS=8 -DNUM_L1_BANKS=110 -DPCIE_NOC_X=19 -DPCIE_NOC_Y=24 -DTENSIX_FIRMWARE -DLOCAL_MEM_EN=0 -DPROFILE_KERNEL=1 -DPROFILER_FULL_HOST_BUFFER_SIZE_PER_RISC=768000 -DPROCESSOR_INDEX=4 -DUCK_CHLKC_PACK -DCOMPILE_FOR_TRISC=2 -DPROGRAMMABLE_CORE_TYPE=0 -DARCH_BLACKHOLE -DDISPATCH_MESSAGE_ADDR=4290184248 -DKERNEL_BUILD -DFULL_KERNEL_NAME="whole_trisc/4581136440010276600/" -DKERNEL_COMPILE_TIME_ARGS=1,29,5,6,897988541,0,1088,2,2048,0,2048,0,2048,0,2048,2,2048,2,2048,28,26,7,2,64,897988541,897988541,1110770931,648320,1,4,108,2,4096,0,1088 -c -o /sp/ttcache_prof/tt-metal-cache8908659371042919221/kernels/whole_trisc/4581136440010276600/trisc2/trisck.2475656884148353978_1.o /opt/tt-metal/tt_metal/hw/firmware/src/tt-1xx/trisck.cc -MF /sp/ttcache_prof/tt-metal-cache8908659371042919221/kernels/whole_trisc/4581136440010276600/trisc2/trisck.2475656884148353978_1.d
In file included from /opt/tt-metal/tt_metal/hw/ckernels/blackhole/metal/llk_io/llk_io_pack.h:14,
                 from /opt/tt-metal/tt_metal/hw/inc/api/compute/compute_kernel_api.h:73,
                 from /opt/tt-metal/models/experimental/pi0/tt/megakernel/kernels_p2/../kernels/mk_trisc.cpp:22,
                 from /opt/tt-metal/models/experimental/pi0/tt/megakernel/kernels_p2/whole_trisc.cpp:12,
                 from ../chlkc_pack.cpp:4,
                 from /opt/tt-metal/tt_metal/hw/ckernels/blackhole/metal/common/chlkc_list.h:21,
                 from /opt/tt-metal/tt_metal/hw/firmware/src/tt-1xx/trisck.cc:14:
/opt/tt-metal/tt_metal/hw/ckernels/blackhole/metal/llk_io/llk_io_pack.h: In function 'void llk_wait_for_free_tiles(int32_t, int32_t)':
/opt/tt-metal/tt_metal/tools/profiler/kernel_profiler.hpp:32:22: note: '#pragma message: CB-COMPUTE-RESERVE-BACK,/opt/tt-metal/tt_metal/hw/ckernels/blackhole/metal/llk_io/llk_io_pack.h,21,KERNEL_PROFILER'
   32 | #define DO_PRAGMA(x) _Pragma(#x)
      |                      ^~~~~~~
/opt/tt-metal/tt_metal/tools/profiler/kernel_profiler.hpp:1057:5: note: in expansion of macro 'DO_PRAGMA'
 1057 |     DO_PRAGMA(message(PROFILER_MSG_NAME(name)));                               \
      |     ^~~~~~~~~
/opt/tt-metal/tt_metal/hw/ckernels/blackhole/metal/llk_io/llk_io_pack.h:21:5: note: in expansion of macro 'DeviceZoneScopedSumN2'
   21 |     DeviceZoneScopedSumN2("CB-COMPUTE-RESERVE-BACK");
      |     ^~~~~~~~~~~~~~~~~~~~~
/opt/tt-metal/tt_metal/hw/firmware/src/tt-1xx/trisck.cc: In function 'uint32_t _start()':
/opt/tt-metal/tt_metal/tools/profiler/kernel_profiler.hpp:32:22: note: '#pragma message: TRISC-KERNEL,/opt/tt-metal/tt_metal/hw/firmware/src/tt-1xx/trisck.cc,89,KERNEL_PROFILER'
   32 | #define DO_PRAGMA(x) _Pragma(#x)
      |                      ^~~~~~~
/opt/tt-metal/tt_metal/tools/profiler/kernel_profiler.hpp:1047:5: note: in expansion of macro 'DO_PRAGMA'
 1047 |     DO_PRAGMA(message(PROFILER_MSG_NAME(name)));                               \
      |     ^~~~~~~~~
/opt/tt-metal/tt_metal/hw/firmware/src/tt-1xx/trisck.cc:89:5: note: in expansion of macro 'DeviceZoneScopedMainChildN'
   89 |     DeviceZoneScopedMainChildN("TRISC-KERNEL");
      |     ^~~~~~~~~~~~~~~~~~~~~~~~~~
Building trisc1, compile step:
/opt/tt-metal/runtime/sfpi/compiler/bin/riscv-tt-elf-g++ -O3 -std=c++17 -ftt-nttp -ftt-constinit -ftt-consteval -ftt-no-dyninit -flto=1 -flto-partition=one -ffast-math -fno-finite-math-only -fsigned-zeros -fno-associative-math -fno-exceptions -fno-rtti -fno-use-cxa-atexit -g -MMD -Wall -Werror -Wno-error=deprecated-declarations -Wno-error=multistatement-macros -Wno-error=parentheses -Wno-error=unused-but-set-variable -Wno-unused-variable -Wno-unused-function --param=min-pagesize=0 -mcpu=tt-bh-tensix -Winvalid-pch -Wno-error=invalid-pch -I. -I.. -I/opt/tt-metal/ -I/opt/tt-metal/ttnn -I/opt/tt-metal/ttnn/cpp -I/opt/tt-metal/tt_metal -I/opt/tt-metal/tt_metal/hw/inc -I/opt/tt-metal/tt_metal/tt-llk/common -I/opt/tt-metal/tt_metal/tt-llk/tools/include -I/opt/tt-metal/tt_metal/hostdevcommon/api -I/opt/tt-metal/tt_metal/api/ -I/opt/tt-metal/runtime/sfpi/include -I/opt/tt-metal/tt_metal/hw/ckernels/blackhole/metal/common -I/opt/tt-metal/tt_metal/hw/ckernels/blackhole/metal/llk_io -I/opt/tt-metal/tt_metal/hw/inc/internal/tt-1xx -I/opt/tt-metal/tt_metal/hw/inc/internal/tt-1xx/blackhole -I/opt/tt-metal/tt_metal/hw/inc/internal/tt-1xx/blackhole/blackhole_defines -I/opt/tt-metal/tt_metal/hw/inc/internal/tt-1xx/blackhole/noc -I/opt/tt-metal/tt_metal/tt-llk/tt_llk_blackhole/common/inc -I/opt/tt-metal/tt_metal/tt-llk/tt_llk_blackhole/llk_lib -I/opt/tt-metal/tt_metal/tt-llk/tt_llk_blackhole/llk_lib/hal -I/opt/tt-metal/tt_metal/hw/ckernels/blackhole/metal/llk_api -I/opt/tt-metal/tt_metal/hw/ckernels/blackhole/metal/llk_api/llk_sfpu -I/opt/tt-metal/tt_metal/hw/firmware/src/tt-1xx -I/opt/tt-metal/models/experimental/pi0/tt/megakernel/kernels_p2 -include /sp/ttcache_prof/tt-metal-cache/pch/e13a6eedc934b130/pch.h -DIS_NOT_POW2_NUM_L1_BANKS=1 -DLOG_BASE_2_OF_NUM_DRAM_BANKS=3 -DNUM_DRAM_BANKS=8 -DNUM_L1_BANKS=110 -DPCIE_NOC_X=19 -DPCIE_NOC_Y=24 -DTENSIX_FIRMWARE -DLOCAL_MEM_EN=0 -DPROFILE_KERNEL=1 -DPROFILER_FULL_HOST_BUFFER_SIZE_PER_RISC=768000 -DPROCESSOR_INDEX=3 -DUCK_CHLKC_MATH -DCOMPILE_FOR_TRISC=1 -DPROGRAMMABLE_CORE_TYPE=0 -DARCH_BLACKHOLE -DDISPATCH_MESSAGE_ADDR=4290184248 -DKERNEL_BUILD -DFULL_KERNEL_NAME="whole_trisc/4581136440010276600/" -DKERNEL_COMPILE_TIME_ARGS=1,29,5,6,897988541,0,1088,2,2048,0,2048,0,2048,0,2048,2,2048,2,2048,28,26,7,2,64,897988541,897988541,1110770931,648320,1,4,108,2,4096,0,1088 -c -o /sp/ttcache_prof/tt-metal-cache8908659371042919221/kernels/whole_trisc/4581136440010276600/trisc1/trisck.2475656884148353978_1.o /opt/tt-metal/tt_metal/hw/firmware/src/tt-1xx/trisck.cc -MF /sp/ttcache_prof/tt-metal-cache8908659371042919221/kernels/whole_trisc/4581136440010276600/trisc1/trisck.2475656884148353978_1.d
In file included from /opt/tt-metal/tt_metal/hw/firmware/src/tt-1xx/trisck.cc:16:
/opt/tt-metal/tt_metal/hw/firmware/src/tt-1xx/trisck.cc: In function 'uint32_t _start()':
/opt/tt-metal/tt_metal/tools/profiler/kernel_profiler.hpp:32:22: note: '#pragma message: TRISC-KERNEL,/opt/tt-metal/tt_metal/hw/firmware/src/tt-1xx/trisck.cc,89,KERNEL_PROFILER'
   32 | #define DO_PRAGMA(x) _Pragma(#x)
      |                      ^~~~~~~
/opt/tt-metal/tt_metal/tools/profiler/kernel_profiler.hpp:1047:5: note: in expansion of macro 'DO_PRAGMA'
 1047 |     DO_PRAGMA(message(PROFILER_MSG_NAME(name)));                               \
      |     ^~~~~~~~~
/opt/tt-metal/tt_metal/hw/firmware/src/tt-1xx/trisck.cc:89:5: note: in expansion of macro 'DeviceZoneScopedMainChildN'
   89 |     DeviceZoneScopedMainChildN("TRISC-KERNEL");
      |     ^~~~~~~~~~~~~~~~~~~~~~~~~~
Building ncrisc, compile step:
/opt/tt-metal/runtime/sfpi/compiler/bin/riscv-tt-elf-g++ -O2 -std=c++17 -ftt-nttp -ftt-constinit -ftt-consteval -ftt-no-dyninit -flto=1 -flto-partition=one -ffast-math -fno-finite-math-only -fsigned-zeros -fno-associative-math -fno-exceptions -fno-rtti -fno-use-cxa-atexit -g -MMD -Wall -Werror -Wno-error=deprecated-declarations -Wno-error=multistatement-macros -Wno-error=parentheses -Wno-error=unused-but-set-variable -Wno-unused-variable -Wno-unused-function --param=min-pagesize=0 -mcpu=tt-bh -fno-tree-loop-distribute-patterns -Winvalid-pch -Wno-error=invalid-pch -I. -I.. -I/opt/tt-metal/ -I/opt/tt-metal/ttnn -I/opt/tt-metal/ttnn/cpp -I/opt/tt-metal/tt_metal -I/opt/tt-metal/tt_metal/hw/inc -I/opt/tt-metal/tt_metal/tt-llk/common -I/opt/tt-metal/tt_metal/tt-llk/tools/include -I/opt/tt-metal/tt_metal/hostdevcommon/api -I/opt/tt-metal/tt_metal/api/ -I/opt/tt-metal/tt_metal/hw/ckernels/blackhole/metal/common -I/opt/tt-metal/tt_metal/hw/ckernels/blackhole/metal/llk_io -I/opt/tt-metal/tt_metal/hw/inc/internal/tt-1xx -I/opt/tt-metal/tt_metal/hw/inc/internal/tt-1xx/blackhole -I/opt/tt-metal/tt_metal/hw/inc/internal/tt-1xx/blackhole/blackhole_defines -I/opt/tt-metal/tt_metal/hw/inc/internal/tt-1xx/blackhole/noc -I/opt/tt-metal/tt_metal/tt-llk/tt_llk_blackhole/common/inc -I/opt/tt-metal/tt_metal/tt-llk/tt_llk_blackhole/llk_lib -I/opt/tt-metal/tt_metal/tt-llk/tt_llk_blackhole/llk_lib/hal -I/opt/tt-metal/tt_metal/hw/firmware/src/tt-1xx -I/opt/tt-metal/models/experimental/pi0/tt/megakernel/kernels_p2 -include /sp/ttcache_prof/tt-metal-cache/pch/1b9e28ac75b7aabf/pch.h -DIS_NOT_POW2_NUM_L1_BANKS=1 -DLOG_BASE_2_OF_NUM_DRAM_BANKS=3 -DNUM_DRAM_BANKS=8 -DNUM_L1_BANKS=110 -DPCIE_NOC_X=19 -DPCIE_NOC_Y=24 -DTENSIX_FIRMWARE -DLOCAL_MEM_EN=0 -DPROFILE_KERNEL=1 -DPROFILER_FULL_HOST_BUFFER_SIZE_PER_RISC=768000 -DPROCESSOR_INDEX=1 -DCOMPILE_FOR_NCRISC -DPROGRAMMABLE_CORE_TYPE=0 -DARCH_BLACKHOLE -DDISPATCH_MESSAGE_ADDR=4290184248 -DKERNEL_BUILD -DMK_FID8_HIFI2=1 -DPE_ATT_FID=3 -DPE_ATT_FLAT=2 -DPE_CT0=19 -DPE_NO_EXPERT=1 -DNOC_INDEX=0 -DNOC_MODE=0 -DFULL_KERNEL_NAME="whole_ncrisc/9588512122668601581/" -DKERNEL_COMPILE_TIME_ARGS=1,29,5,6,897988541,0,1088,2,2048,0,2048,0,2048,0,2048,2,2048,2,2048,28,26,7,2,64,897988541,897988541,1110770931,1065984,3,4,108,2,4096,0,1088 -c -o /sp/ttcache_prof/tt-metal-cache8908659371042919221/kernels/whole_ncrisc/9588512122668601581/ncrisc/ncrisck.2475656884148353978_1.o /opt/tt-metal/tt_metal/hw/firmware/src/tt-1xx/ncrisck.cc -MF /sp/ttcache_prof/tt-metal-cache8908659371042919221/kernels/whole_ncrisc/9588512122668601581/ncrisc/ncrisck.2475656884148353978_1.d
In file included from /opt/tt-metal/tt_metal/hw/inc/api/dataflow/dataflow_api.h:24,
                 from /opt/tt-metal/tt_metal/hw/inc/internal/firmware_common.h:23,
                 from /opt/tt-metal/tt_metal/hw/firmware/src/tt-1xx/ncrisck.cc:17:
/opt/tt-metal/tt_metal/tools/profiler/kernel_profiler.hpp: In function 'void kernel_profiler::quick_push()':
/opt/tt-metal/tt_metal/tools/profiler/kernel_profiler.hpp:32:22: note: '#pragma message: PROFILER-NOC-QUICK-PUSH,/opt/tt-metal/tt_metal/tools/profiler/kernel_profiler.hpp,633,KERNEL_PROFILER'
   32 | #define DO_PRAGMA(x) _Pragma(#x)
      |                      ^~~~~~~
/opt/tt-metal/tt_metal/tools/profiler/kernel_profiler.hpp:42:5: note: in expansion of macro 'DO_PRAGMA'
   42 |     DO_PRAGMA(message(PROFILER_MSG_NAME(name))); \
      |     ^~~~~~~~~
/opt/tt-metal/tt_metal/tools/profiler/kernel_profiler.hpp:633:5: note: in expansion of macro 'SrcLocNameToHash'
  633 |     SrcLocNameToHash("PROFILER-NOC-QUICK-PUSH");
      |     ^~~~~~~~~~~~~~~~
/opt/tt-metal/tt_metal/hw/firmware/src/tt-1xx/ncrisck.cc: In function 'uint32_t _start()':
/opt/tt-metal/tt_metal/tools/profiler/kernel_profiler.hpp:32:22: note: '#pragma message: NCRISC-KERNEL,/opt/tt-metal/tt_metal/hw/firmware/src/tt-1xx/ncrisck.cc,70,KERNEL_PROFILER'
   32 | #define DO_PRAGMA(x) _Pragma(#x)
      |                      ^~~~~~~
/opt/tt-metal/tt_metal/tools/profiler/kernel_profiler.hpp:1047:5: note: in expansion of macro 'DO_PRAGMA'
 1047 |     DO_PRAGMA(message(PROFILER_MSG_NAME(name)));                               \
      |     ^~~~~~~~~
/opt/tt-metal/tt_metal/hw/firmware/src/tt-1xx/ncrisck.cc:70:5: note: in expansion of macro 'DeviceZoneScopedMainChildN'
   70 |     DeviceZoneScopedMainChildN("NCRISC-KERNEL");
      |     ^~~~~~~~~~~~~~~~~~~~~~~~~~
Building brisc, compile step:
/opt/tt-metal/runtime/sfpi/compiler/bin/riscv-tt-elf-g++ -O2 -std=c++17 -ftt-nttp -ftt-constinit -ftt-consteval -ftt-no-dyninit -flto=1 -flto-partition=one -ffast-math -fno-finite-math-only -fsigned-zeros -fno-associative-math -fno-exceptions -fno-rtti -fno-use-cxa-atexit -g -MMD -Wall -Werror -Wno-error=deprecated-declarations -Wno-error=multistatement-macros -Wno-error=parentheses -Wno-error=unused-but-set-variable -Wno-unused-variable -Wno-unused-function --param=min-pagesize=0 -mcpu=tt-bh -fno-tree-loop-distribute-patterns -Winvalid-pch -Wno-error=invalid-pch -I. -I.. -I/opt/tt-metal/ -I/opt/tt-metal/ttnn -I/opt/tt-metal/ttnn/cpp -I/opt/tt-metal/tt_metal -I/opt/tt-metal/tt_metal/hw/inc -I/opt/tt-metal/tt_metal/tt-llk/common -I/opt/tt-metal/tt_metal/tt-llk/tools/include -I/opt/tt-metal/tt_metal/hostdevcommon/api -I/opt/tt-metal/tt_metal/api/ -I/opt/tt-metal/tt_metal/hw/ckernels/blackhole/metal/common -I/opt/tt-metal/tt_metal/hw/ckernels/blackhole/metal/llk_io -I/opt/tt-metal/tt_metal/hw/inc/internal/tt-1xx -I/opt/tt-metal/tt_metal/hw/inc/internal/tt-1xx/blackhole -I/opt/tt-metal/tt_metal/hw/inc/internal/tt-1xx/blackhole/blackhole_defines -I/opt/tt-metal/tt_metal/hw/inc/internal/tt-1xx/blackhole/noc -I/opt/tt-metal/tt_metal/tt-llk/tt_llk_blackhole/common/inc -I/opt/tt-metal/tt_metal/tt-llk/tt_llk_blackhole/llk_lib -I/opt/tt-metal/tt_metal/tt-llk/tt_llk_blackhole/llk_lib/hal -I/opt/tt-metal/tt_metal/hw/firmware/src/tt-1xx -I/opt/tt-metal/models/experimental/pi0/tt/megakernel/kernels_p2 -include /sp/ttcache_prof/tt-metal-cache/pch/1b9e28ac75b7aabf/pch.h -DIS_NOT_POW2_NUM_L1_BANKS=1 -DLOG_BASE_2_OF_NUM_DRAM_BANKS=3 -DNUM_DRAM_BANKS=8 -DNUM_L1_BANKS=110 -DPCIE_NOC_X=19 -DPCIE_NOC_Y=24 -DTENSIX_FIRMWARE -DLOCAL_MEM_EN=0 -DPROFILE_KERNEL=1 -DPROFILER_FULL_HOST_BUFFER_SIZE_PER_RISC=768000 -DPROCESSOR_INDEX=0 -DCOMPILE_FOR_BRISC -DPROGRAMMABLE_CORE_TYPE=0 -DARCH_BLACKHOLE -DDISPATCH_MESSAGE_ADDR=4290184248 -DKERNEL_BUILD -DMK_FID8_HIFI2=1 -DPE_ATT_FID=3 -DPE_ATT_FLAT=2 -DPE_CT0=19 -DPE_NO_EXPERT=1 -DNOC_INDEX=1 -DNOC_MODE=0 -DFULL_KERNEL_NAME="whole_brisc/5786032188885237637/" -DKERNEL_COMPILE_TIME_ARGS=1,29,5,6,897988541,0,1088,2,2048,0,2048,0,2048,0,2048,2,2048,2,2048,28,26,7,2,64,897988541,897988541,1110770931,1065984,3,4,108,2,4096,0,1088 -c -o /sp/ttcache_prof/tt-metal-cache8908659371042919221/kernels/whole_brisc/5786032188885237637/brisc/brisck.2475656884148353978_1.o /opt/tt-metal/tt_metal/hw/firmware/src/tt-1xx/brisck.cc -MF /sp/ttcache_prof/tt-metal-cache8908659371042919221/kernels/whole_brisc/5786032188885237637/brisc/brisck.2475656884148353978_1.d
In file included from /opt/tt-metal/tt_metal/hw/inc/api/dataflow/dataflow_api.h:24,
                 from /opt/tt-metal/tt_metal/hw/inc/internal/firmware_common.h:23,
                 from /opt/tt-metal/tt_metal/hw/firmware/src/tt-1xx/brisck.cc:16:
/opt/tt-metal/tt_metal/tools/profiler/kernel_profiler.hpp: In function 'void kernel_profiler::finish_profiler(bool)':
/opt/tt-metal/tt_metal/tools/profiler/kernel_profiler.hpp:32:22: note: '#pragma message: PROFILER-NOC-FLUSH,/opt/tt-metal/tt_metal/tools/profiler/kernel_profiler.hpp,481,KERNEL_PROFILER'
   32 | #define DO_PRAGMA(x) _Pragma(#x)
      |                      ^~~~~~~
/opt/tt-metal/tt_metal/tools/profiler/kernel_profiler.hpp:42:5: note: in expansion of macro 'DO_PRAGMA'
   42 |     DO_PRAGMA(message(PROFILER_MSG_NAME(name))); \
      |     ^~~~~~~~~
/opt/tt-metal/tt_metal/tools/profiler/kernel_profiler.hpp:481:17: note: in expansion of macro 'SrcLocNameToHash'
  481 |                 SrcLocNameToHash("PROFILER-NOC-FLUSH");
      |                 ^~~~~~~~~~~~~~~~
/opt/tt-metal/tt_metal/tools/profiler/kernel_profiler.hpp:32:22: note: '#pragma message: PROFILER-DRAM-PUSH,/opt/tt-metal/tt_metal/tools/profiler/kernel_profiler.hpp,490,KERNEL_PROFILER'
   32 | #define DO_PRAGMA(x) _Pragma(#x)
      |                      ^~~~~~~
/opt/tt-metal/tt_metal/tools/profiler/kernel_profiler.hpp:42:5: note: in expansion of macro 'DO_PRAGMA'
   42 |     DO_PRAGMA(message(PROFILER_MSG_NAME(name))); \
      |     ^~~~~~~~~
/opt/tt-metal/tt_metal/tools/profiler/kernel_profiler.hpp:490:17: note: in expansion of macro 'SrcLocNameToHash'
  490 |                 SrcLocNameToHash("PROFILER-DRAM-PUSH");
      |                 ^~~~~~~~~~~~~~~~
/opt/tt-metal/tt_metal/tools/profiler/kernel_profiler.hpp: In function 'void kernel_profiler::quick_push()':
/opt/tt-metal/tt_metal/tools/profiler/kernel_profiler.hpp:32:22: note: '#pragma message: PROFILER-NOC-QUICK-PUSH,/opt/tt-metal/tt_metal/tools/profiler/kernel_profiler.hpp,633,KERNEL_PROFILER'
   32 | #define DO_PRAGMA(x) _Pragma(#x)
      |                      ^~~~~~~
/opt/tt-metal/tt_metal/tools/profiler/kernel_profiler.hpp:42:5: note: in expansion of macro 'DO_PRAGMA'
   42 |     DO_PRAGMA(message(PROFILER_MSG_NAME(name))); \
      |     ^~~~~~~~~
/opt/tt-metal/tt_metal/tools/profiler/kernel_profiler.hpp:633:5: note: in expansion of macro 'SrcLocNameToHash'
  633 |     SrcLocNameToHash("PROFILER-NOC-QUICK-PUSH");
      |     ^~~~~~~~~~~~~~~~
/opt/tt-metal/tt_metal/hw/firmware/src/tt-1xx/brisck.cc: In function 'uint32_t _start()':
/opt/tt-metal/tt_metal/tools/profiler/kernel_profiler.hpp:32:22: note: '#pragma message: BRISC-KERNEL,/opt/tt-metal/tt_metal/hw/firmware/src/tt-1xx/brisck.cc,77,KERNEL_PROFILER'
   32 | #define DO_PRAGMA(x) _Pragma(#x)
      |                      ^~~~~~~
/opt/tt-metal/tt_metal/tools/profiler/kernel_profiler.hpp:1047:5: note: in expansion of macro 'DO_PRAGMA'
 1047 |     DO_PRAGMA(message(PROFILER_MSG_NAME(name)));                               \
      |     ^~~~~~~~~
/opt/tt-metal/tt_metal/hw/firmware/src/tt-1xx/brisck.cc:77:9: note: in expansion of macro 'DeviceZoneScopedMainChildN'
   77 |         DeviceZoneScopedMainChildN("BRISC-KERNEL");
      |         ^~~~~~~~~~~~~~~~~~~~~~~~~~
Building trisc2, compile step:
/opt/tt-metal/runtime/sfpi/compiler/bin/riscv-tt-elf-g++ -O3 -std=c++17 -ftt-nttp -ftt-constinit -ftt-consteval -ftt-no-dyninit -flto=1 -flto-partition=one -ffast-math -fno-finite-math-only -fsigned-zeros -fno-associative-math -fno-exceptions -fno-rtti -fno-use-cxa-atexit -g -MMD -Wall -Werror -Wno-error=deprecated-declarations -Wno-error=multistatement-macros -Wno-error=parentheses -Wno-error=unused-but-set-variable -Wno-unused-variable -Wno-unused-function --param=min-pagesize=0 -mcpu=tt-bh-tensix -Winvalid-pch -Wno-error=invalid-pch -I. -I.. -I/opt/tt-metal/ -I/opt/tt-metal/ttnn -I/opt/tt-metal/ttnn/cpp -I/opt/tt-metal/tt_metal -I/opt/tt-metal/tt_metal/hw/inc -I/opt/tt-metal/tt_metal/tt-llk/common -I/opt/tt-metal/tt_metal/tt-llk/tools/include -I/opt/tt-metal/tt_metal/hostdevcommon/api -I/opt/tt-metal/tt_metal/api/ -I/opt/tt-metal/runtime/sfpi/include -I/opt/tt-metal/tt_metal/hw/ckernels/blackhole/metal/common -I/opt/tt-metal/tt_metal/hw/ckernels/blackhole/metal/llk_io -I/opt/tt-metal/tt_metal/hw/inc/internal/tt-1xx -I/opt/tt-metal/tt_metal/hw/inc/internal/tt-1xx/blackhole -I/opt/tt-metal/tt_metal/hw/inc/internal/tt-1xx/blackhole/blackhole_defines -I/opt/tt-metal/tt_metal/hw/inc/internal/tt-1xx/blackhole/noc -I/opt/tt-metal/tt_metal/tt-llk/tt_llk_blackhole/common/inc -I/opt/tt-metal/tt_metal/tt-llk/tt_llk_blackhole/llk_lib -I/opt/tt-metal/tt_metal/tt-llk/tt_llk_blackhole/llk_lib/hal -I/opt/tt-metal/tt_metal/hw/ckernels/blackhole/metal/llk_api -I/opt/tt-metal/tt_metal/hw/ckernels/blackhole/metal/llk_api/llk_sfpu -I/opt/tt-metal/tt_metal/hw/firmware/src/tt-1xx -I/opt/tt-metal/models/experimental/pi0/tt/megakernel/kernels_p2 -include /sp/ttcache_prof/tt-metal-cache/pch/e13a6eedc934b130/pch.h -DIS_NOT_POW2_NUM_L1_BANKS=1 -DLOG_BASE_2_OF_NUM_DRAM_BANKS=3 -DNUM_DRAM_BANKS=8 -DNUM_L1_BANKS=110 -DPCIE_NOC_X=19 -DPCIE_NOC_Y=24 -DTENSIX_FIRMWARE -DLOCAL_MEM_EN=0 -DPROFILE_KERNEL=1 -DPROFILER_FULL_HOST_BUFFER_SIZE_PER_RISC=768000 -DPROCESSOR_INDEX=4 -DUCK_CHLKC_PACK -DCOMPILE_FOR_TRISC=2 -DPROGRAMMABLE_CORE_TYPE=0 -DARCH_BLACKHOLE -DDISPATCH_MESSAGE_ADDR=4290184248 -DKERNEL_BUILD -DFULL_KERNEL_NAME="whole_trisc/9985236681996147516/" -DKERNEL_COMPILE_TIME_ARGS=1,29,5,6,897988541,0,1088,2,2048,0,2048,0,2048,0,2048,2,2048,2,2048,28,26,7,2,64,897988541,897988541,1110770931,1065984,3,4,108,2,4096,0,1088 -c -o /sp/ttcache_prof/tt-metal-cache8908659371042919221/kernels/whole_trisc/9985236681996147516/trisc2/trisck.2475656884148353978_1.o /opt/tt-metal/tt_metal/hw/firmware/src/tt-1xx/trisck.cc -MF /sp/ttcache_prof/tt-metal-cache8908659371042919221/kernels/whole_trisc/9985236681996147516/trisc2/trisck.2475656884148353978_1.d
In file included from /opt/tt-metal/tt_metal/hw/ckernels/blackhole/metal/llk_io/llk_io_pack.h:14,
                 from /opt/tt-metal/tt_metal/hw/inc/api/compute/compute_kernel_api.h:73,
                 from /opt/tt-metal/models/experimental/pi0/tt/megakernel/kernels_p2/../kernels/mk_trisc.cpp:22,
                 from /opt/tt-metal/models/experimental/pi0/tt/megakernel/kernels_p2/whole_trisc.cpp:12,
                 from ../chlkc_pack.cpp:4,
                 from /opt/tt-metal/tt_metal/hw/ckernels/blackhole/metal/common/chlkc_list.h:21,
                 from /opt/tt-metal/tt_metal/hw/firmware/src/tt-1xx/trisck.cc:14:
/opt/tt-metal/tt_metal/hw/ckernels/blackhole/metal/llk_io/llk_io_pack.h: In function 'void llk_wait_for_free_tiles(int32_t, int32_t)':
/opt/tt-metal/tt_metal/tools/profiler/kernel_profiler.hpp:32:22: note: '#pragma message: CB-COMPUTE-RESERVE-BACK,/opt/tt-metal/tt_metal/hw/ckernels/blackhole/metal/llk_io/llk_io_pack.h,21,KERNEL_PROFILER'
   32 | #define DO_PRAGMA(x) _Pragma(#x)
      |                      ^~~~~~~
/opt/tt-metal/tt_metal/tools/profiler/kernel_profiler.hpp:1057:5: note: in expansion of macro 'DO_PRAGMA'
 1057 |     DO_PRAGMA(message(PROFILER_MSG_NAME(name)));                               \
      |     ^~~~~~~~~
/opt/tt-metal/tt_metal/hw/ckernels/blackhole/metal/llk_io/llk_io_pack.h:21:5: note: in expansion of macro 'DeviceZoneScopedSumN2'
   21 |     DeviceZoneScopedSumN2("CB-COMPUTE-RESERVE-BACK");
      |     ^~~~~~~~~~~~~~~~~~~~~
/opt/tt-metal/tt_metal/hw/firmware/src/tt-1xx/trisck.cc: In function 'uint32_t _start()':
/opt/tt-metal/tt_metal/tools/profiler/kernel_profiler.hpp:32:22: note: '#pragma message: TRISC-KERNEL,/opt/tt-metal/tt_metal/hw/firmware/src/tt-1xx/trisck.cc,89,KERNEL_PROFILER'
   32 | #define DO_PRAGMA(x) _Pragma(#x)
      |                      ^~~~~~~
/opt/tt-metal/tt_metal/tools/profiler/kernel_profiler.hpp:1047:5: note: in expansion of macro 'DO_PRAGMA'
 1047 |     DO_PRAGMA(message(PROFILER_MSG_NAME(name)));                               \
      |     ^~~~~~~~~
/opt/tt-metal/tt_metal/hw/firmware/src/tt-1xx/trisck.cc:89:5: note: in expansion of macro 'DeviceZoneScopedMainChildN'
   89 |     DeviceZoneScopedMainChildN("TRISC-KERNEL");
      |     ^~~~~~~~~~~~~~~~~~~~~~~~~~
Building trisc0, compile step:
/opt/tt-metal/runtime/sfpi/compiler/bin/riscv-tt-elf-g++ -O3 -std=c++17 -ftt-nttp -ftt-constinit -ftt-consteval -ftt-no-dyninit -flto=1 -flto-partition=one -ffast-math -fno-finite-math-only -fsigned-zeros -fno-associative-math -fno-exceptions -fno-rtti -fno-use-cxa-atexit -g -MMD -Wall -Werror -Wno-error=deprecated-declarations -Wno-error=multistatement-macros -Wno-error=parentheses -Wno-error=unused-but-set-variable -Wno-unused-variable -Wno-unused-function --param=min-pagesize=0 -mcpu=tt-bh-tensix -Winvalid-pch -Wno-error=invalid-pch -I. -I.. -I/opt/tt-metal/ -I/opt/tt-metal/ttnn -I/opt/tt-metal/ttnn/cpp -I/opt/tt-metal/tt_metal -I/opt/tt-metal/tt_metal/hw/inc -I/opt/tt-metal/tt_metal/tt-llk/common -I/opt/tt-metal/tt_metal/tt-llk/tools/include -I/opt/tt-metal/tt_metal/hostdevcommon/api -I/opt/tt-metal/tt_metal/api/ -I/opt/tt-metal/runtime/sfpi/include -I/opt/tt-metal/tt_metal/hw/ckernels/blackhole/metal/common -I/opt/tt-metal/tt_metal/hw/ckernels/blackhole/metal/llk_io -I/opt/tt-metal/tt_metal/hw/inc/internal/tt-1xx -I/opt/tt-metal/tt_metal/hw/inc/internal/tt-1xx/blackhole -I/opt/tt-metal/tt_metal/hw/inc/internal/tt-1xx/blackhole/blackhole_defines -I/opt/tt-metal/tt_metal/hw/inc/internal/tt-1xx/blackhole/noc -I/opt/tt-metal/tt_metal/tt-llk/tt_llk_blackhole/common/inc -I/opt/tt-metal/tt_metal/tt-llk/tt_llk_blackhole/llk_lib -I/opt/tt-metal/tt_metal/tt-llk/tt_llk_blackhole/llk_lib/hal -I/opt/tt-metal/tt_metal/hw/ckernels/blackhole/metal/llk_api -I/opt/tt-metal/tt_metal/hw/ckernels/blackhole/metal/llk_api/llk_sfpu -I/opt/tt-metal/tt_metal/hw/firmware/src/tt-1xx -I/opt/tt-metal/models/experimental/pi0/tt/megakernel/kernels_p2 -include /sp/ttcache_prof/tt-metal-cache/pch/e13a6eedc934b130/pch.h -DIS_NOT_POW2_NUM_L1_BANKS=1 -DLOG_BASE_2_OF_NUM_DRAM_BANKS=3 -DNUM_DRAM_BANKS=8 -DNUM_L1_BANKS=110 -DPCIE_NOC_X=19 -DPCIE_NOC_Y=24 -DTENSIX_FIRMWARE -DLOCAL_MEM_EN=0 -DPROFILE_KERNEL=1 -DPROFILER_FULL_HOST_BUFFER_SIZE_PER_RISC=768000 -DPROCESSOR_INDEX=2 -DUCK_CHLKC_UNPACK -DCOMPILE_FOR_TRISC=0 -DPROGRAMMABLE_CORE_TYPE=0 -DARCH_BLACKHOLE -DDISPATCH_MESSAGE_ADDR=4290184248 -DKERNEL_BUILD -DFULL_KERNEL_NAME="whole_trisc/9985236681996147516/" -DKERNEL_COMPILE_TIME_ARGS=1,29,5,6,897988541,0,1088,2,2048,0,2048,0,2048,0,2048,2,2048,2,2048,28,26,7,2,64,897988541,897988541,1110770931,1065984,3,4,108,2,4096,0,1088 -c -o /sp/ttcache_prof/tt-metal-cache8908659371042919221/kernels/whole_trisc/9985236681996147516/trisc0/trisck.2475656884148353978_1.o /opt/tt-metal/tt_metal/hw/firmware/src/tt-1xx/trisck.cc -MF /sp/ttcache_prof/tt-metal-cache8908659371042919221/kernels/whole_trisc/9985236681996147516/trisc0/trisck.2475656884148353978_1.d
In file included from /opt/tt-metal/tt_metal/hw/ckernels/blackhole/metal/llk_io/llk_io_unpack.h:13,
                 from /opt/tt-metal/tt_metal/hw/inc/api/compute/compute_kernel_api.h:98,
                 from /opt/tt-metal/models/experimental/pi0/tt/megakernel/kernels_p2/../kernels/mk_trisc.cpp:22,
                 from /opt/tt-metal/models/experimental/pi0/tt/megakernel/kernels_p2/whole_trisc.cpp:12,
                 from ../chlkc_unpack.cpp:4,
                 from /opt/tt-metal/tt_metal/hw/ckernels/blackhole/metal/common/chlkc_list.h:26,
                 from /opt/tt-metal/tt_metal/hw/firmware/src/tt-1xx/trisck.cc:14:
/opt/tt-metal/tt_metal/hw/ckernels/blackhole/metal/llk_io/llk_io_unpack.h: In function 'void llk_wait_tiles(int, int32_t)':
/opt/tt-metal/tt_metal/tools/profiler/kernel_profiler.hpp:32:22: note: '#pragma message: CB-COMPUTE-WAIT-FRONT,/opt/tt-metal/tt_metal/hw/ckernels/blackhole/metal/llk_io/llk_io_unpack.h,19,KERNEL_PROFILER'
   32 | #define DO_PRAGMA(x) _Pragma(#x)
      |                      ^~~~~~~
/opt/tt-metal/tt_metal/tools/profiler/kernel_profiler.hpp:1052:5: note: in expansion of macro 'DO_PRAGMA'
 1052 |     DO_PRAGMA(message(PROFILER_MSG_NAME(name)));                               \
      |     ^~~~~~~~~
/opt/tt-metal/tt_metal/hw/ckernels/blackhole/metal/llk_io/llk_io_unpack.h:19:5: note: in expansion of macro 'DeviceZoneScopedSumN1'
   19 |     DeviceZoneScopedSumN1("CB-COMPUTE-WAIT-FRONT");
      |     ^~~~~~~~~~~~~~~~~~~~~
/opt/tt-metal/tt_metal/hw/firmware/src/tt-1xx/trisck.cc: In function 'uint32_t _start()':
/opt/tt-metal/tt_metal/tools/profiler/kernel_profiler.hpp:32:22: note: '#pragma message: TRISC-KERNEL,/opt/tt-metal/tt_metal/hw/firmware/src/tt-1xx/trisck.cc,89,KERNEL_PROFILER'
   32 | #define DO_PRAGMA(x) _Pragma(#x)
      |                      ^~~~~~~
/opt/tt-metal/tt_metal/tools/profiler/kernel_profiler.hpp:1047:5: note: in expansion of macro 'DO_PRAGMA'
 1047 |     DO_PRAGMA(message(PROFILER_MSG_NAME(name)));                               \
      |     ^~~~~~~~~
/opt/tt-metal/tt_metal/hw/firmware/src/tt-1xx/trisck.cc:89:5: note: in expansion of macro 'DeviceZoneScopedMainChildN'
   89 |     DeviceZoneScopedMainChildN("TRISC-KERNEL");
      |     ^~~~~~~~~~~~~~~~~~~~~~~~~~
Building trisc1, compile step:
/opt/tt-metal/runtime/sfpi/compiler/bin/riscv-tt-elf-g++ -O3 -std=c++17 -ftt-nttp -ftt-constinit -ftt-consteval -ftt-no-dyninit -flto=1 -flto-partition=one -ffast-math -fno-finite-math-only -fsigned-zeros -fno-associative-math -fno-exceptions -fno-rtti -fno-use-cxa-atexit -g -MMD -Wall -Werror -Wno-error=deprecated-declarations -Wno-error=multistatement-macros -Wno-error=parentheses -Wno-error=unused-but-set-variable -Wno-unused-variable -Wno-unused-function --param=min-pagesize=0 -mcpu=tt-bh-tensix -Winvalid-pch -Wno-error=invalid-pch -I. -I.. -I/opt/tt-metal/ -I/opt/tt-metal/ttnn -I/opt/tt-metal/ttnn/cpp -I/opt/tt-metal/tt_metal -I/opt/tt-metal/tt_metal/hw/inc -I/opt/tt-metal/tt_metal/tt-llk/common -I/opt/tt-metal/tt_metal/tt-llk/tools/include -I/opt/tt-metal/tt_metal/hostdevcommon/api -I/opt/tt-metal/tt_metal/api/ -I/opt/tt-metal/runtime/sfpi/include -I/opt/tt-metal/tt_metal/hw/ckernels/blackhole/metal/common -I/opt/tt-metal/tt_metal/hw/ckernels/blackhole/metal/llk_io -I/opt/tt-metal/tt_metal/hw/inc/internal/tt-1xx -I/opt/tt-metal/tt_metal/hw/inc/internal/tt-1xx/blackhole -I/opt/tt-metal/tt_metal/hw/inc/internal/tt-1xx/blackhole/blackhole_defines -I/opt/tt-metal/tt_metal/hw/inc/internal/tt-1xx/blackhole/noc -I/opt/tt-metal/tt_metal/tt-llk/tt_llk_blackhole/common/inc -I/opt/tt-metal/tt_metal/tt-llk/tt_llk_blackhole/llk_lib -I/opt/tt-metal/tt_metal/tt-llk/tt_llk_blackhole/llk_lib/hal -I/opt/tt-metal/tt_metal/hw/ckernels/blackhole/metal/llk_api -I/opt/tt-metal/tt_metal/hw/ckernels/blackhole/metal/llk_api/llk_sfpu -I/opt/tt-metal/tt_metal/hw/firmware/src/tt-1xx -I/opt/tt-metal/models/experimental/pi0/tt/megakernel/kernels_p2 -include /sp/ttcache_prof/tt-metal-cache/pch/e13a6eedc934b130/pch.h -DIS_NOT_POW2_NUM_L1_BANKS=1 -DLOG_BASE_2_OF_NUM_DRAM_BANKS=3 -DNUM_DRAM_BANKS=8 -DNUM_L1_BANKS=110 -DPCIE_NOC_X=19 -DPCIE_NOC_Y=24 -DTENSIX_FIRMWARE -DLOCAL_MEM_EN=0 -DPROFILE_KERNEL=1 -DPROFILER_FULL_HOST_BUFFER_SIZE_PER_RISC=768000 -DPROCESSOR_INDEX=3 -DUCK_CHLKC_MATH -DCOMPILE_FOR_TRISC=1 -DPROGRAMMABLE_CORE_TYPE=0 -DARCH_BLACKHOLE -DDISPATCH_MESSAGE_ADDR=4290184248 -DKERNEL_BUILD -DFULL_KERNEL_NAME="whole_trisc/9985236681996147516/" -DKERNEL_COMPILE_TIME_ARGS=1,29,5,6,897988541,0,1088,2,2048,0,2048,0,2048,0,2048,2,2048,2,2048,28,26,7,2,64,897988541,897988541,1110770931,1065984,3,4,108,2,4096,0,1088 -c -o /sp/ttcache_prof/tt-metal-cache8908659371042919221/kernels/whole_trisc/9985236681996147516/trisc1/trisck.2475656884148353978_1.o /opt/tt-metal/tt_metal/hw/firmware/src/tt-1xx/trisck.cc -MF /sp/ttcache_prof/tt-metal-cache8908659371042919221/kernels/whole_trisc/9985236681996147516/trisc1/trisck.2475656884148353978_1.d
In file included from /opt/tt-metal/tt_metal/hw/firmware/src/tt-1xx/trisck.cc:16:
/opt/tt-metal/tt_metal/hw/firmware/src/tt-1xx/trisck.cc: In function 'uint32_t _start()':
/opt/tt-metal/tt_metal/tools/profiler/kernel_profiler.hpp:32:22: note: '#pragma message: TRISC-KERNEL,/opt/tt-metal/tt_metal/hw/firmware/src/tt-1xx/trisck.cc,89,KERNEL_PROFILER'
   32 | #define DO_PRAGMA(x) _Pragma(#x)
      |                      ^~~~~~~
/opt/tt-metal/tt_metal/tools/profiler/kernel_profiler.hpp:1047:5: note: in expansion of macro 'DO_PRAGMA'
 1047 |     DO_PRAGMA(message(PROFILER_MSG_NAME(name)));                               \
      |     ^~~~~~~~~
/opt/tt-metal/tt_metal/hw/firmware/src/tt-1xx/trisck.cc:89:5: note: in expansion of macro 'DeviceZoneScopedMainChildN'
   89 |     DeviceZoneScopedMainChildN("TRISC-KERNEL");
      |     ^~~~~~~~~~~~~~~~~~~~~~~~~~
Building ncrisc, compile step:
/opt/tt-metal/runtime/sfpi/compiler/bin/riscv-tt-elf-g++ -O2 -std=c++17 -ftt-nttp -ftt-constinit -ftt-consteval -ftt-no-dyninit -flto=1 -flto-partition=one -ffast-math -fno-finite-math-only -fsigned-zeros -fno-associative-math -fno-exceptions -fno-rtti -fno-use-cxa-atexit -g -MMD -Wall -Werror -Wno-error=deprecated-declarations -Wno-error=multistatement-macros -Wno-error=parentheses -Wno-error=unused-but-set-variable -Wno-unused-variable -Wno-unused-function --param=min-pagesize=0 -mcpu=tt-bh -fno-tree-loop-distribute-patterns -Winvalid-pch -Wno-error=invalid-pch -I. -I.. -I/opt/tt-metal/ -I/opt/tt-metal/ttnn -I/opt/tt-metal/ttnn/cpp -I/opt/tt-metal/tt_metal -I/opt/tt-metal/tt_metal/hw/inc -I/opt/tt-metal/tt_metal/tt-llk/common -I/opt/tt-metal/tt_metal/tt-llk/tools/include -I/opt/tt-metal/tt_metal/hostdevcommon/api -I/opt/tt-metal/tt_metal/api/ -I/opt/tt-metal/tt_metal/hw/ckernels/blackhole/metal/common -I/opt/tt-metal/tt_metal/hw/ckernels/blackhole/metal/llk_io -I/opt/tt-metal/tt_metal/hw/inc/internal/tt-1xx -I/opt/tt-metal/tt_metal/hw/inc/internal/tt-1xx/blackhole -I/opt/tt-metal/tt_metal/hw/inc/internal/tt-1xx/blackhole/blackhole_defines -I/opt/tt-metal/tt_metal/hw/inc/internal/tt-1xx/blackhole/noc -I/opt/tt-metal/tt_metal/tt-llk/tt_llk_blackhole/common/inc -I/opt/tt-metal/tt_metal/tt-llk/tt_llk_blackhole/llk_lib -I/opt/tt-metal/tt_metal/tt-llk/tt_llk_blackhole/llk_lib/hal -I/opt/tt-metal/tt_metal/hw/firmware/src/tt-1xx -I/opt/tt-metal/models/experimental/pi0/tt/megakernel/kernels_p2 -include /sp/ttcache_prof/tt-metal-cache/pch/1b9e28ac75b7aabf/pch.h -DIS_NOT_POW2_NUM_L1_BANKS=1 -DLOG_BASE_2_OF_NUM_DRAM_BANKS=3 -DNUM_DRAM_BANKS=8 -DNUM_L1_BANKS=110 -DPCIE_NOC_X=19 -DPCIE_NOC_Y=24 -DTENSIX_FIRMWARE -DLOCAL_MEM_EN=0 -DPROFILE_KERNEL=1 -DPROFILER_FULL_HOST_BUFFER_SIZE_PER_RISC=768000 -DPROCESSOR_INDEX=1 -DCOMPILE_FOR_NCRISC -DPROGRAMMABLE_CORE_TYPE=0 -DARCH_BLACKHOLE -DDISPATCH_MESSAGE_ADDR=4290184248 -DKERNEL_BUILD -DMK_FID8_HIFI2=1 -DPE_ATT_FID=3 -DPE_ATT_FLAT=2 -DPE_CT0=19 -DPE_MM_FID=3 -DPE_NO_EXPERT=1 -DNOC_INDEX=0 -DNOC_MODE=0 -DFULL_KERNEL_NAME="whole_ncrisc/7504807422326407697/" -DKERNEL_COMPILE_TIME_ARGS=1,29,5,6,897988541,0,1088,2,2048,0,2048,0,2048,0,2048,2,2048,2,2048,28,28,7,4,128,897988541,897988541,1110770931,972160,2,4,108,2,4096,0,1088 -c -o /sp/ttcache_prof/tt-metal-cache8908659371042919221/kernels/whole_ncrisc/7504807422326407697/ncrisc/ncrisck.2475656884148353978_1.o /opt/tt-metal/tt_metal/hw/firmware/src/tt-1xx/ncrisck.cc -MF /sp/ttcache_prof/tt-metal-cache8908659371042919221/kernels/whole_ncrisc/7504807422326407697/ncrisc/ncrisck.2475656884148353978_1.d
In file included from /opt/tt-metal/tt_metal/hw/inc/api/dataflow/dataflow_api.h:24,
                 from /opt/tt-metal/tt_metal/hw/inc/internal/firmware_common.h:23,
                 from /opt/tt-metal/tt_metal/hw/firmware/src/tt-1xx/ncrisck.cc:17:
/opt/tt-metal/tt_metal/tools/profiler/kernel_profiler.hpp: In function 'void kernel_profiler::quick_push()':
/opt/tt-metal/tt_metal/tools/profiler/kernel_profiler.hpp:32:22: note: '#pragma message: PROFILER-NOC-QUICK-PUSH,/opt/tt-metal/tt_metal/tools/profiler/kernel_profiler.hpp,633,KERNEL_PROFILER'
   32 | #define DO_PRAGMA(x) _Pragma(#x)
      |                      ^~~~~~~
/opt/tt-metal/tt_metal/tools/profiler/kernel_profiler.hpp:42:5: note: in expansion of macro 'DO_PRAGMA'
   42 |     DO_PRAGMA(message(PROFILER_MSG_NAME(name))); \
      |     ^~~~~~~~~
/opt/tt-metal/tt_metal/tools/profiler/kernel_profiler.hpp:633:5: note: in expansion of macro 'SrcLocNameToHash'
  633 |     SrcLocNameToHash("PROFILER-NOC-QUICK-PUSH");
      |     ^~~~~~~~~~~~~~~~
/opt/tt-metal/tt_metal/hw/firmware/src/tt-1xx/ncrisck.cc: In function 'uint32_t _start()':
/opt/tt-metal/tt_metal/tools/profiler/kernel_profiler.hpp:32:22: note: '#pragma message: NCRISC-KERNEL,/opt/tt-metal/tt_metal/hw/firmware/src/tt-1xx/ncrisck.cc,70,KERNEL_PROFILER'
   32 | #define DO_PRAGMA(x) _Pragma(#x)
      |                      ^~~~~~~
/opt/tt-metal/tt_metal/tools/profiler/kernel_profiler.hpp:1047:5: note: in expansion of macro 'DO_PRAGMA'
 1047 |     DO_PRAGMA(message(PROFILER_MSG_NAME(name)));                               \
      |     ^~~~~~~~~
/opt/tt-metal/tt_metal/hw/firmware/src/tt-1xx/ncrisck.cc:70:5: note: in expansion of macro 'DeviceZoneScopedMainChildN'
   70 |     DeviceZoneScopedMainChildN("NCRISC-KERNEL");
      |     ^~~~~~~~~~~~~~~~~~~~~~~~~~
Building brisc, compile step:
/opt/tt-metal/runtime/sfpi/compiler/bin/riscv-tt-elf-g++ -O2 -std=c++17 -ftt-nttp -ftt-constinit -ftt-consteval -ftt-no-dyninit -flto=1 -flto-partition=one -ffast-math -fno-finite-math-only -fsigned-zeros -fno-associative-math -fno-exceptions -fno-rtti -fno-use-cxa-atexit -g -MMD -Wall -Werror -Wno-error=deprecated-declarations -Wno-error=multistatement-macros -Wno-error=parentheses -Wno-error=unused-but-set-variable -Wno-unused-variable -Wno-unused-function --param=min-pagesize=0 -mcpu=tt-bh -fno-tree-loop-distribute-patterns -Winvalid-pch -Wno-error=invalid-pch -I. -I.. -I/opt/tt-metal/ -I/opt/tt-metal/ttnn -I/opt/tt-metal/ttnn/cpp -I/opt/tt-metal/tt_metal -I/opt/tt-metal/tt_metal/hw/inc -I/opt/tt-metal/tt_metal/tt-llk/common -I/opt/tt-metal/tt_metal/tt-llk/tools/include -I/opt/tt-metal/tt_metal/hostdevcommon/api -I/opt/tt-metal/tt_metal/api/ -I/opt/tt-metal/tt_metal/hw/ckernels/blackhole/metal/common -I/opt/tt-metal/tt_metal/hw/ckernels/blackhole/metal/llk_io -I/opt/tt-metal/tt_metal/hw/inc/internal/tt-1xx -I/opt/tt-metal/tt_metal/hw/inc/internal/tt-1xx/blackhole -I/opt/tt-metal/tt_metal/hw/inc/internal/tt-1xx/blackhole/blackhole_defines -I/opt/tt-metal/tt_metal/hw/inc/internal/tt-1xx/blackhole/noc -I/opt/tt-metal/tt_metal/tt-llk/tt_llk_blackhole/common/inc -I/opt/tt-metal/tt_metal/tt-llk/tt_llk_blackhole/llk_lib -I/opt/tt-metal/tt_metal/tt-llk/tt_llk_blackhole/llk_lib/hal -I/opt/tt-metal/tt_metal/hw/firmware/src/tt-1xx -I/opt/tt-metal/models/experimental/pi0/tt/megakernel/kernels_p2 -include /sp/ttcache_prof/tt-metal-cache/pch/1b9e28ac75b7aabf/pch.h -DIS_NOT_POW2_NUM_L1_BANKS=1 -DLOG_BASE_2_OF_NUM_DRAM_BANKS=3 -DNUM_DRAM_BANKS=8 -DNUM_L1_BANKS=110 -DPCIE_NOC_X=19 -DPCIE_NOC_Y=24 -DTENSIX_FIRMWARE -DLOCAL_MEM_EN=0 -DPROFILE_KERNEL=1 -DPROFILER_FULL_HOST_BUFFER_SIZE_PER_RISC=768000 -DPROCESSOR_INDEX=0 -DCOMPILE_FOR_BRISC -DPROGRAMMABLE_CORE_TYPE=0 -DARCH_BLACKHOLE -DDISPATCH_MESSAGE_ADDR=4290184248 -DKERNEL_BUILD -DMK_FID8_HIFI2=1 -DPE_ATT_FID=3 -DPE_ATT_FLAT=2 -DPE_CT0=19 -DPE_MM_FID=3 -DPE_NO_EXPERT=1 -DNOC_INDEX=1 -DNOC_MODE=0 -DFULL_KERNEL_NAME="whole_brisc/4153428894447697870/" -DKERNEL_COMPILE_TIME_ARGS=1,29,5,6,897988541,0,1088,2,2048,0,2048,0,2048,0,2048,2,2048,2,2048,28,28,7,4,128,897988541,897988541,1110770931,972160,2,4,108,2,4096,0,1088 -c -o /sp/ttcache_prof/tt-metal-cache8908659371042919221/kernels/whole_brisc/4153428894447697870/brisc/brisck.2475656884148353978_1.o /opt/tt-metal/tt_metal/hw/firmware/src/tt-1xx/brisck.cc -MF /sp/ttcache_prof/tt-metal-cache8908659371042919221/kernels/whole_brisc/4153428894447697870/brisc/brisck.2475656884148353978_1.d
In file included from /opt/tt-metal/tt_metal/hw/inc/api/dataflow/dataflow_api.h:24,
                 from /opt/tt-metal/tt_metal/hw/inc/internal/firmware_common.h:23,
                 from /opt/tt-metal/tt_metal/hw/firmware/src/tt-1xx/brisck.cc:16:
/opt/tt-metal/tt_metal/tools/profiler/kernel_profiler.hpp: In function 'void kernel_profiler::finish_profiler(bool)':
/opt/tt-metal/tt_metal/tools/profiler/kernel_profiler.hpp:32:22: note: '#pragma message: PROFILER-NOC-FLUSH,/opt/tt-metal/tt_metal/tools/profiler/kernel_profiler.hpp,481,KERNEL_PROFILER'
   32 | #define DO_PRAGMA(x) _Pragma(#x)
      |                      ^~~~~~~
/opt/tt-metal/tt_metal/tools/profiler/kernel_profiler.hpp:42:5: note: in expansion of macro 'DO_PRAGMA'
   42 |     DO_PRAGMA(message(PROFILER_MSG_NAME(name))); \
      |     ^~~~~~~~~
/opt/tt-metal/tt_metal/tools/profiler/kernel_profiler.hpp:481:17: note: in expansion of macro 'SrcLocNameToHash'
  481 |                 SrcLocNameToHash("PROFILER-NOC-FLUSH");
      |                 ^~~~~~~~~~~~~~~~
/opt/tt-metal/tt_metal/tools/profiler/kernel_profiler.hpp:32:22: note: '#pragma message: PROFILER-DRAM-PUSH,/opt/tt-metal/tt_metal/tools/profiler/kernel_profiler.hpp,490,KERNEL_PROFILER'
   32 | #define DO_PRAGMA(x) _Pragma(#x)
      |                      ^~~~~~~
/opt/tt-metal/tt_metal/tools/profiler/kernel_profiler.hpp:42:5: note: in expansion of macro 'DO_PRAGMA'
   42 |     DO_PRAGMA(message(PROFILER_MSG_NAME(name))); \
      |     ^~~~~~~~~
/opt/tt-metal/tt_metal/tools/profiler/kernel_profiler.hpp:490:17: note: in expansion of macro 'SrcLocNameToHash'
  490 |                 SrcLocNameToHash("PROFILER-DRAM-PUSH");
      |                 ^~~~~~~~~~~~~~~~
/opt/tt-metal/tt_metal/tools/profiler/kernel_profiler.hpp: In function 'void kernel_profiler::quick_push()':
/opt/tt-metal/tt_metal/tools/profiler/kernel_profiler.hpp:32:22: note: '#pragma message: PROFILER-NOC-QUICK-PUSH,/opt/tt-metal/tt_metal/tools/profiler/kernel_profiler.hpp,633,KERNEL_PROFILER'
   32 | #define DO_PRAGMA(x) _Pragma(#x)
      |                      ^~~~~~~
/opt/tt-metal/tt_metal/tools/profiler/kernel_profiler.hpp:42:5: note: in expansion of macro 'DO_PRAGMA'
   42 |     DO_PRAGMA(message(PROFILER_MSG_NAME(name))); \
      |     ^~~~~~~~~
/opt/tt-metal/tt_metal/tools/profiler/kernel_profiler.hpp:633:5: note: in expansion of macro 'SrcLocNameToHash'
  633 |     SrcLocNameToHash("PROFILER-NOC-QUICK-PUSH");
      |     ^~~~~~~~~~~~~~~~
/opt/tt-metal/tt_metal/hw/firmware/src/tt-1xx/brisck.cc: In function 'uint32_t _start()':
/opt/tt-metal/tt_metal/tools/profiler/kernel_profiler.hpp:32:22: note: '#pragma message: BRISC-KERNEL,/opt/tt-metal/tt_metal/hw/firmware/src/tt-1xx/brisck.cc,77,KERNEL_PROFILER'
   32 | #define DO_PRAGMA(x) _Pragma(#x)
      |                      ^~~~~~~
/opt/tt-metal/tt_metal/tools/profiler/kernel_profiler.hpp:1047:5: note: in expansion of macro 'DO_PRAGMA'
 1047 |     DO_PRAGMA(message(PROFILER_MSG_NAME(name)));                               \
      |     ^~~~~~~~~
/opt/tt-metal/tt_metal/hw/firmware/src/tt-1xx/brisck.cc:77:9: note: in expansion of macro 'DeviceZoneScopedMainChildN'
   77 |         DeviceZoneScopedMainChildN("BRISC-KERNEL");
      |         ^~~~~~~~~~~~~~~~~~~~~~~~~~
Building trisc2, compile step:
/opt/tt-metal/runtime/sfpi/compiler/bin/riscv-tt-elf-g++ -O3 -std=c++17 -ftt-nttp -ftt-constinit -ftt-consteval -ftt-no-dyninit -flto=1 -flto-partition=one -ffast-math -fno-finite-math-only -fsigned-zeros -fno-associative-math -fno-exceptions -fno-rtti -fno-use-cxa-atexit -g -MMD -Wall -Werror -Wno-error=deprecated-declarations -Wno-error=multistatement-macros -Wno-error=parentheses -Wno-error=unused-but-set-variable -Wno-unused-variable -Wno-unused-function --param=min-pagesize=0 -mcpu=tt-bh-tensix -Winvalid-pch -Wno-error=invalid-pch -I. -I.. -I/opt/tt-metal/ -I/opt/tt-metal/ttnn -I/opt/tt-metal/ttnn/cpp -I/opt/tt-metal/tt_metal -I/opt/tt-metal/tt_metal/hw/inc -I/opt/tt-metal/tt_metal/tt-llk/common -I/opt/tt-metal/tt_metal/tt-llk/tools/include -I/opt/tt-metal/tt_metal/hostdevcommon/api -I/opt/tt-metal/tt_metal/api/ -I/opt/tt-metal/runtime/sfpi/include -I/opt/tt-metal/tt_metal/hw/ckernels/blackhole/metal/common -I/opt/tt-metal/tt_metal/hw/ckernels/blackhole/metal/llk_io -I/opt/tt-metal/tt_metal/hw/inc/internal/tt-1xx -I/opt/tt-metal/tt_metal/hw/inc/internal/tt-1xx/blackhole -I/opt/tt-metal/tt_metal/hw/inc/internal/tt-1xx/blackhole/blackhole_defines -I/opt/tt-metal/tt_metal/hw/inc/internal/tt-1xx/blackhole/noc -I/opt/tt-metal/tt_metal/tt-llk/tt_llk_blackhole/common/inc -I/opt/tt-metal/tt_metal/tt-llk/tt_llk_blackhole/llk_lib -I/opt/tt-metal/tt_metal/tt-llk/tt_llk_blackhole/llk_lib/hal -I/opt/tt-metal/tt_metal/hw/ckernels/blackhole/metal/llk_api -I/opt/tt-metal/tt_metal/hw/ckernels/blackhole/metal/llk_api/llk_sfpu -I/opt/tt-metal/tt_metal/hw/firmware/src/tt-1xx -I/opt/tt-metal/models/experimental/pi0/tt/megakernel/kernels_p2 -include /sp/ttcache_prof/tt-metal-cache/pch/e13a6eedc934b130/pch.h -DIS_NOT_POW2_NUM_L1_BANKS=1 -DLOG_BASE_2_OF_NUM_DRAM_BANKS=3 -DNUM_DRAM_BANKS=8 -DNUM_L1_BANKS=110 -DPCIE_NOC_X=19 -DPCIE_NOC_Y=24 -DTENSIX_FIRMWARE -DLOCAL_MEM_EN=0 -DPROFILE_KERNEL=1 -DPROFILER_FULL_HOST_BUFFER_SIZE_PER_RISC=768000 -DPROCESSOR_INDEX=4 -DUCK_CHLKC_PACK -DCOMPILE_FOR_TRISC=2 -DPROGRAMMABLE_CORE_TYPE=0 -DARCH_BLACKHOLE -DDISPATCH_MESSAGE_ADDR=4290184248 -DKERNEL_BUILD -DFULL_KERNEL_NAME="whole_trisc/17347828629146735489/" -DKERNEL_COMPILE_TIME_ARGS=1,29,5,6,897988541,0,1088,2,2048,0,2048,0,2048,0,2048,2,2048,2,2048,28,28,7,4,128,897988541,897988541,1110770931,972160,2,4,108,2,4096,0,1088 -c -o /sp/ttcache_prof/tt-metal-cache8908659371042919221/kernels/whole_trisc/17347828629146735489/trisc2/trisck.2475656884148353978_1.o /opt/tt-metal/tt_metal/hw/firmware/src/tt-1xx/trisck.cc -MF /sp/ttcache_prof/tt-metal-cache8908659371042919221/kernels/whole_trisc/17347828629146735489/trisc2/trisck.2475656884148353978_1.d
In file included from /opt/tt-metal/tt_metal/hw/ckernels/blackhole/metal/llk_io/llk_io_pack.h:14,
                 from /opt/tt-metal/tt_metal/hw/inc/api/compute/compute_kernel_api.h:73,
                 from /opt/tt-metal/models/experimental/pi0/tt/megakernel/kernels_p2/../kernels/mk_trisc.cpp:22,
                 from /opt/tt-metal/models/experimental/pi0/tt/megakernel/kernels_p2/whole_trisc.cpp:12,
                 from ../chlkc_pack.cpp:4,
                 from /opt/tt-metal/tt_metal/hw/ckernels/blackhole/metal/common/chlkc_list.h:21,
                 from /opt/tt-metal/tt_metal/hw/firmware/src/tt-1xx/trisck.cc:14:
/opt/tt-metal/tt_metal/hw/ckernels/blackhole/metal/llk_io/llk_io_pack.h: In function 'void llk_wait_for_free_tiles(int32_t, int32_t)':
/opt/tt-metal/tt_metal/tools/profiler/kernel_profiler.hpp:32:22: note: '#pragma message: CB-COMPUTE-RESERVE-BACK,/opt/tt-metal/tt_metal/hw/ckernels/blackhole/metal/llk_io/llk_io_pack.h,21,KERNEL_PROFILER'
   32 | #define DO_PRAGMA(x) _Pragma(#x)
      |                      ^~~~~~~
/opt/tt-metal/tt_metal/tools/profiler/kernel_profiler.hpp:1057:5: note: in expansion of macro 'DO_PRAGMA'
 1057 |     DO_PRAGMA(message(PROFILER_MSG_NAME(name)));                               \
      |     ^~~~~~~~~
/opt/tt-metal/tt_metal/hw/ckernels/blackhole/metal/llk_io/llk_io_pack.h:21:5: note: in expansion of macro 'DeviceZoneScopedSumN2'
   21 |     DeviceZoneScopedSumN2("CB-COMPUTE-RESERVE-BACK");
      |     ^~~~~~~~~~~~~~~~~~~~~
/opt/tt-metal/tt_metal/hw/firmware/src/tt-1xx/trisck.cc: In function 'uint32_t _start()':
/opt/tt-metal/tt_metal/tools/profiler/kernel_profiler.hpp:32:22: note: '#pragma message: TRISC-KERNEL,/opt/tt-metal/tt_metal/hw/firmware/src/tt-1xx/trisck.cc,89,KERNEL_PROFILER'
   32 | #define DO_PRAGMA(x) _Pragma(#x)
      |                      ^~~~~~~
/opt/tt-metal/tt_metal/tools/profiler/kernel_profiler.hpp:1047:5: note: in expansion of macro 'DO_PRAGMA'
 1047 |     DO_PRAGMA(message(PROFILER_MSG_NAME(name)));                               \
      |     ^~~~~~~~~
/opt/tt-metal/tt_metal/hw/firmware/src/tt-1xx/trisck.cc:89:5: note: in expansion of macro 'DeviceZoneScopedMainChildN'
   89 |     DeviceZoneScopedMainChildN("TRISC-KERNEL");
      |     ^~~~~~~~~~~~~~~~~~~~~~~~~~
Building trisc0, compile step:
/opt/tt-metal/runtime/sfpi/compiler/bin/riscv-tt-elf-g++ -O3 -std=c++17 -ftt-nttp -ftt-constinit -ftt-consteval -ftt-no-dyninit -flto=1 -flto-partition=one -ffast-math -fno-finite-math-only -fsigned-zeros -fno-associative-math -fno-exceptions -fno-rtti -fno-use-cxa-atexit -g -MMD -Wall -Werror -Wno-error=deprecated-declarations -Wno-error=multistatement-macros -Wno-error=parentheses -Wno-error=unused-but-set-variable -Wno-unused-variable -Wno-unused-function --param=min-pagesize=0 -mcpu=tt-bh-tensix -Winvalid-pch -Wno-error=invalid-pch -I. -I.. -I/opt/tt-metal/ -I/opt/tt-metal/ttnn -I/opt/tt-metal/ttnn/cpp -I/opt/tt-metal/tt_metal -I/opt/tt-metal/tt_metal/hw/inc -I/opt/tt-metal/tt_metal/tt-llk/common -I/opt/tt-metal/tt_metal/tt-llk/tools/include -I/opt/tt-metal/tt_metal/hostdevcommon/api -I/opt/tt-metal/tt_metal/api/ -I/opt/tt-metal/runtime/sfpi/include -I/opt/tt-metal/tt_metal/hw/ckernels/blackhole/metal/common -I/opt/tt-metal/tt_metal/hw/ckernels/blackhole/metal/llk_io -I/opt/tt-metal/tt_metal/hw/inc/internal/tt-1xx -I/opt/tt-metal/tt_metal/hw/inc/internal/tt-1xx/blackhole -I/opt/tt-metal/tt_metal/hw/inc/internal/tt-1xx/blackhole/blackhole_defines -I/opt/tt-metal/tt_metal/hw/inc/internal/tt-1xx/blackhole/noc -I/opt/tt-metal/tt_metal/tt-llk/tt_llk_blackhole/common/inc -I/opt/tt-metal/tt_metal/tt-llk/tt_llk_blackhole/llk_lib -I/opt/tt-metal/tt_metal/tt-llk/tt_llk_blackhole/llk_lib/hal -I/opt/tt-metal/tt_metal/hw/ckernels/blackhole/metal/llk_api -I/opt/tt-metal/tt_metal/hw/ckernels/blackhole/metal/llk_api/llk_sfpu -I/opt/tt-metal/tt_metal/hw/firmware/src/tt-1xx -I/opt/tt-metal/models/experimental/pi0/tt/megakernel/kernels_p2 -include /sp/ttcache_prof/tt-metal-cache/pch/e13a6eedc934b130/pch.h -DIS_NOT_POW2_NUM_L1_BANKS=1 -DLOG_BASE_2_OF_NUM_DRAM_BANKS=3 -DNUM_DRAM_BANKS=8 -DNUM_L1_BANKS=110 -DPCIE_NOC_X=19 -DPCIE_NOC_Y=24 -DTENSIX_FIRMWARE -DLOCAL_MEM_EN=0 -DPROFILE_KERNEL=1 -DPROFILER_FULL_HOST_BUFFER_SIZE_PER_RISC=768000 -DPROCESSOR_INDEX=2 -DUCK_CHLKC_UNPACK -DCOMPILE_FOR_TRISC=0 -DPROGRAMMABLE_CORE_TYPE=0 -DARCH_BLACKHOLE -DDISPATCH_MESSAGE_ADDR=4290184248 -DKERNEL_BUILD -DFULL_KERNEL_NAME="whole_trisc/17347828629146735489/" -DKERNEL_COMPILE_TIME_ARGS=1,29,5,6,897988541,0,1088,2,2048,0,2048,0,2048,0,2048,2,2048,2,2048,28,28,7,4,128,897988541,897988541,1110770931,972160,2,4,108,2,4096,0,1088 -c -o /sp/ttcache_prof/tt-metal-cache8908659371042919221/kernels/whole_trisc/17347828629146735489/trisc0/trisck.2475656884148353978_1.o /opt/tt-metal/tt_metal/hw/firmware/src/tt-1xx/trisck.cc -MF /sp/ttcache_prof/tt-metal-cache8908659371042919221/kernels/whole_trisc/17347828629146735489/trisc0/trisck.2475656884148353978_1.d
In file included from /opt/tt-metal/tt_metal/hw/ckernels/blackhole/metal/llk_io/llk_io_unpack.h:13,
                 from /opt/tt-metal/tt_metal/hw/inc/api/compute/compute_kernel_api.h:98,
                 from /opt/tt-metal/models/experimental/pi0/tt/megakernel/kernels_p2/../kernels/mk_trisc.cpp:22,
                 from /opt/tt-metal/models/experimental/pi0/tt/megakernel/kernels_p2/whole_trisc.cpp:12,
                 from ../chlkc_unpack.cpp:4,
                 from /opt/tt-metal/tt_metal/hw/ckernels/blackhole/metal/common/chlkc_list.h:26,
                 from /opt/tt-metal/tt_metal/hw/firmware/src/tt-1xx/trisck.cc:14:
/opt/tt-metal/tt_metal/hw/ckernels/blackhole/metal/llk_io/llk_io_unpack.h: In function 'void llk_wait_tiles(int, int32_t)':
/opt/tt-metal/tt_metal/tools/profiler/kernel_profiler.hpp:32:22: note: '#pragma message: CB-COMPUTE-WAIT-FRONT,/opt/tt-metal/tt_metal/hw/ckernels/blackhole/metal/llk_io/llk_io_unpack.h,19,KERNEL_PROFILER'
   32 | #define DO_PRAGMA(x) _Pragma(#x)
      |                      ^~~~~~~
/opt/tt-metal/tt_metal/tools/profiler/kernel_profiler.hpp:1052:5: note: in expansion of macro 'DO_PRAGMA'
 1052 |     DO_PRAGMA(message(PROFILER_MSG_NAME(name)));                               \
      |     ^~~~~~~~~
/opt/tt-metal/tt_metal/hw/ckernels/blackhole/metal/llk_io/llk_io_unpack.h:19:5: note: in expansion of macro 'DeviceZoneScopedSumN1'
   19 |     DeviceZoneScopedSumN1("CB-COMPUTE-WAIT-FRONT");
      |     ^~~~~~~~~~~~~~~~~~~~~
/opt/tt-metal/tt_metal/hw/firmware/src/tt-1xx/trisck.cc: In function 'uint32_t _start()':
/opt/tt-metal/tt_metal/tools/profiler/kernel_profiler.hpp:32:22: note: '#pragma message: TRISC-KERNEL,/opt/tt-metal/tt_metal/hw/firmware/src/tt-1xx/trisck.cc,89,KERNEL_PROFILER'
   32 | #define DO_PRAGMA(x) _Pragma(#x)
      |                      ^~~~~~~
/opt/tt-metal/tt_metal/tools/profiler/kernel_profiler.hpp:1047:5: note: in expansion of macro 'DO_PRAGMA'
 1047 |     DO_PRAGMA(message(PROFILER_MSG_NAME(name)));                               \
      |     ^~~~~~~~~
/opt/tt-metal/tt_metal/hw/firmware/src/tt-1xx/trisck.cc:89:5: note: in expansion of macro 'DeviceZoneScopedMainChildN'
   89 |     DeviceZoneScopedMainChildN("TRISC-KERNEL");
      |     ^~~~~~~~~~~~~~~~~~~~~~~~~~
Building trisc1, compile step:
/opt/tt-metal/runtime/sfpi/compiler/bin/riscv-tt-elf-g++ -O3 -std=c++17 -ftt-nttp -ftt-constinit -ftt-consteval -ftt-no-dyninit -flto=1 -flto-partition=one -ffast-math -fno-finite-math-only -fsigned-zeros -fno-associative-math -fno-exceptions -fno-rtti -fno-use-cxa-atexit -g -MMD -Wall -Werror -Wno-error=deprecated-declarations -Wno-error=multistatement-macros -Wno-error=parentheses -Wno-error=unused-but-set-variable -Wno-unused-variable -Wno-unused-function --param=min-pagesize=0 -mcpu=tt-bh-tensix -Winvalid-pch -Wno-error=invalid-pch -I. -I.. -I/opt/tt-metal/ -I/opt/tt-metal/ttnn -I/opt/tt-metal/ttnn/cpp -I/opt/tt-metal/tt_metal -I/opt/tt-metal/tt_metal/hw/inc -I/opt/tt-metal/tt_metal/tt-llk/common -I/opt/tt-metal/tt_metal/tt-llk/tools/include -I/opt/tt-metal/tt_metal/hostdevcommon/api -I/opt/tt-metal/tt_metal/api/ -I/opt/tt-metal/runtime/sfpi/include -I/opt/tt-metal/tt_metal/hw/ckernels/blackhole/metal/common -I/opt/tt-metal/tt_metal/hw/ckernels/blackhole/metal/llk_io -I/opt/tt-metal/tt_metal/hw/inc/internal/tt-1xx -I/opt/tt-metal/tt_metal/hw/inc/internal/tt-1xx/blackhole -I/opt/tt-metal/tt_metal/hw/inc/internal/tt-1xx/blackhole/blackhole_defines -I/opt/tt-metal/tt_metal/hw/inc/internal/tt-1xx/blackhole/noc -I/opt/tt-metal/tt_metal/tt-llk/tt_llk_blackhole/common/inc -I/opt/tt-metal/tt_metal/tt-llk/tt_llk_blackhole/llk_lib -I/opt/tt-metal/tt_metal/tt-llk/tt_llk_blackhole/llk_lib/hal -I/opt/tt-metal/tt_metal/hw/ckernels/blackhole/metal/llk_api -I/opt/tt-metal/tt_metal/hw/ckernels/blackhole/metal/llk_api/llk_sfpu -I/opt/tt-metal/tt_metal/hw/firmware/src/tt-1xx -I/opt/tt-metal/models/experimental/pi0/tt/megakernel/kernels_p2 -include /sp/ttcache_prof/tt-metal-cache/pch/e13a6eedc934b130/pch.h -DIS_NOT_POW2_NUM_L1_BANKS=1 -DLOG_BASE_2_OF_NUM_DRAM_BANKS=3 -DNUM_DRAM_BANKS=8 -DNUM_L1_BANKS=110 -DPCIE_NOC_X=19 -DPCIE_NOC_Y=24 -DTENSIX_FIRMWARE -DLOCAL_MEM_EN=0 -DPROFILE_KERNEL=1 -DPROFILER_FULL_HOST_BUFFER_SIZE_PER_RISC=768000 -DPROCESSOR_INDEX=3 -DUCK_CHLKC_MATH -DCOMPILE_FOR_TRISC=1 -DPROGRAMMABLE_CORE_TYPE=0 -DARCH_BLACKHOLE -DDISPATCH_MESSAGE_ADDR=4290184248 -DKERNEL_BUILD -DFULL_KERNEL_NAME="whole_trisc/17347828629146735489/" -DKERNEL_COMPILE_TIME_ARGS=1,29,5,6,897988541,0,1088,2,2048,0,2048,0,2048,0,2048,2,2048,2,2048,28,28,7,4,128,897988541,897988541,1110770931,972160,2,4,108,2,4096,0,1088 -c -o /sp/ttcache_prof/tt-metal-cache8908659371042919221/kernels/whole_trisc/17347828629146735489/trisc1/trisck.2475656884148353978_1.o /opt/tt-metal/tt_metal/hw/firmware/src/tt-1xx/trisck.cc -MF /sp/ttcache_prof/tt-metal-cache8908659371042919221/kernels/whole_trisc/17347828629146735489/trisc1/trisck.2475656884148353978_1.d
In file included from /opt/tt-metal/tt_metal/hw/firmware/src/tt-1xx/trisck.cc:16:
/opt/tt-metal/tt_metal/hw/firmware/src/tt-1xx/trisck.cc: In function 'uint32_t _start()':
/opt/tt-metal/tt_metal/tools/profiler/kernel_profiler.hpp:32:22: note: '#pragma message: TRISC-KERNEL,/opt/tt-metal/tt_metal/hw/firmware/src/tt-1xx/trisck.cc,89,KERNEL_PROFILER'
   32 | #define DO_PRAGMA(x) _Pragma(#x)
      |                      ^~~~~~~
/opt/tt-metal/tt_metal/tools/profiler/kernel_profiler.hpp:1047:5: note: in expansion of macro 'DO_PRAGMA'
 1047 |     DO_PRAGMA(message(PROFILER_MSG_NAME(name)));                               \
      |     ^~~~~~~~~
/opt/tt-metal/tt_metal/hw/firmware/src/tt-1xx/trisck.cc:89:5: note: in expansion of macro 'DeviceZoneScopedMainChildN'
   89 |     DeviceZoneScopedMainChildN("TRISC-KERNEL");
      |     ^~~~~~~~~~~~~~~~~~~~~~~~~~
Building ncrisc, compile step:
/opt/tt-metal/runtime/sfpi/compiler/bin/riscv-tt-elf-g++ -O2 -std=c++17 -ftt-nttp -ftt-constinit -ftt-consteval -ftt-no-dyninit -flto=1 -flto-partition=one -ffast-math -fno-finite-math-only -fsigned-zeros -fno-associative-math -fno-exceptions -fno-rtti -fno-use-cxa-atexit -g -MMD -Wall -Werror -Wno-error=deprecated-declarations -Wno-error=multistatement-macros -Wno-error=parentheses -Wno-error=unused-but-set-variable -Wno-unused-variable -Wno-unused-function --param=min-pagesize=0 -mcpu=tt-bh -fno-tree-loop-distribute-patterns -Winvalid-pch -Wno-error=invalid-pch -I. -I.. -I/opt/tt-metal/ -I/opt/tt-metal/ttnn -I/opt/tt-metal/ttnn/cpp -I/opt/tt-metal/tt_metal -I/opt/tt-metal/tt_metal/hw/inc -I/opt/tt-metal/tt_metal/tt-llk/common -I/opt/tt-metal/tt_metal/tt-llk/tools/include -I/opt/tt-metal/tt_metal/hostdevcommon/api -I/opt/tt-metal/tt_metal/api/ -I/opt/tt-metal/tt_metal/hw/ckernels/blackhole/metal/common -I/opt/tt-metal/tt_metal/hw/ckernels/blackhole/metal/llk_io -I/opt/tt-metal/tt_metal/hw/inc/internal/tt-1xx -I/opt/tt-metal/tt_metal/hw/inc/internal/tt-1xx/blackhole -I/opt/tt-metal/tt_metal/hw/inc/internal/tt-1xx/blackhole/blackhole_defines -I/opt/tt-metal/tt_metal/hw/inc/internal/tt-1xx/blackhole/noc -I/opt/tt-metal/tt_metal/tt-llk/tt_llk_blackhole/common/inc -I/opt/tt-metal/tt_metal/tt-llk/tt_llk_blackhole/llk_lib -I/opt/tt-metal/tt_metal/tt-llk/tt_llk_blackhole/llk_lib/hal -I/opt/tt-metal/tt_metal/hw/firmware/src/tt-1xx -I/opt/tt-metal/models/experimental/pi0/tt/megakernel/kernels_p2 -include /sp/ttcache_prof/tt-metal-cache/pch/1b9e28ac75b7aabf/pch.h -DIS_NOT_POW2_NUM_L1_BANKS=1 -DLOG_BASE_2_OF_NUM_DRAM_BANKS=3 -DNUM_DRAM_BANKS=8 -DNUM_L1_BANKS=110 -DPCIE_NOC_X=19 -DPCIE_NOC_Y=24 -DTENSIX_FIRMWARE -DLOCAL_MEM_EN=0 -DPROFILE_KERNEL=1 -DPROFILER_FULL_HOST_BUFFER_SIZE_PER_RISC=768000 -DPROCESSOR_INDEX=1 -DCOMPILE_FOR_NCRISC -DPROGRAMMABLE_CORE_TYPE=0 -DARCH_BLACKHOLE -DDISPATCH_MESSAGE_ADDR=4290184248 -DKERNEL_BUILD -DMK_FID8_HIFI2=1 -DPE_ATT_FID=3 -DPE_ATT_FLAT=2 -DPE_CT0=19 -DPE_MM_FID=3 -DPE_NO_EXPERT=1 -DNOC_INDEX=0 -DNOC_MODE=0 -DFULL_KERNEL_NAME="whole_ncrisc/1999914434906602494/" -DKERNEL_COMPILE_TIME_ARGS=1,29,5,6,897988541,0,1088,2,2048,0,2048,0,2048,0,2048,2,2048,2,2048,28,28,7,4,128,897988541,897988541,1110770931,648320,1,4,108,2,4096,0,1088 -c -o /sp/ttcache_prof/tt-metal-cache8908659371042919221/kernels/whole_ncrisc/1999914434906602494/ncrisc/ncrisck.2475656884148353978_1.o /opt/tt-metal/tt_metal/hw/firmware/src/tt-1xx/ncrisck.cc -MF /sp/ttcache_prof/tt-metal-cache8908659371042919221/kernels/whole_ncrisc/1999914434906602494/ncrisc/ncrisck.2475656884148353978_1.d
In file included from /opt/tt-metal/tt_metal/hw/inc/api/dataflow/dataflow_api.h:24,
                 from /opt/tt-metal/tt_metal/hw/inc/internal/firmware_common.h:23,
                 from /opt/tt-metal/tt_metal/hw/firmware/src/tt-1xx/ncrisck.cc:17:
/opt/tt-metal/tt_metal/tools/profiler/kernel_profiler.hpp: In function 'void kernel_profiler::quick_push()':
/opt/tt-metal/tt_metal/tools/profiler/kernel_profiler.hpp:32:22: note: '#pragma message: PROFILER-NOC-QUICK-PUSH,/opt/tt-metal/tt_metal/tools/profiler/kernel_profiler.hpp,633,KERNEL_PROFILER'
   32 | #define DO_PRAGMA(x) _Pragma(#x)
      |                      ^~~~~~~
/opt/tt-metal/tt_metal/tools/profiler/kernel_profiler.hpp:42:5: note: in expansion of macro 'DO_PRAGMA'
   42 |     DO_PRAGMA(message(PROFILER_MSG_NAME(name))); \
      |     ^~~~~~~~~
/opt/tt-metal/tt_metal/tools/profiler/kernel_profiler.hpp:633:5: note: in expansion of macro 'SrcLocNameToHash'
  633 |     SrcLocNameToHash("PROFILER-NOC-QUICK-PUSH");
      |     ^~~~~~~~~~~~~~~~
/opt/tt-metal/tt_metal/hw/firmware/src/tt-1xx/ncrisck.cc: In function 'uint32_t _start()':
/opt/tt-metal/tt_metal/tools/profiler/kernel_profiler.hpp:32:22: note: '#pragma message: NCRISC-KERNEL,/opt/tt-metal/tt_metal/hw/firmware/src/tt-1xx/ncrisck.cc,70,KERNEL_PROFILER'
   32 | #define DO_PRAGMA(x) _Pragma(#x)
      |                      ^~~~~~~
/opt/tt-metal/tt_metal/tools/profiler/kernel_profiler.hpp:1047:5: note: in expansion of macro 'DO_PRAGMA'
 1047 |     DO_PRAGMA(message(PROFILER_MSG_NAME(name)));                               \
      |     ^~~~~~~~~
/opt/tt-metal/tt_metal/hw/firmware/src/tt-1xx/ncrisck.cc:70:5: note: in expansion of macro 'DeviceZoneScopedMainChildN'
   70 |     DeviceZoneScopedMainChildN("NCRISC-KERNEL");
      |     ^~~~~~~~~~~~~~~~~~~~~~~~~~
Building brisc, compile step:
/opt/tt-metal/runtime/sfpi/compiler/bin/riscv-tt-elf-g++ -O2 -std=c++17 -ftt-nttp -ftt-constinit -ftt-consteval -ftt-no-dyninit -flto=1 -flto-partition=one -ffast-math -fno-finite-math-only -fsigned-zeros -fno-associative-math -fno-exceptions -fno-rtti -fno-use-cxa-atexit -g -MMD -Wall -Werror -Wno-error=deprecated-declarations -Wno-error=multistatement-macros -Wno-error=parentheses -Wno-error=unused-but-set-variable -Wno-unused-variable -Wno-unused-function --param=min-pagesize=0 -mcpu=tt-bh -fno-tree-loop-distribute-patterns -Winvalid-pch -Wno-error=invalid-pch -I. -I.. -I/opt/tt-metal/ -I/opt/tt-metal/ttnn -I/opt/tt-metal/ttnn/cpp -I/opt/tt-metal/tt_metal -I/opt/tt-metal/tt_metal/hw/inc -I/opt/tt-metal/tt_metal/tt-llk/common -I/opt/tt-metal/tt_metal/tt-llk/tools/include -I/opt/tt-metal/tt_metal/hostdevcommon/api -I/opt/tt-metal/tt_metal/api/ -I/opt/tt-metal/tt_metal/hw/ckernels/blackhole/metal/common -I/opt/tt-metal/tt_metal/hw/ckernels/blackhole/metal/llk_io -I/opt/tt-metal/tt_metal/hw/inc/internal/tt-1xx -I/opt/tt-metal/tt_metal/hw/inc/internal/tt-1xx/blackhole -I/opt/tt-metal/tt_metal/hw/inc/internal/tt-1xx/blackhole/blackhole_defines -I/opt/tt-metal/tt_metal/hw/inc/internal/tt-1xx/blackhole/noc -I/opt/tt-metal/tt_metal/tt-llk/tt_llk_blackhole/common/inc -I/opt/tt-metal/tt_metal/tt-llk/tt_llk_blackhole/llk_lib -I/opt/tt-metal/tt_metal/tt-llk/tt_llk_blackhole/llk_lib/hal -I/opt/tt-metal/tt_metal/hw/firmware/src/tt-1xx -I/opt/tt-metal/models/experimental/pi0/tt/megakernel/kernels_p2 -include /sp/ttcache_prof/tt-metal-cache/pch/1b9e28ac75b7aabf/pch.h -DIS_NOT_POW2_NUM_L1_BANKS=1 -DLOG_BASE_2_OF_NUM_DRAM_BANKS=3 -DNUM_DRAM_BANKS=8 -DNUM_L1_BANKS=110 -DPCIE_NOC_X=19 -DPCIE_NOC_Y=24 -DTENSIX_FIRMWARE -DLOCAL_MEM_EN=0 -DPROFILE_KERNEL=1 -DPROFILER_FULL_HOST_BUFFER_SIZE_PER_RISC=768000 -DPROCESSOR_INDEX=0 -DCOMPILE_FOR_BRISC -DPROGRAMMABLE_CORE_TYPE=0 -DARCH_BLACKHOLE -DDISPATCH_MESSAGE_ADDR=4290184248 -DKERNEL_BUILD -DMK_FID8_HIFI2=1 -DPE_ATT_FID=3 -DPE_ATT_FLAT=2 -DPE_CT0=19 -DPE_MM_FID=3 -DPE_NO_EXPERT=1 -DNOC_INDEX=1 -DNOC_MODE=0 -DFULL_KERNEL_NAME="whole_brisc/8541280902818062343/" -DKERNEL_COMPILE_TIME_ARGS=1,29,5,6,897988541,0,1088,2,2048,0,2048,0,2048,0,2048,2,2048,2,2048,28,28,7,4,128,897988541,897988541,1110770931,648320,1,4,108,2,4096,0,1088 -c -o /sp/ttcache_prof/tt-metal-cache8908659371042919221/kernels/whole_brisc/8541280902818062343/brisc/brisck.2475656884148353978_1.o /opt/tt-metal/tt_metal/hw/firmware/src/tt-1xx/brisck.cc -MF /sp/ttcache_prof/tt-metal-cache8908659371042919221/kernels/whole_brisc/8541280902818062343/brisc/brisck.2475656884148353978_1.d
In file included from /opt/tt-metal/tt_metal/hw/inc/api/dataflow/dataflow_api.h:24,
                 from /opt/tt-metal/tt_metal/hw/inc/internal/firmware_common.h:23,
                 from /opt/tt-metal/tt_metal/hw/firmware/src/tt-1xx/brisck.cc:16:
/opt/tt-metal/tt_metal/tools/profiler/kernel_profiler.hpp: In function 'void kernel_profiler::finish_profiler(bool)':
/opt/tt-metal/tt_metal/tools/profiler/kernel_profiler.hpp:32:22: note: '#pragma message: PROFILER-NOC-FLUSH,/opt/tt-metal/tt_metal/tools/profiler/kernel_profiler.hpp,481,KERNEL_PROFILER'
   32 | #define DO_PRAGMA(x) _Pragma(#x)
      |                      ^~~~~~~
/opt/tt-metal/tt_metal/tools/profiler/kernel_profiler.hpp:42:5: note: in expansion of macro 'DO_PRAGMA'
   42 |     DO_PRAGMA(message(PROFILER_MSG_NAME(name))); \
      |     ^~~~~~~~~
/opt/tt-metal/tt_metal/tools/profiler/kernel_profiler.hpp:481:17: note: in expansion of macro 'SrcLocNameToHash'
  481 |                 SrcLocNameToHash("PROFILER-NOC-FLUSH");
      |                 ^~~~~~~~~~~~~~~~
/opt/tt-metal/tt_metal/tools/profiler/kernel_profiler.hpp:32:22: note: '#pragma message: PROFILER-DRAM-PUSH,/opt/tt-metal/tt_metal/tools/profiler/kernel_profiler.hpp,490,KERNEL_PROFILER'
   32 | #define DO_PRAGMA(x) _Pragma(#x)
      |                      ^~~~~~~
/opt/tt-metal/tt_metal/tools/profiler/kernel_profiler.hpp:42:5: note: in expansion of macro 'DO_PRAGMA'
   42 |     DO_PRAGMA(message(PROFILER_MSG_NAME(name))); \
      |     ^~~~~~~~~
/opt/tt-metal/tt_metal/tools/profiler/kernel_profiler.hpp:490:17: note: in expansion of macro 'SrcLocNameToHash'
  490 |                 SrcLocNameToHash("PROFILER-DRAM-PUSH");
      |                 ^~~~~~~~~~~~~~~~
/opt/tt-metal/tt_metal/tools/profiler/kernel_profiler.hpp: In function 'void kernel_profiler::quick_push()':
/opt/tt-metal/tt_metal/tools/profiler/kernel_profiler.hpp:32:22: note: '#pragma message: PROFILER-NOC-QUICK-PUSH,/opt/tt-metal/tt_metal/tools/profiler/kernel_profiler.hpp,633,KERNEL_PROFILER'
   32 | #define DO_PRAGMA(x) _Pragma(#x)
      |                      ^~~~~~~
/opt/tt-metal/tt_metal/tools/profiler/kernel_profiler.hpp:42:5: note: in expansion of macro 'DO_PRAGMA'
   42 |     DO_PRAGMA(message(PROFILER_MSG_NAME(name))); \
      |     ^~~~~~~~~
/opt/tt-metal/tt_metal/tools/profiler/kernel_profiler.hpp:633:5: note: in expansion of macro 'SrcLocNameToHash'
  633 |     SrcLocNameToHash("PROFILER-NOC-QUICK-PUSH");
      |     ^~~~~~~~~~~~~~~~
/opt/tt-metal/tt_metal/hw/firmware/src/tt-1xx/brisck.cc: In function 'uint32_t _start()':
/opt/tt-metal/tt_metal/tools/profiler/kernel_profiler.hpp:32:22: note: '#pragma message: BRISC-KERNEL,/opt/tt-metal/tt_metal/hw/firmware/src/tt-1xx/brisck.cc,77,KERNEL_PROFILER'
   32 | #define DO_PRAGMA(x) _Pragma(#x)
      |                      ^~~~~~~
/opt/tt-metal/tt_metal/tools/profiler/kernel_profiler.hpp:1047:5: note: in expansion of macro 'DO_PRAGMA'
 1047 |     DO_PRAGMA(message(PROFILER_MSG_NAME(name)));                               \
      |     ^~~~~~~~~
/opt/tt-metal/tt_metal/hw/firmware/src/tt-1xx/brisck.cc:77:9: note: in expansion of macro 'DeviceZoneScopedMainChildN'
   77 |         DeviceZoneScopedMainChildN("BRISC-KERNEL");
      |         ^~~~~~~~~~~~~~~~~~~~~~~~~~
Building trisc2, compile step:
/opt/tt-metal/runtime/sfpi/compiler/bin/riscv-tt-elf-g++ -O3 -std=c++17 -ftt-nttp -ftt-constinit -ftt-consteval -ftt-no-dyninit -flto=1 -flto-partition=one -ffast-math -fno-finite-math-only -fsigned-zeros -fno-associative-math -fno-exceptions -fno-rtti -fno-use-cxa-atexit -g -MMD -Wall -Werror -Wno-error=deprecated-declarations -Wno-error=multistatement-macros -Wno-error=parentheses -Wno-error=unused-but-set-variable -Wno-unused-variable -Wno-unused-function --param=min-pagesize=0 -mcpu=tt-bh-tensix -Winvalid-pch -Wno-error=invalid-pch -I. -I.. -I/opt/tt-metal/ -I/opt/tt-metal/ttnn -I/opt/tt-metal/ttnn/cpp -I/opt/tt-metal/tt_metal -I/opt/tt-metal/tt_metal/hw/inc -I/opt/tt-metal/tt_metal/tt-llk/common -I/opt/tt-metal/tt_metal/tt-llk/tools/include -I/opt/tt-metal/tt_metal/hostdevcommon/api -I/opt/tt-metal/tt_metal/api/ -I/opt/tt-metal/runtime/sfpi/include -I/opt/tt-metal/tt_metal/hw/ckernels/blackhole/metal/common -I/opt/tt-metal/tt_metal/hw/ckernels/blackhole/metal/llk_io -I/opt/tt-metal/tt_metal/hw/inc/internal/tt-1xx -I/opt/tt-metal/tt_metal/hw/inc/internal/tt-1xx/blackhole -I/opt/tt-metal/tt_metal/hw/inc/internal/tt-1xx/blackhole/blackhole_defines -I/opt/tt-metal/tt_metal/hw/inc/internal/tt-1xx/blackhole/noc -I/opt/tt-metal/tt_metal/tt-llk/tt_llk_blackhole/common/inc -I/opt/tt-metal/tt_metal/tt-llk/tt_llk_blackhole/llk_lib -I/opt/tt-metal/tt_metal/tt-llk/tt_llk_blackhole/llk_lib/hal -I/opt/tt-metal/tt_metal/hw/ckernels/blackhole/metal/llk_api -I/opt/tt-metal/tt_metal/hw/ckernels/blackhole/metal/llk_api/llk_sfpu -I/opt/tt-metal/tt_metal/hw/firmware/src/tt-1xx -I/opt/tt-metal/models/experimental/pi0/tt/megakernel/kernels_p2 -include /sp/ttcache_prof/tt-metal-cache/pch/e13a6eedc934b130/pch.h -DIS_NOT_POW2_NUM_L1_BANKS=1 -DLOG_BASE_2_OF_NUM_DRAM_BANKS=3 -DNUM_DRAM_BANKS=8 -DNUM_L1_BANKS=110 -DPCIE_NOC_X=19 -DPCIE_NOC_Y=24 -DTENSIX_FIRMWARE -DLOCAL_MEM_EN=0 -DPROFILE_KERNEL=1 -DPROFILER_FULL_HOST_BUFFER_SIZE_PER_RISC=768000 -DPROCESSOR_INDEX=4 -DUCK_CHLKC_PACK -DCOMPILE_FOR_TRISC=2 -DPROGRAMMABLE_CORE_TYPE=0 -DARCH_BLACKHOLE -DDISPATCH_MESSAGE_ADDR=4290184248 -DKERNEL_BUILD -DFULL_KERNEL_NAME="whole_trisc/12880368377253554610/" -DKERNEL_COMPILE_TIME_ARGS=1,29,5,6,897988541,0,1088,2,2048,0,2048,0,2048,0,2048,2,2048,2,2048,28,28,7,4,128,897988541,897988541,1110770931,648320,1,4,108,2,4096,0,1088 -c -o /sp/ttcache_prof/tt-metal-cache8908659371042919221/kernels/whole_trisc/12880368377253554610/trisc2/trisck.2475656884148353978_1.o /opt/tt-metal/tt_metal/hw/firmware/src/tt-1xx/trisck.cc -MF /sp/ttcache_prof/tt-metal-cache8908659371042919221/kernels/whole_trisc/12880368377253554610/trisc2/trisck.2475656884148353978_1.d
In file included from /opt/tt-metal/tt_metal/hw/ckernels/blackhole/metal/llk_io/llk_io_pack.h:14,
                 from /opt/tt-metal/tt_metal/hw/inc/api/compute/compute_kernel_api.h:73,
                 from /opt/tt-metal/models/experimental/pi0/tt/megakernel/kernels_p2/../kernels/mk_trisc.cpp:22,
                 from /opt/tt-metal/models/experimental/pi0/tt/megakernel/kernels_p2/whole_trisc.cpp:12,
                 from ../chlkc_pack.cpp:4,
                 from /opt/tt-metal/tt_metal/hw/ckernels/blackhole/metal/common/chlkc_list.h:21,
                 from /opt/tt-metal/tt_metal/hw/firmware/src/tt-1xx/trisck.cc:14:
/opt/tt-metal/tt_metal/hw/ckernels/blackhole/metal/llk_io/llk_io_pack.h: In function 'void llk_wait_for_free_tiles(int32_t, int32_t)':
/opt/tt-metal/tt_metal/tools/profiler/kernel_profiler.hpp:32:22: note: '#pragma message: CB-COMPUTE-RESERVE-BACK,/opt/tt-metal/tt_metal/hw/ckernels/blackhole/metal/llk_io/llk_io_pack.h,21,KERNEL_PROFILER'
   32 | #define DO_PRAGMA(x) _Pragma(#x)
      |                      ^~~~~~~
/opt/tt-metal/tt_metal/tools/profiler/kernel_profiler.hpp:1057:5: note: in expansion of macro 'DO_PRAGMA'
 1057 |     DO_PRAGMA(message(PROFILER_MSG_NAME(name)));                               \
      |     ^~~~~~~~~
/opt/tt-metal/tt_metal/hw/ckernels/blackhole/metal/llk_io/llk_io_pack.h:21:5: note: in expansion of macro 'DeviceZoneScopedSumN2'
   21 |     DeviceZoneScopedSumN2("CB-COMPUTE-RESERVE-BACK");
      |     ^~~~~~~~~~~~~~~~~~~~~
/opt/tt-metal/tt_metal/hw/firmware/src/tt-1xx/trisck.cc: In function 'uint32_t _start()':
/opt/tt-metal/tt_metal/tools/profiler/kernel_profiler.hpp:32:22: note: '#pragma message: TRISC-KERNEL,/opt/tt-metal/tt_metal/hw/firmware/src/tt-1xx/trisck.cc,89,KERNEL_PROFILER'
   32 | #define DO_PRAGMA(x) _Pragma(#x)
      |                      ^~~~~~~
/opt/tt-metal/tt_metal/tools/profiler/kernel_profiler.hpp:1047:5: note: in expansion of macro 'DO_PRAGMA'
 1047 |     DO_PRAGMA(message(PROFILER_MSG_NAME(name)));                               \
      |     ^~~~~~~~~
/opt/tt-metal/tt_metal/hw/firmware/src/tt-1xx/trisck.cc:89:5: note: in expansion of macro 'DeviceZoneScopedMainChildN'
   89 |     DeviceZoneScopedMainChildN("TRISC-KERNEL");
      |     ^~~~~~~~~~~~~~~~~~~~~~~~~~
Building trisc0, compile step:
/opt/tt-metal/runtime/sfpi/compiler/bin/riscv-tt-elf-g++ -O3 -std=c++17 -ftt-nttp -ftt-constinit -ftt-consteval -ftt-no-dyninit -flto=1 -flto-partition=one -ffast-math -fno-finite-math-only -fsigned-zeros -fno-associative-math -fno-exceptions -fno-rtti -fno-use-cxa-atexit -g -MMD -Wall -Werror -Wno-error=deprecated-declarations -Wno-error=multistatement-macros -Wno-error=parentheses -Wno-error=unused-but-set-variable -Wno-unused-variable -Wno-unused-function --param=min-pagesize=0 -mcpu=tt-bh-tensix -Winvalid-pch -Wno-error=invalid-pch -I. -I.. -I/opt/tt-metal/ -I/opt/tt-metal/ttnn -I/opt/tt-metal/ttnn/cpp -I/opt/tt-metal/tt_metal -I/opt/tt-metal/tt_metal/hw/inc -I/opt/tt-metal/tt_metal/tt-llk/common -I/opt/tt-metal/tt_metal/tt-llk/tools/include -I/opt/tt-metal/tt_metal/hostdevcommon/api -I/opt/tt-metal/tt_metal/api/ -I/opt/tt-metal/runtime/sfpi/include -I/opt/tt-metal/tt_metal/hw/ckernels/blackhole/metal/common -I/opt/tt-metal/tt_metal/hw/ckernels/blackhole/metal/llk_io -I/opt/tt-metal/tt_metal/hw/inc/internal/tt-1xx -I/opt/tt-metal/tt_metal/hw/inc/internal/tt-1xx/blackhole -I/opt/tt-metal/tt_metal/hw/inc/internal/tt-1xx/blackhole/blackhole_defines -I/opt/tt-metal/tt_metal/hw/inc/internal/tt-1xx/blackhole/noc -I/opt/tt-metal/tt_metal/tt-llk/tt_llk_blackhole/common/inc -I/opt/tt-metal/tt_metal/tt-llk/tt_llk_blackhole/llk_lib -I/opt/tt-metal/tt_metal/tt-llk/tt_llk_blackhole/llk_lib/hal -I/opt/tt-metal/tt_metal/hw/ckernels/blackhole/metal/llk_api -I/opt/tt-metal/tt_metal/hw/ckernels/blackhole/metal/llk_api/llk_sfpu -I/opt/tt-metal/tt_metal/hw/firmware/src/tt-1xx -I/opt/tt-metal/models/experimental/pi0/tt/megakernel/kernels_p2 -include /sp/ttcache_prof/tt-metal-cache/pch/e13a6eedc934b130/pch.h -DIS_NOT_POW2_NUM_L1_BANKS=1 -DLOG_BASE_2_OF_NUM_DRAM_BANKS=3 -DNUM_DRAM_BANKS=8 -DNUM_L1_BANKS=110 -DPCIE_NOC_X=19 -DPCIE_NOC_Y=24 -DTENSIX_FIRMWARE -DLOCAL_MEM_EN=0 -DPROFILE_KERNEL=1 -DPROFILER_FULL_HOST_BUFFER_SIZE_PER_RISC=768000 -DPROCESSOR_INDEX=2 -DUCK_CHLKC_UNPACK -DCOMPILE_FOR_TRISC=0 -DPROGRAMMABLE_CORE_TYPE=0 -DARCH_BLACKHOLE -DDISPATCH_MESSAGE_ADDR=4290184248 -DKERNEL_BUILD -DFULL_KERNEL_NAME="whole_trisc/12880368377253554610/" -DKERNEL_COMPILE_TIME_ARGS=1,29,5,6,897988541,0,1088,2,2048,0,2048,0,2048,0,2048,2,2048,2,2048,28,28,7,4,128,897988541,897988541,1110770931,648320,1,4,108,2,4096,0,1088 -c -o /sp/ttcache_prof/tt-metal-cache8908659371042919221/kernels/whole_trisc/12880368377253554610/trisc0/trisck.2475656884148353978_1.o /opt/tt-metal/tt_metal/hw/firmware/src/tt-1xx/trisck.cc -MF /sp/ttcache_prof/tt-metal-cache8908659371042919221/kernels/whole_trisc/12880368377253554610/trisc0/trisck.2475656884148353978_1.d
In file included from /opt/tt-metal/tt_metal/hw/ckernels/blackhole/metal/llk_io/llk_io_unpack.h:13,
                 from /opt/tt-metal/tt_metal/hw/inc/api/compute/compute_kernel_api.h:98,
                 from /opt/tt-metal/models/experimental/pi0/tt/megakernel/kernels_p2/../kernels/mk_trisc.cpp:22,
                 from /opt/tt-metal/models/experimental/pi0/tt/megakernel/kernels_p2/whole_trisc.cpp:12,
                 from ../chlkc_unpack.cpp:4,
                 from /opt/tt-metal/tt_metal/hw/ckernels/blackhole/metal/common/chlkc_list.h:26,
                 from /opt/tt-metal/tt_metal/hw/firmware/src/tt-1xx/trisck.cc:14:
/opt/tt-metal/tt_metal/hw/ckernels/blackhole/metal/llk_io/llk_io_unpack.h: In function 'void llk_wait_tiles(int, int32_t)':
/opt/tt-metal/tt_metal/tools/profiler/kernel_profiler.hpp:32:22: note: '#pragma message: CB-COMPUTE-WAIT-FRONT,/opt/tt-metal/tt_metal/hw/ckernels/blackhole/metal/llk_io/llk_io_unpack.h,19,KERNEL_PROFILER'
   32 | #define DO_PRAGMA(x) _Pragma(#x)
      |                      ^~~~~~~
/opt/tt-metal/tt_metal/tools/profiler/kernel_profiler.hpp:1052:5: note: in expansion of macro 'DO_PRAGMA'
 1052 |     DO_PRAGMA(message(PROFILER_MSG_NAME(name)));                               \
      |     ^~~~~~~~~
/opt/tt-metal/tt_metal/hw/ckernels/blackhole/metal/llk_io/llk_io_unpack.h:19:5: note: in expansion of macro 'DeviceZoneScopedSumN1'
   19 |     DeviceZoneScopedSumN1("CB-COMPUTE-WAIT-FRONT");
      |     ^~~~~~~~~~~~~~~~~~~~~
/opt/tt-metal/tt_metal/hw/firmware/src/tt-1xx/trisck.cc: In function 'uint32_t _start()':
/opt/tt-metal/tt_metal/tools/profiler/kernel_profiler.hpp:32:22: note: '#pragma message: TRISC-KERNEL,/opt/tt-metal/tt_metal/hw/firmware/src/tt-1xx/trisck.cc,89,KERNEL_PROFILER'
   32 | #define DO_PRAGMA(x) _Pragma(#x)
      |                      ^~~~~~~
/opt/tt-metal/tt_metal/tools/profiler/kernel_profiler.hpp:1047:5: note: in expansion of macro 'DO_PRAGMA'
 1047 |     DO_PRAGMA(message(PROFILER_MSG_NAME(name)));                               \
      |     ^~~~~~~~~
/opt/tt-metal/tt_metal/hw/firmware/src/tt-1xx/trisck.cc:89:5: note: in expansion of macro 'DeviceZoneScopedMainChildN'
   89 |     DeviceZoneScopedMainChildN("TRISC-KERNEL");
      |     ^~~~~~~~~~~~~~~~~~~~~~~~~~
Building trisc1, compile step:
/opt/tt-metal/runtime/sfpi/compiler/bin/riscv-tt-elf-g++ -O3 -std=c++17 -ftt-nttp -ftt-constinit -ftt-consteval -ftt-no-dyninit -flto=1 -flto-partition=one -ffast-math -fno-finite-math-only -fsigned-zeros -fno-associative-math -fno-exceptions -fno-rtti -fno-use-cxa-atexit -g -MMD -Wall -Werror -Wno-error=deprecated-declarations -Wno-error=multistatement-macros -Wno-error=parentheses -Wno-error=unused-but-set-variable -Wno-unused-variable -Wno-unused-function --param=min-pagesize=0 -mcpu=tt-bh-tensix -Winvalid-pch -Wno-error=invalid-pch -I. -I.. -I/opt/tt-metal/ -I/opt/tt-metal/ttnn -I/opt/tt-metal/ttnn/cpp -I/opt/tt-metal/tt_metal -I/opt/tt-metal/tt_metal/hw/inc -I/opt/tt-metal/tt_metal/tt-llk/common -I/opt/tt-metal/tt_metal/tt-llk/tools/include -I/opt/tt-metal/tt_metal/hostdevcommon/api -I/opt/tt-metal/tt_metal/api/ -I/opt/tt-metal/runtime/sfpi/include -I/opt/tt-metal/tt_metal/hw/ckernels/blackhole/metal/common -I/opt/tt-metal/tt_metal/hw/ckernels/blackhole/metal/llk_io -I/opt/tt-metal/tt_metal/hw/inc/internal/tt-1xx -I/opt/tt-metal/tt_metal/hw/inc/internal/tt-1xx/blackhole -I/opt/tt-metal/tt_metal/hw/inc/internal/tt-1xx/blackhole/blackhole_defines -I/opt/tt-metal/tt_metal/hw/inc/internal/tt-1xx/blackhole/noc -I/opt/tt-metal/tt_metal/tt-llk/tt_llk_blackhole/common/inc -I/opt/tt-metal/tt_metal/tt-llk/tt_llk_blackhole/llk_lib -I/opt/tt-metal/tt_metal/tt-llk/tt_llk_blackhole/llk_lib/hal -I/opt/tt-metal/tt_metal/hw/ckernels/blackhole/metal/llk_api -I/opt/tt-metal/tt_metal/hw/ckernels/blackhole/metal/llk_api/llk_sfpu -I/opt/tt-metal/tt_metal/hw/firmware/src/tt-1xx -I/opt/tt-metal/models/experimental/pi0/tt/megakernel/kernels_p2 -include /sp/ttcache_prof/tt-metal-cache/pch/e13a6eedc934b130/pch.h -DIS_NOT_POW2_NUM_L1_BANKS=1 -DLOG_BASE_2_OF_NUM_DRAM_BANKS=3 -DNUM_DRAM_BANKS=8 -DNUM_L1_BANKS=110 -DPCIE_NOC_X=19 -DPCIE_NOC_Y=24 -DTENSIX_FIRMWARE -DLOCAL_MEM_EN=0 -DPROFILE_KERNEL=1 -DPROFILER_FULL_HOST_BUFFER_SIZE_PER_RISC=768000 -DPROCESSOR_INDEX=3 -DUCK_CHLKC_MATH -DCOMPILE_FOR_TRISC=1 -DPROGRAMMABLE_CORE_TYPE=0 -DARCH_BLACKHOLE -DDISPATCH_MESSAGE_ADDR=4290184248 -DKERNEL_BUILD -DFULL_KERNEL_NAME="whole_trisc/12880368377253554610/" -DKERNEL_COMPILE_TIME_ARGS=1,29,5,6,897988541,0,1088,2,2048,0,2048,0,2048,0,2048,2,2048,2,2048,28,28,7,4,128,897988541,897988541,1110770931,648320,1,4,108,2,4096,0,1088 -c -o /sp/ttcache_prof/tt-metal-cache8908659371042919221/kernels/whole_trisc/12880368377253554610/trisc1/trisck.2475656884148353978_1.o /opt/tt-metal/tt_metal/hw/firmware/src/tt-1xx/trisck.cc -MF /sp/ttcache_prof/tt-metal-cache8908659371042919221/kernels/whole_trisc/12880368377253554610/trisc1/trisck.2475656884148353978_1.d
In file included from /opt/tt-metal/tt_metal/hw/firmware/src/tt-1xx/trisck.cc:16:
/opt/tt-metal/tt_metal/hw/firmware/src/tt-1xx/trisck.cc: In function 'uint32_t _start()':
/opt/tt-metal/tt_metal/tools/profiler/kernel_profiler.hpp:32:22: note: '#pragma message: TRISC-KERNEL,/opt/tt-metal/tt_metal/hw/firmware/src/tt-1xx/trisck.cc,89,KERNEL_PROFILER'
   32 | #define DO_PRAGMA(x) _Pragma(#x)
      |                      ^~~~~~~
/opt/tt-metal/tt_metal/tools/profiler/kernel_profiler.hpp:1047:5: note: in expansion of macro 'DO_PRAGMA'
 1047 |     DO_PRAGMA(message(PROFILER_MSG_NAME(name)));                               \
      |     ^~~~~~~~~
/opt/tt-metal/tt_metal/hw/firmware/src/tt-1xx/trisck.cc:89:5: note: in expansion of macro 'DeviceZoneScopedMainChildN'
   89 |     DeviceZoneScopedMainChildN("TRISC-KERNEL");
      |     ^~~~~~~~~~~~~~~~~~~~~~~~~~
Building ncrisc, compile step:
/opt/tt-metal/runtime/sfpi/compiler/bin/riscv-tt-elf-g++ -O2 -std=c++17 -ftt-nttp -ftt-constinit -ftt-consteval -ftt-no-dyninit -flto=1 -flto-partition=one -ffast-math -fno-finite-math-only -fsigned-zeros -fno-associative-math -fno-exceptions -fno-rtti -fno-use-cxa-atexit -g -MMD -Wall -Werror -Wno-error=deprecated-declarations -Wno-error=multistatement-macros -Wno-error=parentheses -Wno-error=unused-but-set-variable -Wno-unused-variable -Wno-unused-function --param=min-pagesize=0 -mcpu=tt-bh -fno-tree-loop-distribute-patterns -Winvalid-pch -Wno-error=invalid-pch -I. -I.. -I/opt/tt-metal/ -I/opt/tt-metal/ttnn -I/opt/tt-metal/ttnn/cpp -I/opt/tt-metal/tt_metal -I/opt/tt-metal/tt_metal/hw/inc -I/opt/tt-metal/tt_metal/tt-llk/common -I/opt/tt-metal/tt_metal/tt-llk/tools/include -I/opt/tt-metal/tt_metal/hostdevcommon/api -I/opt/tt-metal/tt_metal/api/ -I/opt/tt-metal/tt_metal/hw/ckernels/blackhole/metal/common -I/opt/tt-metal/tt_metal/hw/ckernels/blackhole/metal/llk_io -I/opt/tt-metal/tt_metal/hw/inc/internal/tt-1xx -I/opt/tt-metal/tt_metal/hw/inc/internal/tt-1xx/blackhole -I/opt/tt-metal/tt_metal/hw/inc/internal/tt-1xx/blackhole/blackhole_defines -I/opt/tt-metal/tt_metal/hw/inc/internal/tt-1xx/blackhole/noc -I/opt/tt-metal/tt_metal/tt-llk/tt_llk_blackhole/common/inc -I/opt/tt-metal/tt_metal/tt-llk/tt_llk_blackhole/llk_lib -I/opt/tt-metal/tt_metal/tt-llk/tt_llk_blackhole/llk_lib/hal -I/opt/tt-metal/tt_metal/hw/firmware/src/tt-1xx -I/opt/tt-metal/models/experimental/pi0/tt/megakernel/kernels_p2 -include /sp/ttcache_prof/tt-metal-cache/pch/1b9e28ac75b7aabf/pch.h -DIS_NOT_POW2_NUM_L1_BANKS=1 -DLOG_BASE_2_OF_NUM_DRAM_BANKS=3 -DNUM_DRAM_BANKS=8 -DNUM_L1_BANKS=110 -DPCIE_NOC_X=19 -DPCIE_NOC_Y=24 -DTENSIX_FIRMWARE -DLOCAL_MEM_EN=0 -DPROFILE_KERNEL=1 -DPROFILER_FULL_HOST_BUFFER_SIZE_PER_RISC=768000 -DPROCESSOR_INDEX=1 -DCOMPILE_FOR_NCRISC -DPROGRAMMABLE_CORE_TYPE=0 -DARCH_BLACKHOLE -DDISPATCH_MESSAGE_ADDR=4290184248 -DKERNEL_BUILD -DMK_FID8_HIFI2=1 -DPE_ATT_FID=3 -DPE_ATT_FLAT=2 -DPE_CT0=19 -DPE_NO_EXPERT=1 -DNOC_INDEX=0 -DNOC_MODE=0 -DFULL_KERNEL_NAME="whole_ncrisc/1022556486894506550/" -DKERNEL_COMPILE_TIME_ARGS=1,29,5,6,897988541,0,1088,2,2048,0,2048,0,2048,0,2048,2,2048,2,2048,28,28,7,4,128,897988541,897988541,1110770931,1065984,3,4,108,2,4096,0,1088 -c -o /sp/ttcache_prof/tt-metal-cache8908659371042919221/kernels/whole_ncrisc/1022556486894506550/ncrisc/ncrisck.2475656884148353978_1.o /opt/tt-metal/tt_metal/hw/firmware/src/tt-1xx/ncrisck.cc -MF /sp/ttcache_prof/tt-metal-cache8908659371042919221/kernels/whole_ncrisc/1022556486894506550/ncrisc/ncrisck.2475656884148353978_1.d
In file included from /opt/tt-metal/tt_metal/hw/inc/api/dataflow/dataflow_api.h:24,
                 from /opt/tt-metal/tt_metal/hw/inc/internal/firmware_common.h:23,
                 from /opt/tt-metal/tt_metal/hw/firmware/src/tt-1xx/ncrisck.cc:17:
/opt/tt-metal/tt_metal/tools/profiler/kernel_profiler.hpp: In function 'void kernel_profiler::quick_push()':
/opt/tt-metal/tt_metal/tools/profiler/kernel_profiler.hpp:32:22: note: '#pragma message: PROFILER-NOC-QUICK-PUSH,/opt/tt-metal/tt_metal/tools/profiler/kernel_profiler.hpp,633,KERNEL_PROFILER'
   32 | #define DO_PRAGMA(x) _Pragma(#x)
      |                      ^~~~~~~
/opt/tt-metal/tt_metal/tools/profiler/kernel_profiler.hpp:42:5: note: in expansion of macro 'DO_PRAGMA'
   42 |     DO_PRAGMA(message(PROFILER_MSG_NAME(name))); \
      |     ^~~~~~~~~
/opt/tt-metal/tt_metal/tools/profiler/kernel_profiler.hpp:633:5: note: in expansion of macro 'SrcLocNameToHash'
  633 |     SrcLocNameToHash("PROFILER-NOC-QUICK-PUSH");
      |     ^~~~~~~~~~~~~~~~
/opt/tt-metal/tt_metal/hw/firmware/src/tt-1xx/ncrisck.cc: In function 'uint32_t _start()':
/opt/tt-metal/tt_metal/tools/profiler/kernel_profiler.hpp:32:22: note: '#pragma message: NCRISC-KERNEL,/opt/tt-metal/tt_metal/hw/firmware/src/tt-1xx/ncrisck.cc,70,KERNEL_PROFILER'
   32 | #define DO_PRAGMA(x) _Pragma(#x)
      |                      ^~~~~~~
/opt/tt-metal/tt_metal/tools/profiler/kernel_profiler.hpp:1047:5: note: in expansion of macro 'DO_PRAGMA'
 1047 |     DO_PRAGMA(message(PROFILER_MSG_NAME(name)));                               \
      |     ^~~~~~~~~
/opt/tt-metal/tt_metal/hw/firmware/src/tt-1xx/ncrisck.cc:70:5: note: in expansion of macro 'DeviceZoneScopedMainChildN'
   70 |     DeviceZoneScopedMainChildN("NCRISC-KERNEL");
      |     ^~~~~~~~~~~~~~~~~~~~~~~~~~
Building brisc, compile step:
/opt/tt-metal/runtime/sfpi/compiler/bin/riscv-tt-elf-g++ -O2 -std=c++17 -ftt-nttp -ftt-constinit -ftt-consteval -ftt-no-dyninit -flto=1 -flto-partition=one -ffast-math -fno-finite-math-only -fsigned-zeros -fno-associative-math -fno-exceptions -fno-rtti -fno-use-cxa-atexit -g -MMD -Wall -Werror -Wno-error=deprecated-declarations -Wno-error=multistatement-macros -Wno-error=parentheses -Wno-error=unused-but-set-variable -Wno-unused-variable -Wno-unused-function --param=min-pagesize=0 -mcpu=tt-bh -fno-tree-loop-distribute-patterns -Winvalid-pch -Wno-error=invalid-pch -I. -I.. -I/opt/tt-metal/ -I/opt/tt-metal/ttnn -I/opt/tt-metal/ttnn/cpp -I/opt/tt-metal/tt_metal -I/opt/tt-metal/tt_metal/hw/inc -I/opt/tt-metal/tt_metal/tt-llk/common -I/opt/tt-metal/tt_metal/tt-llk/tools/include -I/opt/tt-metal/tt_metal/hostdevcommon/api -I/opt/tt-metal/tt_metal/api/ -I/opt/tt-metal/tt_metal/hw/ckernels/blackhole/metal/common -I/opt/tt-metal/tt_metal/hw/ckernels/blackhole/metal/llk_io -I/opt/tt-metal/tt_metal/hw/inc/internal/tt-1xx -I/opt/tt-metal/tt_metal/hw/inc/internal/tt-1xx/blackhole -I/opt/tt-metal/tt_metal/hw/inc/internal/tt-1xx/blackhole/blackhole_defines -I/opt/tt-metal/tt_metal/hw/inc/internal/tt-1xx/blackhole/noc -I/opt/tt-metal/tt_metal/tt-llk/tt_llk_blackhole/common/inc -I/opt/tt-metal/tt_metal/tt-llk/tt_llk_blackhole/llk_lib -I/opt/tt-metal/tt_metal/tt-llk/tt_llk_blackhole/llk_lib/hal -I/opt/tt-metal/tt_metal/hw/firmware/src/tt-1xx -I/opt/tt-metal/models/experimental/pi0/tt/megakernel/kernels_p2 -include /sp/ttcache_prof/tt-metal-cache/pch/1b9e28ac75b7aabf/pch.h -DIS_NOT_POW2_NUM_L1_BANKS=1 -DLOG_BASE_2_OF_NUM_DRAM_BANKS=3 -DNUM_DRAM_BANKS=8 -DNUM_L1_BANKS=110 -DPCIE_NOC_X=19 -DPCIE_NOC_Y=24 -DTENSIX_FIRMWARE -DLOCAL_MEM_EN=0 -DPROFILE_KERNEL=1 -DPROFILER_FULL_HOST_BUFFER_SIZE_PER_RISC=768000 -DPROCESSOR_INDEX=0 -DCOMPILE_FOR_BRISC -DPROGRAMMABLE_CORE_TYPE=0 -DARCH_BLACKHOLE -DDISPATCH_MESSAGE_ADDR=4290184248 -DKERNEL_BUILD -DMK_FID8_HIFI2=1 -DPE_ATT_FID=3 -DPE_ATT_FLAT=2 -DPE_CT0=19 -DPE_NO_EXPERT=1 -DNOC_INDEX=1 -DNOC_MODE=0 -DFULL_KERNEL_NAME="whole_brisc/11071211311162806797/" -DKERNEL_COMPILE_TIME_ARGS=1,29,5,6,897988541,0,1088,2,2048,0,2048,0,2048,0,2048,2,2048,2,2048,28,28,7,4,128,897988541,897988541,1110770931,1065984,3,4,108,2,4096,0,1088 -c -o /sp/ttcache_prof/tt-metal-cache8908659371042919221/kernels/whole_brisc/11071211311162806797/brisc/brisck.2475656884148353978_1.o /opt/tt-metal/tt_metal/hw/firmware/src/tt-1xx/brisck.cc -MF /sp/ttcache_prof/tt-metal-cache8908659371042919221/kernels/whole_brisc/11071211311162806797/brisc/brisck.2475656884148353978_1.d
In file included from /opt/tt-metal/tt_metal/hw/inc/api/dataflow/dataflow_api.h:24,
                 from /opt/tt-metal/tt_metal/hw/inc/internal/firmware_common.h:23,
                 from /opt/tt-metal/tt_metal/hw/firmware/src/tt-1xx/brisck.cc:16:
/opt/tt-metal/tt_metal/tools/profiler/kernel_profiler.hpp: In function 'void kernel_profiler::finish_profiler(bool)':
/opt/tt-metal/tt_metal/tools/profiler/kernel_profiler.hpp:32:22: note: '#pragma message: PROFILER-NOC-FLUSH,/opt/tt-metal/tt_metal/tools/profiler/kernel_profiler.hpp,481,KERNEL_PROFILER'
   32 | #define DO_PRAGMA(x) _Pragma(#x)
      |                      ^~~~~~~
/opt/tt-metal/tt_metal/tools/profiler/kernel_profiler.hpp:42:5: note: in expansion of macro 'DO_PRAGMA'
   42 |     DO_PRAGMA(message(PROFILER_MSG_NAME(name))); \
      |     ^~~~~~~~~
/opt/tt-metal/tt_metal/tools/profiler/kernel_profiler.hpp:481:17: note: in expansion of macro 'SrcLocNameToHash'
  481 |                 SrcLocNameToHash("PROFILER-NOC-FLUSH");
      |                 ^~~~~~~~~~~~~~~~
/opt/tt-metal/tt_metal/tools/profiler/kernel_profiler.hpp:32:22: note: '#pragma message: PROFILER-DRAM-PUSH,/opt/tt-metal/tt_metal/tools/profiler/kernel_profiler.hpp,490,KERNEL_PROFILER'
   32 | #define DO_PRAGMA(x) _Pragma(#x)
      |                      ^~~~~~~
/opt/tt-metal/tt_metal/tools/profiler/kernel_profiler.hpp:42:5: note: in expansion of macro 'DO_PRAGMA'
   42 |     DO_PRAGMA(message(PROFILER_MSG_NAME(name))); \
      |     ^~~~~~~~~
/opt/tt-metal/tt_metal/tools/profiler/kernel_profiler.hpp:490:17: note: in expansion of macro 'SrcLocNameToHash'
  490 |                 SrcLocNameToHash("PROFILER-DRAM-PUSH");
      |                 ^~~~~~~~~~~~~~~~
/opt/tt-metal/tt_metal/tools/profiler/kernel_profiler.hpp: In function 'void kernel_profiler::quick_push()':
/opt/tt-metal/tt_metal/tools/profiler/kernel_profiler.hpp:32:22: note: '#pragma message: PROFILER-NOC-QUICK-PUSH,/opt/tt-metal/tt_metal/tools/profiler/kernel_profiler.hpp,633,KERNEL_PROFILER'
   32 | #define DO_PRAGMA(x) _Pragma(#x)
      |                      ^~~~~~~
/opt/tt-metal/tt_metal/tools/profiler/kernel_profiler.hpp:42:5: note: in expansion of macro 'DO_PRAGMA'
   42 |     DO_PRAGMA(message(PROFILER_MSG_NAME(name))); \
      |     ^~~~~~~~~
/opt/tt-metal/tt_metal/tools/profiler/kernel_profiler.hpp:633:5: note: in expansion of macro 'SrcLocNameToHash'
  633 |     SrcLocNameToHash("PROFILER-NOC-QUICK-PUSH");
      |     ^~~~~~~~~~~~~~~~
/opt/tt-metal/tt_metal/hw/firmware/src/tt-1xx/brisck.cc: In function 'uint32_t _start()':
/opt/tt-metal/tt_metal/tools/profiler/kernel_profiler.hpp:32:22: note: '#pragma message: BRISC-KERNEL,/opt/tt-metal/tt_metal/hw/firmware/src/tt-1xx/brisck.cc,77,KERNEL_PROFILER'
   32 | #define DO_PRAGMA(x) _Pragma(#x)
      |                      ^~~~~~~
/opt/tt-metal/tt_metal/tools/profiler/kernel_profiler.hpp:1047:5: note: in expansion of macro 'DO_PRAGMA'
 1047 |     DO_PRAGMA(message(PROFILER_MSG_NAME(name)));                               \
      |     ^~~~~~~~~
/opt/tt-metal/tt_metal/hw/firmware/src/tt-1xx/brisck.cc:77:9: note: in expansion of macro 'DeviceZoneScopedMainChildN'
   77 |         DeviceZoneScopedMainChildN("BRISC-KERNEL");
      |         ^~~~~~~~~~~~~~~~~~~~~~~~~~
Building trisc2, compile step:
/opt/tt-metal/runtime/sfpi/compiler/bin/riscv-tt-elf-g++ -O3 -std=c++17 -ftt-nttp -ftt-constinit -ftt-consteval -ftt-no-dyninit -flto=1 -flto-partition=one -ffast-math -fno-finite-math-only -fsigned-zeros -fno-associative-math -fno-exceptions -fno-rtti -fno-use-cxa-atexit -g -MMD -Wall -Werror -Wno-error=deprecated-declarations -Wno-error=multistatement-macros -Wno-error=parentheses -Wno-error=unused-but-set-variable -Wno-unused-variable -Wno-unused-function --param=min-pagesize=0 -mcpu=tt-bh-tensix -Winvalid-pch -Wno-error=invalid-pch -I. -I.. -I/opt/tt-metal/ -I/opt/tt-metal/ttnn -I/opt/tt-metal/ttnn/cpp -I/opt/tt-metal/tt_metal -I/opt/tt-metal/tt_metal/hw/inc -I/opt/tt-metal/tt_metal/tt-llk/common -I/opt/tt-metal/tt_metal/tt-llk/tools/include -I/opt/tt-metal/tt_metal/hostdevcommon/api -I/opt/tt-metal/tt_metal/api/ -I/opt/tt-metal/runtime/sfpi/include -I/opt/tt-metal/tt_metal/hw/ckernels/blackhole/metal/common -I/opt/tt-metal/tt_metal/hw/ckernels/blackhole/metal/llk_io -I/opt/tt-metal/tt_metal/hw/inc/internal/tt-1xx -I/opt/tt-metal/tt_metal/hw/inc/internal/tt-1xx/blackhole -I/opt/tt-metal/tt_metal/hw/inc/internal/tt-1xx/blackhole/blackhole_defines -I/opt/tt-metal/tt_metal/hw/inc/internal/tt-1xx/blackhole/noc -I/opt/tt-metal/tt_metal/tt-llk/tt_llk_blackhole/common/inc -I/opt/tt-metal/tt_metal/tt-llk/tt_llk_blackhole/llk_lib -I/opt/tt-metal/tt_metal/tt-llk/tt_llk_blackhole/llk_lib/hal -I/opt/tt-metal/tt_metal/hw/ckernels/blackhole/metal/llk_api -I/opt/tt-metal/tt_metal/hw/ckernels/blackhole/metal/llk_api/llk_sfpu -I/opt/tt-metal/tt_metal/hw/firmware/src/tt-1xx -I/opt/tt-metal/models/experimental/pi0/tt/megakernel/kernels_p2 -include /sp/ttcache_prof/tt-metal-cache/pch/e13a6eedc934b130/pch.h -DIS_NOT_POW2_NUM_L1_BANKS=1 -DLOG_BASE_2_OF_NUM_DRAM_BANKS=3 -DNUM_DRAM_BANKS=8 -DNUM_L1_BANKS=110 -DPCIE_NOC_X=19 -DPCIE_NOC_Y=24 -DTENSIX_FIRMWARE -DLOCAL_MEM_EN=0 -DPROFILE_KERNEL=1 -DPROFILER_FULL_HOST_BUFFER_SIZE_PER_RISC=768000 -DPROCESSOR_INDEX=4 -DUCK_CHLKC_PACK -DCOMPILE_FOR_TRISC=2 -DPROGRAMMABLE_CORE_TYPE=0 -DARCH_BLACKHOLE -DDISPATCH_MESSAGE_ADDR=4290184248 -DKERNEL_BUILD -DFULL_KERNEL_NAME="whole_trisc/5234690000186424535/" -DKERNEL_COMPILE_TIME_ARGS=1,29,5,6,897988541,0,1088,2,2048,0,2048,0,2048,0,2048,2,2048,2,2048,28,28,7,4,128,897988541,897988541,1110770931,1065984,3,4,108,2,4096,0,1088 -c -o /sp/ttcache_prof/tt-metal-cache8908659371042919221/kernels/whole_trisc/5234690000186424535/trisc2/trisck.2475656884148353978_1.o /opt/tt-metal/tt_metal/hw/firmware/src/tt-1xx/trisck.cc -MF /sp/ttcache_prof/tt-metal-cache8908659371042919221/kernels/whole_trisc/5234690000186424535/trisc2/trisck.2475656884148353978_1.d
In file included from /opt/tt-metal/tt_metal/hw/ckernels/blackhole/metal/llk_io/llk_io_pack.h:14,
                 from /opt/tt-metal/tt_metal/hw/inc/api/compute/compute_kernel_api.h:73,
                 from /opt/tt-metal/models/experimental/pi0/tt/megakernel/kernels_p2/../kernels/mk_trisc.cpp:22,
                 from /opt/tt-metal/models/experimental/pi0/tt/megakernel/kernels_p2/whole_trisc.cpp:12,
                 from ../chlkc_pack.cpp:4,
                 from /opt/tt-metal/tt_metal/hw/ckernels/blackhole/metal/common/chlkc_list.h:21,
                 from /opt/tt-metal/tt_metal/hw/firmware/src/tt-1xx/trisck.cc:14:
/opt/tt-metal/tt_metal/hw/ckernels/blackhole/metal/llk_io/llk_io_pack.h: In function 'void llk_wait_for_free_tiles(int32_t, int32_t)':
/opt/tt-metal/tt_metal/tools/profiler/kernel_profiler.hpp:32:22: note: '#pragma message: CB-COMPUTE-RESERVE-BACK,/opt/tt-metal/tt_metal/hw/ckernels/blackhole/metal/llk_io/llk_io_pack.h,21,KERNEL_PROFILER'
   32 | #define DO_PRAGMA(x) _Pragma(#x)
      |                      ^~~~~~~
/opt/tt-metal/tt_metal/tools/profiler/kernel_profiler.hpp:1057:5: note: in expansion of macro 'DO_PRAGMA'
 1057 |     DO_PRAGMA(message(PROFILER_MSG_NAME(name)));                               \
      |     ^~~~~~~~~
/opt/tt-metal/tt_metal/hw/ckernels/blackhole/metal/llk_io/llk_io_pack.h:21:5: note: in expansion of macro 'DeviceZoneScopedSumN2'
   21 |     DeviceZoneScopedSumN2("CB-COMPUTE-RESERVE-BACK");
      |     ^~~~~~~~~~~~~~~~~~~~~
/opt/tt-metal/tt_metal/hw/firmware/src/tt-1xx/trisck.cc: In function 'uint32_t _start()':
/opt/tt-metal/tt_metal/tools/profiler/kernel_profiler.hpp:32:22: note: '#pragma message: TRISC-KERNEL,/opt/tt-metal/tt_metal/hw/firmware/src/tt-1xx/trisck.cc,89,KERNEL_PROFILER'
   32 | #define DO_PRAGMA(x) _Pragma(#x)
      |                      ^~~~~~~
/opt/tt-metal/tt_metal/tools/profiler/kernel_profiler.hpp:1047:5: note: in expansion of macro 'DO_PRAGMA'
 1047 |     DO_PRAGMA(message(PROFILER_MSG_NAME(name)));                               \
      |     ^~~~~~~~~
/opt/tt-metal/tt_metal/hw/firmware/src/tt-1xx/trisck.cc:89:5: note: in expansion of macro 'DeviceZoneScopedMainChildN'
   89 |     DeviceZoneScopedMainChildN("TRISC-KERNEL");
      |     ^~~~~~~~~~~~~~~~~~~~~~~~~~
Building trisc0, compile step:
/opt/tt-metal/runtime/sfpi/compiler/bin/riscv-tt-elf-g++ -O3 -std=c++17 -ftt-nttp -ftt-constinit -ftt-consteval -ftt-no-dyninit -flto=1 -flto-partition=one -ffast-math -fno-finite-math-only -fsigned-zeros -fno-associative-math -fno-exceptions -fno-rtti -fno-use-cxa-atexit -g -MMD -Wall -Werror -Wno-error=deprecated-declarations -Wno-error=multistatement-macros -Wno-error=parentheses -Wno-error=unused-but-set-variable -Wno-unused-variable -Wno-unused-function --param=min-pagesize=0 -mcpu=tt-bh-tensix -Winvalid-pch -Wno-error=invalid-pch -I. -I.. -I/opt/tt-metal/ -I/opt/tt-metal/ttnn -I/opt/tt-metal/ttnn/cpp -I/opt/tt-metal/tt_metal -I/opt/tt-metal/tt_metal/hw/inc -I/opt/tt-metal/tt_metal/tt-llk/common -I/opt/tt-metal/tt_metal/tt-llk/tools/include -I/opt/tt-metal/tt_metal/hostdevcommon/api -I/opt/tt-metal/tt_metal/api/ -I/opt/tt-metal/runtime/sfpi/include -I/opt/tt-metal/tt_metal/hw/ckernels/blackhole/metal/common -I/opt/tt-metal/tt_metal/hw/ckernels/blackhole/metal/llk_io -I/opt/tt-metal/tt_metal/hw/inc/internal/tt-1xx -I/opt/tt-metal/tt_metal/hw/inc/internal/tt-1xx/blackhole -I/opt/tt-metal/tt_metal/hw/inc/internal/tt-1xx/blackhole/blackhole_defines -I/opt/tt-metal/tt_metal/hw/inc/internal/tt-1xx/blackhole/noc -I/opt/tt-metal/tt_metal/tt-llk/tt_llk_blackhole/common/inc -I/opt/tt-metal/tt_metal/tt-llk/tt_llk_blackhole/llk_lib -I/opt/tt-metal/tt_metal/tt-llk/tt_llk_blackhole/llk_lib/hal -I/opt/tt-metal/tt_metal/hw/ckernels/blackhole/metal/llk_api -I/opt/tt-metal/tt_metal/hw/ckernels/blackhole/metal/llk_api/llk_sfpu -I/opt/tt-metal/tt_metal/hw/firmware/src/tt-1xx -I/opt/tt-metal/models/experimental/pi0/tt/megakernel/kernels_p2 -include /sp/ttcache_prof/tt-metal-cache/pch/e13a6eedc934b130/pch.h -DIS_NOT_POW2_NUM_L1_BANKS=1 -DLOG_BASE_2_OF_NUM_DRAM_BANKS=3 -DNUM_DRAM_BANKS=8 -DNUM_L1_BANKS=110 -DPCIE_NOC_X=19 -DPCIE_NOC_Y=24 -DTENSIX_FIRMWARE -DLOCAL_MEM_EN=0 -DPROFILE_KERNEL=1 -DPROFILER_FULL_HOST_BUFFER_SIZE_PER_RISC=768000 -DPROCESSOR_INDEX=2 -DUCK_CHLKC_UNPACK -DCOMPILE_FOR_TRISC=0 -DPROGRAMMABLE_CORE_TYPE=0 -DARCH_BLACKHOLE -DDISPATCH_MESSAGE_ADDR=4290184248 -DKERNEL_BUILD -DFULL_KERNEL_NAME="whole_trisc/5234690000186424535/" -DKERNEL_COMPILE_TIME_ARGS=1,29,5,6,897988541,0,1088,2,2048,0,2048,0,2048,0,2048,2,2048,2,2048,28,28,7,4,128,897988541,897988541,1110770931,1065984,3,4,108,2,4096,0,1088 -c -o /sp/ttcache_prof/tt-metal-cache8908659371042919221/kernels/whole_trisc/5234690000186424535/trisc0/trisck.2475656884148353978_1.o /opt/tt-metal/tt_metal/hw/firmware/src/tt-1xx/trisck.cc -MF /sp/ttcache_prof/tt-metal-cache8908659371042919221/kernels/whole_trisc/5234690000186424535/trisc0/trisck.2475656884148353978_1.d
In file included from /opt/tt-metal/tt_metal/hw/ckernels/blackhole/metal/llk_io/llk_io_unpack.h:13,
                 from /opt/tt-metal/tt_metal/hw/inc/api/compute/compute_kernel_api.h:98,
                 from /opt/tt-metal/models/experimental/pi0/tt/megakernel/kernels_p2/../kernels/mk_trisc.cpp:22,
                 from /opt/tt-metal/models/experimental/pi0/tt/megakernel/kernels_p2/whole_trisc.cpp:12,
                 from ../chlkc_unpack.cpp:4,
                 from /opt/tt-metal/tt_metal/hw/ckernels/blackhole/metal/common/chlkc_list.h:26,
                 from /opt/tt-metal/tt_metal/hw/firmware/src/tt-1xx/trisck.cc:14:
/opt/tt-metal/tt_metal/hw/ckernels/blackhole/metal/llk_io/llk_io_unpack.h: In function 'void llk_wait_tiles(int, int32_t)':
/opt/tt-metal/tt_metal/tools/profiler/kernel_profiler.hpp:32:22: note: '#pragma message: CB-COMPUTE-WAIT-FRONT,/opt/tt-metal/tt_metal/hw/ckernels/blackhole/metal/llk_io/llk_io_unpack.h,19,KERNEL_PROFILER'
   32 | #define DO_PRAGMA(x) _Pragma(#x)
      |                      ^~~~~~~
/opt/tt-metal/tt_metal/tools/profiler/kernel_profiler.hpp:1052:5: note: in expansion of macro 'DO_PRAGMA'
 1052 |     DO_PRAGMA(message(PROFILER_MSG_NAME(name)));                               \
      |     ^~~~~~~~~
/opt/tt-metal/tt_metal/hw/ckernels/blackhole/metal/llk_io/llk_io_unpack.h:19:5: note: in expansion of macro 'DeviceZoneScopedSumN1'
   19 |     DeviceZoneScopedSumN1("CB-COMPUTE-WAIT-FRONT");
      |     ^~~~~~~~~~~~~~~~~~~~~
/opt/tt-metal/tt_metal/hw/firmware/src/tt-1xx/trisck.cc: In function 'uint32_t _start()':
/opt/tt-metal/tt_metal/tools/profiler/kernel_profiler.hpp:32:22: note: '#pragma message: TRISC-KERNEL,/opt/tt-metal/tt_metal/hw/firmware/src/tt-1xx/trisck.cc,89,KERNEL_PROFILER'
   32 | #define DO_PRAGMA(x) _Pragma(#x)
      |                      ^~~~~~~
/opt/tt-metal/tt_metal/tools/profiler/kernel_profiler.hpp:1047:5: note: in expansion of macro 'DO_PRAGMA'
 1047 |     DO_PRAGMA(message(PROFILER_MSG_NAME(name)));                               \
      |     ^~~~~~~~~
/opt/tt-metal/tt_metal/hw/firmware/src/tt-1xx/trisck.cc:89:5: note: in expansion of macro 'DeviceZoneScopedMainChildN'
   89 |     DeviceZoneScopedMainChildN("TRISC-KERNEL");
      |     ^~~~~~~~~~~~~~~~~~~~~~~~~~
Building trisc1, compile step:
/opt/tt-metal/runtime/sfpi/compiler/bin/riscv-tt-elf-g++ -O3 -std=c++17 -ftt-nttp -ftt-constinit -ftt-consteval -ftt-no-dyninit -flto=1 -flto-partition=one -ffast-math -fno-finite-math-only -fsigned-zeros -fno-associative-math -fno-exceptions -fno-rtti -fno-use-cxa-atexit -g -MMD -Wall -Werror -Wno-error=deprecated-declarations -Wno-error=multistatement-macros -Wno-error=parentheses -Wno-error=unused-but-set-variable -Wno-unused-variable -Wno-unused-function --param=min-pagesize=0 -mcpu=tt-bh-tensix -Winvalid-pch -Wno-error=invalid-pch -I. -I.. -I/opt/tt-metal/ -I/opt/tt-metal/ttnn -I/opt/tt-metal/ttnn/cpp -I/opt/tt-metal/tt_metal -I/opt/tt-metal/tt_metal/hw/inc -I/opt/tt-metal/tt_metal/tt-llk/common -I/opt/tt-metal/tt_metal/tt-llk/tools/include -I/opt/tt-metal/tt_metal/hostdevcommon/api -I/opt/tt-metal/tt_metal/api/ -I/opt/tt-metal/runtime/sfpi/include -I/opt/tt-metal/tt_metal/hw/ckernels/blackhole/metal/common -I/opt/tt-metal/tt_metal/hw/ckernels/blackhole/metal/llk_io -I/opt/tt-metal/tt_metal/hw/inc/internal/tt-1xx -I/opt/tt-metal/tt_metal/hw/inc/internal/tt-1xx/blackhole -I/opt/tt-metal/tt_metal/hw/inc/internal/tt-1xx/blackhole/blackhole_defines -I/opt/tt-metal/tt_metal/hw/inc/internal/tt-1xx/blackhole/noc -I/opt/tt-metal/tt_metal/tt-llk/tt_llk_blackhole/common/inc -I/opt/tt-metal/tt_metal/tt-llk/tt_llk_blackhole/llk_lib -I/opt/tt-metal/tt_metal/tt-llk/tt_llk_blackhole/llk_lib/hal -I/opt/tt-metal/tt_metal/hw/ckernels/blackhole/metal/llk_api -I/opt/tt-metal/tt_metal/hw/ckernels/blackhole/metal/llk_api/llk_sfpu -I/opt/tt-metal/tt_metal/hw/firmware/src/tt-1xx -I/opt/tt-metal/models/experimental/pi0/tt/megakernel/kernels_p2 -include /sp/ttcache_prof/tt-metal-cache/pch/e13a6eedc934b130/pch.h -DIS_NOT_POW2_NUM_L1_BANKS=1 -DLOG_BASE_2_OF_NUM_DRAM_BANKS=3 -DNUM_DRAM_BANKS=8 -DNUM_L1_BANKS=110 -DPCIE_NOC_X=19 -DPCIE_NOC_Y=24 -DTENSIX_FIRMWARE -DLOCAL_MEM_EN=0 -DPROFILE_KERNEL=1 -DPROFILER_FULL_HOST_BUFFER_SIZE_PER_RISC=768000 -DPROCESSOR_INDEX=3 -DUCK_CHLKC_MATH -DCOMPILE_FOR_TRISC=1 -DPROGRAMMABLE_CORE_TYPE=0 -DARCH_BLACKHOLE -DDISPATCH_MESSAGE_ADDR=4290184248 -DKERNEL_BUILD -DFULL_KERNEL_NAME="whole_trisc/5234690000186424535/" -DKERNEL_COMPILE_TIME_ARGS=1,29,5,6,897988541,0,1088,2,2048,0,2048,0,2048,0,2048,2,2048,2,2048,28,28,7,4,128,897988541,897988541,1110770931,1065984,3,4,108,2,4096,0,1088 -c -o /sp/ttcache_prof/tt-metal-cache8908659371042919221/kernels/whole_trisc/5234690000186424535/trisc1/trisck.2475656884148353978_1.o /opt/tt-metal/tt_metal/hw/firmware/src/tt-1xx/trisck.cc -MF /sp/ttcache_prof/tt-metal-cache8908659371042919221/kernels/whole_trisc/5234690000186424535/trisc1/trisck.2475656884148353978_1.d
In file included from /opt/tt-metal/tt_metal/hw/firmware/src/tt-1xx/trisck.cc:16:
/opt/tt-metal/tt_metal/hw/firmware/src/tt-1xx/trisck.cc: In function 'uint32_t _start()':
/opt/tt-metal/tt_metal/tools/profiler/kernel_profiler.hpp:32:22: note: '#pragma message: TRISC-KERNEL,/opt/tt-metal/tt_metal/hw/firmware/src/tt-1xx/trisck.cc,89,KERNEL_PROFILER'
   32 | #define DO_PRAGMA(x) _Pragma(#x)
      |                      ^~~~~~~
/opt/tt-metal/tt_metal/tools/profiler/kernel_profiler.hpp:1047:5: note: in expansion of macro 'DO_PRAGMA'
 1047 |     DO_PRAGMA(message(PROFILER_MSG_NAME(name)));                               \
      |     ^~~~~~~~~
/opt/tt-metal/tt_metal/hw/firmware/src/tt-1xx/trisck.cc:89:5: note: in expansion of macro 'DeviceZoneScopedMainChildN'
   89 |     DeviceZoneScopedMainChildN("TRISC-KERNEL");
      |     ^~~~~~~~~~~~~~~~~~~~~~~~~~
Building ncrisc, compile step:
/opt/tt-metal/runtime/sfpi/compiler/bin/riscv-tt-elf-g++ -O2 -std=c++17 -ftt-nttp -ftt-constinit -ftt-consteval -ftt-no-dyninit -flto=1 -flto-partition=one -ffast-math -fno-finite-math-only -fsigned-zeros -fno-associative-math -fno-exceptions -fno-rtti -fno-use-cxa-atexit -g -MMD -Wall -Werror -Wno-error=deprecated-declarations -Wno-error=multistatement-macros -Wno-error=parentheses -Wno-error=unused-but-set-variable -Wno-unused-variable -Wno-unused-function --param=min-pagesize=0 -mcpu=tt-bh -fno-tree-loop-distribute-patterns -Winvalid-pch -Wno-error=invalid-pch -I. -I.. -I/opt/tt-metal/ -I/opt/tt-metal/ttnn -I/opt/tt-metal/ttnn/cpp -I/opt/tt-metal/tt_metal -I/opt/tt-metal/tt_metal/hw/inc -I/opt/tt-metal/tt_metal/tt-llk/common -I/opt/tt-metal/tt_metal/tt-llk/tools/include -I/opt/tt-metal/tt_metal/hostdevcommon/api -I/opt/tt-metal/tt_metal/api/ -I/opt/tt-metal/tt_metal/hw/ckernels/blackhole/metal/common -I/opt/tt-metal/tt_metal/hw/ckernels/blackhole/metal/llk_io -I/opt/tt-metal/tt_metal/hw/inc/internal/tt-1xx -I/opt/tt-metal/tt_metal/hw/inc/internal/tt-1xx/blackhole -I/opt/tt-metal/tt_metal/hw/inc/internal/tt-1xx/blackhole/blackhole_defines -I/opt/tt-metal/tt_metal/hw/inc/internal/tt-1xx/blackhole/noc -I/opt/tt-metal/tt_metal/tt-llk/tt_llk_blackhole/common/inc -I/opt/tt-metal/tt_metal/tt-llk/tt_llk_blackhole/llk_lib -I/opt/tt-metal/tt_metal/tt-llk/tt_llk_blackhole/llk_lib/hal -I/opt/tt-metal/tt_metal/hw/firmware/src/tt-1xx -I/opt/tt-metal/models/experimental/pi0/tt/megakernel/kernels_p2 -include /sp/ttcache_prof/tt-metal-cache/pch/1b9e28ac75b7aabf/pch.h -DIS_NOT_POW2_NUM_L1_BANKS=1 -DLOG_BASE_2_OF_NUM_DRAM_BANKS=3 -DNUM_DRAM_BANKS=8 -DNUM_L1_BANKS=110 -DPCIE_NOC_X=19 -DPCIE_NOC_Y=24 -DTENSIX_FIRMWARE -DLOCAL_MEM_EN=0 -DPROFILE_KERNEL=1 -DPROFILER_FULL_HOST_BUFFER_SIZE_PER_RISC=768000 -DPROCESSOR_INDEX=1 -DCOMPILE_FOR_NCRISC -DPROGRAMMABLE_CORE_TYPE=0 -DARCH_BLACKHOLE -DDISPATCH_MESSAGE_ADDR=4290184248 -DKERNEL_BUILD -DMK_FID8_HIFI2=1 -DPE_ATT_FID=3 -DPE_ATT_FLAT=2 -DPE_CT0=19 -DPE_MM_FID=3 -DPE_NO_EXPERT=1 -DNOC_INDEX=0 -DNOC_MODE=0 -DFULL_KERNEL_NAME="whole_ncrisc/4568457526417640942/" -DKERNEL_COMPILE_TIME_ARGS=1,35,6,6,897988541,0,1088,2,2048,0,2048,0,2048,0,2048,2,2048,2,2048,32,31,8,7,224,897988541,897988541,1110770931,972160,2,4,108,2,4096,0,1088 -c -o /sp/ttcache_prof/tt-metal-cache8908659371042919221/kernels/whole_ncrisc/4568457526417640942/ncrisc/ncrisck.2475656884148353978_1.o /opt/tt-metal/tt_metal/hw/firmware/src/tt-1xx/ncrisck.cc -MF /sp/ttcache_prof/tt-metal-cache8908659371042919221/kernels/whole_ncrisc/4568457526417640942/ncrisc/ncrisck.2475656884148353978_1.d
In file included from /opt/tt-metal/tt_metal/hw/inc/api/dataflow/dataflow_api.h:24,
                 from /opt/tt-metal/tt_metal/hw/inc/internal/firmware_common.h:23,
                 from /opt/tt-metal/tt_metal/hw/firmware/src/tt-1xx/ncrisck.cc:17:
/opt/tt-metal/tt_metal/tools/profiler/kernel_profiler.hpp: In function 'void kernel_profiler::quick_push()':
/opt/tt-metal/tt_metal/tools/profiler/kernel_profiler.hpp:32:22: note: '#pragma message: PROFILER-NOC-QUICK-PUSH,/opt/tt-metal/tt_metal/tools/profiler/kernel_profiler.hpp,633,KERNEL_PROFILER'
   32 | #define DO_PRAGMA(x) _Pragma(#x)
      |                      ^~~~~~~
/opt/tt-metal/tt_metal/tools/profiler/kernel_profiler.hpp:42:5: note: in expansion of macro 'DO_PRAGMA'
   42 |     DO_PRAGMA(message(PROFILER_MSG_NAME(name))); \
      |     ^~~~~~~~~
/opt/tt-metal/tt_metal/tools/profiler/kernel_profiler.hpp:633:5: note: in expansion of macro 'SrcLocNameToHash'
  633 |     SrcLocNameToHash("PROFILER-NOC-QUICK-PUSH");
      |     ^~~~~~~~~~~~~~~~
/opt/tt-metal/tt_metal/hw/firmware/src/tt-1xx/ncrisck.cc: In function 'uint32_t _start()':
/opt/tt-metal/tt_metal/tools/profiler/kernel_profiler.hpp:32:22: note: '#pragma message: NCRISC-KERNEL,/opt/tt-metal/tt_metal/hw/firmware/src/tt-1xx/ncrisck.cc,70,KERNEL_PROFILER'
   32 | #define DO_PRAGMA(x) _Pragma(#x)
      |                      ^~~~~~~
/opt/tt-metal/tt_metal/tools/profiler/kernel_profiler.hpp:1047:5: note: in expansion of macro 'DO_PRAGMA'
 1047 |     DO_PRAGMA(message(PROFILER_MSG_NAME(name)));                               \
      |     ^~~~~~~~~
/opt/tt-metal/tt_metal/hw/firmware/src/tt-1xx/ncrisck.cc:70:5: note: in expansion of macro 'DeviceZoneScopedMainChildN'
   70 |     DeviceZoneScopedMainChildN("NCRISC-KERNEL");
      |     ^~~~~~~~~~~~~~~~~~~~~~~~~~
Building brisc, compile step:
/opt/tt-metal/runtime/sfpi/compiler/bin/riscv-tt-elf-g++ -O2 -std=c++17 -ftt-nttp -ftt-constinit -ftt-consteval -ftt-no-dyninit -flto=1 -flto-partition=one -ffast-math -fno-finite-math-only -fsigned-zeros -fno-associative-math -fno-exceptions -fno-rtti -fno-use-cxa-atexit -g -MMD -Wall -Werror -Wno-error=deprecated-declarations -Wno-error=multistatement-macros -Wno-error=parentheses -Wno-error=unused-but-set-variable -Wno-unused-variable -Wno-unused-function --param=min-pagesize=0 -mcpu=tt-bh -fno-tree-loop-distribute-patterns -Winvalid-pch -Wno-error=invalid-pch -I. -I.. -I/opt/tt-metal/ -I/opt/tt-metal/ttnn -I/opt/tt-metal/ttnn/cpp -I/opt/tt-metal/tt_metal -I/opt/tt-metal/tt_metal/hw/inc -I/opt/tt-metal/tt_metal/tt-llk/common -I/opt/tt-metal/tt_metal/tt-llk/tools/include -I/opt/tt-metal/tt_metal/hostdevcommon/api -I/opt/tt-metal/tt_metal/api/ -I/opt/tt-metal/tt_metal/hw/ckernels/blackhole/metal/common -I/opt/tt-metal/tt_metal/hw/ckernels/blackhole/metal/llk_io -I/opt/tt-metal/tt_metal/hw/inc/internal/tt-1xx -I/opt/tt-metal/tt_metal/hw/inc/internal/tt-1xx/blackhole -I/opt/tt-metal/tt_metal/hw/inc/internal/tt-1xx/blackhole/blackhole_defines -I/opt/tt-metal/tt_metal/hw/inc/internal/tt-1xx/blackhole/noc -I/opt/tt-metal/tt_metal/tt-llk/tt_llk_blackhole/common/inc -I/opt/tt-metal/tt_metal/tt-llk/tt_llk_blackhole/llk_lib -I/opt/tt-metal/tt_metal/tt-llk/tt_llk_blackhole/llk_lib/hal -I/opt/tt-metal/tt_metal/hw/firmware/src/tt-1xx -I/opt/tt-metal/models/experimental/pi0/tt/megakernel/kernels_p2 -include /sp/ttcache_prof/tt-metal-cache/pch/1b9e28ac75b7aabf/pch.h -DIS_NOT_POW2_NUM_L1_BANKS=1 -DLOG_BASE_2_OF_NUM_DRAM_BANKS=3 -DNUM_DRAM_BANKS=8 -DNUM_L1_BANKS=110 -DPCIE_NOC_X=19 -DPCIE_NOC_Y=24 -DTENSIX_FIRMWARE -DLOCAL_MEM_EN=0 -DPROFILE_KERNEL=1 -DPROFILER_FULL_HOST_BUFFER_SIZE_PER_RISC=768000 -DPROCESSOR_INDEX=0 -DCOMPILE_FOR_BRISC -DPROGRAMMABLE_CORE_TYPE=0 -DARCH_BLACKHOLE -DDISPATCH_MESSAGE_ADDR=4290184248 -DKERNEL_BUILD -DMK_FID8_HIFI2=1 -DPE_ATT_FID=3 -DPE_ATT_FLAT=2 -DPE_CT0=19 -DPE_MM_FID=3 -DPE_NO_EXPERT=1 -DNOC_INDEX=1 -DNOC_MODE=0 -DFULL_KERNEL_NAME="whole_brisc/9312212588427115293/" -DKERNEL_COMPILE_TIME_ARGS=1,35,6,6,897988541,0,1088,2,2048,0,2048,0,2048,0,2048,2,2048,2,2048,32,31,8,7,224,897988541,897988541,1110770931,972160,2,4,108,2,4096,0,1088 -c -o /sp/ttcache_prof/tt-metal-cache8908659371042919221/kernels/whole_brisc/9312212588427115293/brisc/brisck.2475656884148353978_1.o /opt/tt-metal/tt_metal/hw/firmware/src/tt-1xx/brisck.cc -MF /sp/ttcache_prof/tt-metal-cache8908659371042919221/kernels/whole_brisc/9312212588427115293/brisc/brisck.2475656884148353978_1.d
In file included from /opt/tt-metal/tt_metal/hw/inc/api/dataflow/dataflow_api.h:24,
                 from /opt/tt-metal/tt_metal/hw/inc/internal/firmware_common.h:23,
                 from /opt/tt-metal/tt_metal/hw/firmware/src/tt-1xx/brisck.cc:16:
/opt/tt-metal/tt_metal/tools/profiler/kernel_profiler.hpp: In function 'void kernel_profiler::finish_profiler(bool)':
/opt/tt-metal/tt_metal/tools/profiler/kernel_profiler.hpp:32:22: note: '#pragma message: PROFILER-NOC-FLUSH,/opt/tt-metal/tt_metal/tools/profiler/kernel_profiler.hpp,481,KERNEL_PROFILER'
   32 | #define DO_PRAGMA(x) _Pragma(#x)
      |                      ^~~~~~~
/opt/tt-metal/tt_metal/tools/profiler/kernel_profiler.hpp:42:5: note: in expansion of macro 'DO_PRAGMA'
   42 |     DO_PRAGMA(message(PROFILER_MSG_NAME(name))); \
      |     ^~~~~~~~~
/opt/tt-metal/tt_metal/tools/profiler/kernel_profiler.hpp:481:17: note: in expansion of macro 'SrcLocNameToHash'
  481 |                 SrcLocNameToHash("PROFILER-NOC-FLUSH");
      |                 ^~~~~~~~~~~~~~~~
/opt/tt-metal/tt_metal/tools/profiler/kernel_profiler.hpp:32:22: note: '#pragma message: PROFILER-DRAM-PUSH,/opt/tt-metal/tt_metal/tools/profiler/kernel_profiler.hpp,490,KERNEL_PROFILER'
   32 | #define DO_PRAGMA(x) _Pragma(#x)
      |                      ^~~~~~~
/opt/tt-metal/tt_metal/tools/profiler/kernel_profiler.hpp:42:5: note: in expansion of macro 'DO_PRAGMA'
   42 |     DO_PRAGMA(message(PROFILER_MSG_NAME(name))); \
      |     ^~~~~~~~~
/opt/tt-metal/tt_metal/tools/profiler/kernel_profiler.hpp:490:17: note: in expansion of macro 'SrcLocNameToHash'
  490 |                 SrcLocNameToHash("PROFILER-DRAM-PUSH");
      |                 ^~~~~~~~~~~~~~~~
/opt/tt-metal/tt_metal/tools/profiler/kernel_profiler.hpp: In function 'void kernel_profiler::quick_push()':
/opt/tt-metal/tt_metal/tools/profiler/kernel_profiler.hpp:32:22: note: '#pragma message: PROFILER-NOC-QUICK-PUSH,/opt/tt-metal/tt_metal/tools/profiler/kernel_profiler.hpp,633,KERNEL_PROFILER'
   32 | #define DO_PRAGMA(x) _Pragma(#x)
      |                      ^~~~~~~
/opt/tt-metal/tt_metal/tools/profiler/kernel_profiler.hpp:42:5: note: in expansion of macro 'DO_PRAGMA'
   42 |     DO_PRAGMA(message(PROFILER_MSG_NAME(name))); \
      |     ^~~~~~~~~
/opt/tt-metal/tt_metal/tools/profiler/kernel_profiler.hpp:633:5: note: in expansion of macro 'SrcLocNameToHash'
  633 |     SrcLocNameToHash("PROFILER-NOC-QUICK-PUSH");
      |     ^~~~~~~~~~~~~~~~
/opt/tt-metal/tt_metal/hw/firmware/src/tt-1xx/brisck.cc: In function 'uint32_t _start()':
/opt/tt-metal/tt_metal/tools/profiler/kernel_profiler.hpp:32:22: note: '#pragma message: BRISC-KERNEL,/opt/tt-metal/tt_metal/hw/firmware/src/tt-1xx/brisck.cc,77,KERNEL_PROFILER'
   32 | #define DO_PRAGMA(x) _Pragma(#x)
      |                      ^~~~~~~
/opt/tt-metal/tt_metal/tools/profiler/kernel_profiler.hpp:1047:5: note: in expansion of macro 'DO_PRAGMA'
 1047 |     DO_PRAGMA(message(PROFILER_MSG_NAME(name)));                               \
      |     ^~~~~~~~~
/opt/tt-metal/tt_metal/hw/firmware/src/tt-1xx/brisck.cc:77:9: note: in expansion of macro 'DeviceZoneScopedMainChildN'
   77 |         DeviceZoneScopedMainChildN("BRISC-KERNEL");
      |         ^~~~~~~~~~~~~~~~~~~~~~~~~~
Building trisc2, compile step:
/opt/tt-metal/runtime/sfpi/compiler/bin/riscv-tt-elf-g++ -O3 -std=c++17 -ftt-nttp -ftt-constinit -ftt-consteval -ftt-no-dyninit -flto=1 -flto-partition=one -ffast-math -fno-finite-math-only -fsigned-zeros -fno-associative-math -fno-exceptions -fno-rtti -fno-use-cxa-atexit -g -MMD -Wall -Werror -Wno-error=deprecated-declarations -Wno-error=multistatement-macros -Wno-error=parentheses -Wno-error=unused-but-set-variable -Wno-unused-variable -Wno-unused-function --param=min-pagesize=0 -mcpu=tt-bh-tensix -Winvalid-pch -Wno-error=invalid-pch -I. -I.. -I/opt/tt-metal/ -I/opt/tt-metal/ttnn -I/opt/tt-metal/ttnn/cpp -I/opt/tt-metal/tt_metal -I/opt/tt-metal/tt_metal/hw/inc -I/opt/tt-metal/tt_metal/tt-llk/common -I/opt/tt-metal/tt_metal/tt-llk/tools/include -I/opt/tt-metal/tt_metal/hostdevcommon/api -I/opt/tt-metal/tt_metal/api/ -I/opt/tt-metal/runtime/sfpi/include -I/opt/tt-metal/tt_metal/hw/ckernels/blackhole/metal/common -I/opt/tt-metal/tt_metal/hw/ckernels/blackhole/metal/llk_io -I/opt/tt-metal/tt_metal/hw/inc/internal/tt-1xx -I/opt/tt-metal/tt_metal/hw/inc/internal/tt-1xx/blackhole -I/opt/tt-metal/tt_metal/hw/inc/internal/tt-1xx/blackhole/blackhole_defines -I/opt/tt-metal/tt_metal/hw/inc/internal/tt-1xx/blackhole/noc -I/opt/tt-metal/tt_metal/tt-llk/tt_llk_blackhole/common/inc -I/opt/tt-metal/tt_metal/tt-llk/tt_llk_blackhole/llk_lib -I/opt/tt-metal/tt_metal/tt-llk/tt_llk_blackhole/llk_lib/hal -I/opt/tt-metal/tt_metal/hw/ckernels/blackhole/metal/llk_api -I/opt/tt-metal/tt_metal/hw/ckernels/blackhole/metal/llk_api/llk_sfpu -I/opt/tt-metal/tt_metal/hw/firmware/src/tt-1xx -I/opt/tt-metal/models/experimental/pi0/tt/megakernel/kernels_p2 -include /sp/ttcache_prof/tt-metal-cache/pch/e13a6eedc934b130/pch.h -DIS_NOT_POW2_NUM_L1_BANKS=1 -DLOG_BASE_2_OF_NUM_DRAM_BANKS=3 -DNUM_DRAM_BANKS=8 -DNUM_L1_BANKS=110 -DPCIE_NOC_X=19 -DPCIE_NOC_Y=24 -DTENSIX_FIRMWARE -DLOCAL_MEM_EN=0 -DPROFILE_KERNEL=1 -DPROFILER_FULL_HOST_BUFFER_SIZE_PER_RISC=768000 -DPROCESSOR_INDEX=4 -DUCK_CHLKC_PACK -DCOMPILE_FOR_TRISC=2 -DPROGRAMMABLE_CORE_TYPE=0 -DARCH_BLACKHOLE -DDISPATCH_MESSAGE_ADDR=4290184248 -DKERNEL_BUILD -DFULL_KERNEL_NAME="whole_trisc/14891511221156998091/" -DKERNEL_COMPILE_TIME_ARGS=1,35,6,6,897988541,0,1088,2,2048,0,2048,0,2048,0,2048,2,2048,2,2048,32,31,8,7,224,897988541,897988541,1110770931,972160,2,4,108,2,4096,0,1088 -c -o /sp/ttcache_prof/tt-metal-cache8908659371042919221/kernels/whole_trisc/14891511221156998091/trisc2/trisck.2475656884148353978_1.o /opt/tt-metal/tt_metal/hw/firmware/src/tt-1xx/trisck.cc -MF /sp/ttcache_prof/tt-metal-cache8908659371042919221/kernels/whole_trisc/14891511221156998091/trisc2/trisck.2475656884148353978_1.d
In file included from /opt/tt-metal/tt_metal/hw/ckernels/blackhole/metal/llk_io/llk_io_pack.h:14,
                 from /opt/tt-metal/tt_metal/hw/inc/api/compute/compute_kernel_api.h:73,
                 from /opt/tt-metal/models/experimental/pi0/tt/megakernel/kernels_p2/../kernels/mk_trisc.cpp:22,
                 from /opt/tt-metal/models/experimental/pi0/tt/megakernel/kernels_p2/whole_trisc.cpp:12,
                 from ../chlkc_pack.cpp:4,
                 from /opt/tt-metal/tt_metal/hw/ckernels/blackhole/metal/common/chlkc_list.h:21,
                 from /opt/tt-metal/tt_metal/hw/firmware/src/tt-1xx/trisck.cc:14:
/opt/tt-metal/tt_metal/hw/ckernels/blackhole/metal/llk_io/llk_io_pack.h: In function 'void llk_wait_for_free_tiles(int32_t, int32_t)':
/opt/tt-metal/tt_metal/tools/profiler/kernel_profiler.hpp:32:22: note: '#pragma message: CB-COMPUTE-RESERVE-BACK,/opt/tt-metal/tt_metal/hw/ckernels/blackhole/metal/llk_io/llk_io_pack.h,21,KERNEL_PROFILER'
   32 | #define DO_PRAGMA(x) _Pragma(#x)
      |                      ^~~~~~~
/opt/tt-metal/tt_metal/tools/profiler/kernel_profiler.hpp:1057:5: note: in expansion of macro 'DO_PRAGMA'
 1057 |     DO_PRAGMA(message(PROFILER_MSG_NAME(name)));                               \
      |     ^~~~~~~~~
/opt/tt-metal/tt_metal/hw/ckernels/blackhole/metal/llk_io/llk_io_pack.h:21:5: note: in expansion of macro 'DeviceZoneScopedSumN2'
   21 |     DeviceZoneScopedSumN2("CB-COMPUTE-RESERVE-BACK");
      |     ^~~~~~~~~~~~~~~~~~~~~
/opt/tt-metal/tt_metal/hw/firmware/src/tt-1xx/trisck.cc: In function 'uint32_t _start()':
/opt/tt-metal/tt_metal/tools/profiler/kernel_profiler.hpp:32:22: note: '#pragma message: TRISC-KERNEL,/opt/tt-metal/tt_metal/hw/firmware/src/tt-1xx/trisck.cc,89,KERNEL_PROFILER'
   32 | #define DO_PRAGMA(x) _Pragma(#x)
      |                      ^~~~~~~
/opt/tt-metal/tt_metal/tools/profiler/kernel_profiler.hpp:1047:5: note: in expansion of macro 'DO_PRAGMA'
 1047 |     DO_PRAGMA(message(PROFILER_MSG_NAME(name)));                               \
      |     ^~~~~~~~~
/opt/tt-metal/tt_metal/hw/firmware/src/tt-1xx/trisck.cc:89:5: note: in expansion of macro 'DeviceZoneScopedMainChildN'
   89 |     DeviceZoneScopedMainChildN("TRISC-KERNEL");
      |     ^~~~~~~~~~~~~~~~~~~~~~~~~~
Building trisc0, compile step:
/opt/tt-metal/runtime/sfpi/compiler/bin/riscv-tt-elf-g++ -O3 -std=c++17 -ftt-nttp -ftt-constinit -ftt-consteval -ftt-no-dyninit -flto=1 -flto-partition=one -ffast-math -fno-finite-math-only -fsigned-zeros -fno-associative-math -fno-exceptions -fno-rtti -fno-use-cxa-atexit -g -MMD -Wall -Werror -Wno-error=deprecated-declarations -Wno-error=multistatement-macros -Wno-error=parentheses -Wno-error=unused-but-set-variable -Wno-unused-variable -Wno-unused-function --param=min-pagesize=0 -mcpu=tt-bh-tensix -Winvalid-pch -Wno-error=invalid-pch -I. -I.. -I/opt/tt-metal/ -I/opt/tt-metal/ttnn -I/opt/tt-metal/ttnn/cpp -I/opt/tt-metal/tt_metal -I/opt/tt-metal/tt_metal/hw/inc -I/opt/tt-metal/tt_metal/tt-llk/common -I/opt/tt-metal/tt_metal/tt-llk/tools/include -I/opt/tt-metal/tt_metal/hostdevcommon/api -I/opt/tt-metal/tt_metal/api/ -I/opt/tt-metal/runtime/sfpi/include -I/opt/tt-metal/tt_metal/hw/ckernels/blackhole/metal/common -I/opt/tt-metal/tt_metal/hw/ckernels/blackhole/metal/llk_io -I/opt/tt-metal/tt_metal/hw/inc/internal/tt-1xx -I/opt/tt-metal/tt_metal/hw/inc/internal/tt-1xx/blackhole -I/opt/tt-metal/tt_metal/hw/inc/internal/tt-1xx/blackhole/blackhole_defines -I/opt/tt-metal/tt_metal/hw/inc/internal/tt-1xx/blackhole/noc -I/opt/tt-metal/tt_metal/tt-llk/tt_llk_blackhole/common/inc -I/opt/tt-metal/tt_metal/tt-llk/tt_llk_blackhole/llk_lib -I/opt/tt-metal/tt_metal/tt-llk/tt_llk_blackhole/llk_lib/hal -I/opt/tt-metal/tt_metal/hw/ckernels/blackhole/metal/llk_api -I/opt/tt-metal/tt_metal/hw/ckernels/blackhole/metal/llk_api/llk_sfpu -I/opt/tt-metal/tt_metal/hw/firmware/src/tt-1xx -I/opt/tt-metal/models/experimental/pi0/tt/megakernel/kernels_p2 -include /sp/ttcache_prof/tt-metal-cache/pch/e13a6eedc934b130/pch.h -DIS_NOT_POW2_NUM_L1_BANKS=1 -DLOG_BASE_2_OF_NUM_DRAM_BANKS=3 -DNUM_DRAM_BANKS=8 -DNUM_L1_BANKS=110 -DPCIE_NOC_X=19 -DPCIE_NOC_Y=24 -DTENSIX_FIRMWARE -DLOCAL_MEM_EN=0 -DPROFILE_KERNEL=1 -DPROFILER_FULL_HOST_BUFFER_SIZE_PER_RISC=768000 -DPROCESSOR_INDEX=2 -DUCK_CHLKC_UNPACK -DCOMPILE_FOR_TRISC=0 -DPROGRAMMABLE_CORE_TYPE=0 -DARCH_BLACKHOLE -DDISPATCH_MESSAGE_ADDR=4290184248 -DKERNEL_BUILD -DFULL_KERNEL_NAME="whole_trisc/14891511221156998091/" -DKERNEL_COMPILE_TIME_ARGS=1,35,6,6,897988541,0,1088,2,2048,0,2048,0,2048,0,2048,2,2048,2,2048,32,31,8,7,224,897988541,897988541,1110770931,972160,2,4,108,2,4096,0,1088 -c -o /sp/ttcache_prof/tt-metal-cache8908659371042919221/kernels/whole_trisc/14891511221156998091/trisc0/trisck.2475656884148353978_1.o /opt/tt-metal/tt_metal/hw/firmware/src/tt-1xx/trisck.cc -MF /sp/ttcache_prof/tt-metal-cache8908659371042919221/kernels/whole_trisc/14891511221156998091/trisc0/trisck.2475656884148353978_1.d
In file included from /opt/tt-metal/tt_metal/hw/ckernels/blackhole/metal/llk_io/llk_io_unpack.h:13,
                 from /opt/tt-metal/tt_metal/hw/inc/api/compute/compute_kernel_api.h:98,
                 from /opt/tt-metal/models/experimental/pi0/tt/megakernel/kernels_p2/../kernels/mk_trisc.cpp:22,
                 from /opt/tt-metal/models/experimental/pi0/tt/megakernel/kernels_p2/whole_trisc.cpp:12,
                 from ../chlkc_unpack.cpp:4,
                 from /opt/tt-metal/tt_metal/hw/ckernels/blackhole/metal/common/chlkc_list.h:26,
                 from /opt/tt-metal/tt_metal/hw/firmware/src/tt-1xx/trisck.cc:14:
/opt/tt-metal/tt_metal/hw/ckernels/blackhole/metal/llk_io/llk_io_unpack.h: In function 'void llk_wait_tiles(int, int32_t)':
/opt/tt-metal/tt_metal/tools/profiler/kernel_profiler.hpp:32:22: note: '#pragma message: CB-COMPUTE-WAIT-FRONT,/opt/tt-metal/tt_metal/hw/ckernels/blackhole/metal/llk_io/llk_io_unpack.h,19,KERNEL_PROFILER'
   32 | #define DO_PRAGMA(x) _Pragma(#x)
      |                      ^~~~~~~
/opt/tt-metal/tt_metal/tools/profiler/kernel_profiler.hpp:1052:5: note: in expansion of macro 'DO_PRAGMA'
 1052 |     DO_PRAGMA(message(PROFILER_MSG_NAME(name)));                               \
      |     ^~~~~~~~~
/opt/tt-metal/tt_metal/hw/ckernels/blackhole/metal/llk_io/llk_io_unpack.h:19:5: note: in expansion of macro 'DeviceZoneScopedSumN1'
   19 |     DeviceZoneScopedSumN1("CB-COMPUTE-WAIT-FRONT");
      |     ^~~~~~~~~~~~~~~~~~~~~
/opt/tt-metal/tt_metal/hw/firmware/src/tt-1xx/trisck.cc: In function 'uint32_t _start()':
/opt/tt-metal/tt_metal/tools/profiler/kernel_profiler.hpp:32:22: note: '#pragma message: TRISC-KERNEL,/opt/tt-metal/tt_metal/hw/firmware/src/tt-1xx/trisck.cc,89,KERNEL_PROFILER'
   32 | #define DO_PRAGMA(x) _Pragma(#x)
      |                      ^~~~~~~
/opt/tt-metal/tt_metal/tools/profiler/kernel_profiler.hpp:1047:5: note: in expansion of macro 'DO_PRAGMA'
 1047 |     DO_PRAGMA(message(PROFILER_MSG_NAME(name)));                               \
      |     ^~~~~~~~~
/opt/tt-metal/tt_metal/hw/firmware/src/tt-1xx/trisck.cc:89:5: note: in expansion of macro 'DeviceZoneScopedMainChildN'
   89 |     DeviceZoneScopedMainChildN("TRISC-KERNEL");
      |     ^~~~~~~~~~~~~~~~~~~~~~~~~~
Building trisc1, compile step:
/opt/tt-metal/runtime/sfpi/compiler/bin/riscv-tt-elf-g++ -O3 -std=c++17 -ftt-nttp -ftt-constinit -ftt-consteval -ftt-no-dyninit -flto=1 -flto-partition=one -ffast-math -fno-finite-math-only -fsigned-zeros -fno-associative-math -fno-exceptions -fno-rtti -fno-use-cxa-atexit -g -MMD -Wall -Werror -Wno-error=deprecated-declarations -Wno-error=multistatement-macros -Wno-error=parentheses -Wno-error=unused-but-set-variable -Wno-unused-variable -Wno-unused-function --param=min-pagesize=0 -mcpu=tt-bh-tensix -Winvalid-pch -Wno-error=invalid-pch -I. -I.. -I/opt/tt-metal/ -I/opt/tt-metal/ttnn -I/opt/tt-metal/ttnn/cpp -I/opt/tt-metal/tt_metal -I/opt/tt-metal/tt_metal/hw/inc -I/opt/tt-metal/tt_metal/tt-llk/common -I/opt/tt-metal/tt_metal/tt-llk/tools/include -I/opt/tt-metal/tt_metal/hostdevcommon/api -I/opt/tt-metal/tt_metal/api/ -I/opt/tt-metal/runtime/sfpi/include -I/opt/tt-metal/tt_metal/hw/ckernels/blackhole/metal/common -I/opt/tt-metal/tt_metal/hw/ckernels/blackhole/metal/llk_io -I/opt/tt-metal/tt_metal/hw/inc/internal/tt-1xx -I/opt/tt-metal/tt_metal/hw/inc/internal/tt-1xx/blackhole -I/opt/tt-metal/tt_metal/hw/inc/internal/tt-1xx/blackhole/blackhole_defines -I/opt/tt-metal/tt_metal/hw/inc/internal/tt-1xx/blackhole/noc -I/opt/tt-metal/tt_metal/tt-llk/tt_llk_blackhole/common/inc -I/opt/tt-metal/tt_metal/tt-llk/tt_llk_blackhole/llk_lib -I/opt/tt-metal/tt_metal/tt-llk/tt_llk_blackhole/llk_lib/hal -I/opt/tt-metal/tt_metal/hw/ckernels/blackhole/metal/llk_api -I/opt/tt-metal/tt_metal/hw/ckernels/blackhole/metal/llk_api/llk_sfpu -I/opt/tt-metal/tt_metal/hw/firmware/src/tt-1xx -I/opt/tt-metal/models/experimental/pi0/tt/megakernel/kernels_p2 -include /sp/ttcache_prof/tt-metal-cache/pch/e13a6eedc934b130/pch.h -DIS_NOT_POW2_NUM_L1_BANKS=1 -DLOG_BASE_2_OF_NUM_DRAM_BANKS=3 -DNUM_DRAM_BANKS=8 -DNUM_L1_BANKS=110 -DPCIE_NOC_X=19 -DPCIE_NOC_Y=24 -DTENSIX_FIRMWARE -DLOCAL_MEM_EN=0 -DPROFILE_KERNEL=1 -DPROFILER_FULL_HOST_BUFFER_SIZE_PER_RISC=768000 -DPROCESSOR_INDEX=3 -DUCK_CHLKC_MATH -DCOMPILE_FOR_TRISC=1 -DPROGRAMMABLE_CORE_TYPE=0 -DARCH_BLACKHOLE -DDISPATCH_MESSAGE_ADDR=4290184248 -DKERNEL_BUILD -DFULL_KERNEL_NAME="whole_trisc/14891511221156998091/" -DKERNEL_COMPILE_TIME_ARGS=1,35,6,6,897988541,0,1088,2,2048,0,2048,0,2048,0,2048,2,2048,2,2048,32,31,8,7,224,897988541,897988541,1110770931,972160,2,4,108,2,4096,0,1088 -c -o /sp/ttcache_prof/tt-metal-cache8908659371042919221/kernels/whole_trisc/14891511221156998091/trisc1/trisck.2475656884148353978_1.o /opt/tt-metal/tt_metal/hw/firmware/src/tt-1xx/trisck.cc -MF /sp/ttcache_prof/tt-metal-cache8908659371042919221/kernels/whole_trisc/14891511221156998091/trisc1/trisck.2475656884148353978_1.d
In file included from /opt/tt-metal/tt_metal/hw/firmware/src/tt-1xx/trisck.cc:16:
/opt/tt-metal/tt_metal/hw/firmware/src/tt-1xx/trisck.cc: In function 'uint32_t _start()':
/opt/tt-metal/tt_metal/tools/profiler/kernel_profiler.hpp:32:22: note: '#pragma message: TRISC-KERNEL,/opt/tt-metal/tt_metal/hw/firmware/src/tt-1xx/trisck.cc,89,KERNEL_PROFILER'
   32 | #define DO_PRAGMA(x) _Pragma(#x)
      |                      ^~~~~~~
/opt/tt-metal/tt_metal/tools/profiler/kernel_profiler.hpp:1047:5: note: in expansion of macro 'DO_PRAGMA'
 1047 |     DO_PRAGMA(message(PROFILER_MSG_NAME(name)));                               \
      |     ^~~~~~~~~
/opt/tt-metal/tt_metal/hw/firmware/src/tt-1xx/trisck.cc:89:5: note: in expansion of macro 'DeviceZoneScopedMainChildN'
   89 |     DeviceZoneScopedMainChildN("TRISC-KERNEL");
      |     ^~~~~~~~~~~~~~~~~~~~~~~~~~
Building ncrisc, compile step:
/opt/tt-metal/runtime/sfpi/compiler/bin/riscv-tt-elf-g++ -O2 -std=c++17 -ftt-nttp -ftt-constinit -ftt-consteval -ftt-no-dyninit -flto=1 -flto-partition=one -ffast-math -fno-finite-math-only -fsigned-zeros -fno-associative-math -fno-exceptions -fno-rtti -fno-use-cxa-atexit -g -MMD -Wall -Werror -Wno-error=deprecated-declarations -Wno-error=multistatement-macros -Wno-error=parentheses -Wno-error=unused-but-set-variable -Wno-unused-variable -Wno-unused-function --param=min-pagesize=0 -mcpu=tt-bh -fno-tree-loop-distribute-patterns -Winvalid-pch -Wno-error=invalid-pch -I. -I.. -I/opt/tt-metal/ -I/opt/tt-metal/ttnn -I/opt/tt-metal/ttnn/cpp -I/opt/tt-metal/tt_metal -I/opt/tt-metal/tt_metal/hw/inc -I/opt/tt-metal/tt_metal/tt-llk/common -I/opt/tt-metal/tt_metal/tt-llk/tools/include -I/opt/tt-metal/tt_metal/hostdevcommon/api -I/opt/tt-metal/tt_metal/api/ -I/opt/tt-metal/tt_metal/hw/ckernels/blackhole/metal/common -I/opt/tt-metal/tt_metal/hw/ckernels/blackhole/metal/llk_io -I/opt/tt-metal/tt_metal/hw/inc/internal/tt-1xx -I/opt/tt-metal/tt_metal/hw/inc/internal/tt-1xx/blackhole -I/opt/tt-metal/tt_metal/hw/inc/internal/tt-1xx/blackhole/blackhole_defines -I/opt/tt-metal/tt_metal/hw/inc/internal/tt-1xx/blackhole/noc -I/opt/tt-metal/tt_metal/tt-llk/tt_llk_blackhole/common/inc -I/opt/tt-metal/tt_metal/tt-llk/tt_llk_blackhole/llk_lib -I/opt/tt-metal/tt_metal/tt-llk/tt_llk_blackhole/llk_lib/hal -I/opt/tt-metal/tt_metal/hw/firmware/src/tt-1xx -I/opt/tt-metal/models/experimental/pi0/tt/megakernel/kernels_p2 -include /sp/ttcache_prof/tt-metal-cache/pch/1b9e28ac75b7aabf/pch.h -DIS_NOT_POW2_NUM_L1_BANKS=1 -DLOG_BASE_2_OF_NUM_DRAM_BANKS=3 -DNUM_DRAM_BANKS=8 -DNUM_L1_BANKS=110 -DPCIE_NOC_X=19 -DPCIE_NOC_Y=24 -DTENSIX_FIRMWARE -DLOCAL_MEM_EN=0 -DPROFILE_KERNEL=1 -DPROFILER_FULL_HOST_BUFFER_SIZE_PER_RISC=768000 -DPROCESSOR_INDEX=1 -DCOMPILE_FOR_NCRISC -DPROGRAMMABLE_CORE_TYPE=0 -DARCH_BLACKHOLE -DDISPATCH_MESSAGE_ADDR=4290184248 -DKERNEL_BUILD -DMK_FID8_HIFI2=1 -DPE_ATT_FID=3 -DPE_ATT_FLAT=2 -DPE_CT0=19 -DPE_MM_FID=3 -DPE_NO_EXPERT=1 -DNOC_INDEX=0 -DNOC_MODE=0 -DFULL_KERNEL_NAME="whole_ncrisc/9106863146673729737/" -DKERNEL_COMPILE_TIME_ARGS=1,35,6,6,897988541,0,1088,2,2048,0,2048,0,2048,0,2048,2,2048,2,2048,32,31,8,7,224,897988541,897988541,1110770931,648320,1,4,108,2,4096,0,1088 -c -o /sp/ttcache_prof/tt-metal-cache8908659371042919221/kernels/whole_ncrisc/9106863146673729737/ncrisc/ncrisck.2475656884148353978_1.o /opt/tt-metal/tt_metal/hw/firmware/src/tt-1xx/ncrisck.cc -MF /sp/ttcache_prof/tt-metal-cache8908659371042919221/kernels/whole_ncrisc/9106863146673729737/ncrisc/ncrisck.2475656884148353978_1.d
In file included from /opt/tt-metal/tt_metal/hw/inc/api/dataflow/dataflow_api.h:24,
                 from /opt/tt-metal/tt_metal/hw/inc/internal/firmware_common.h:23,
                 from /opt/tt-metal/tt_metal/hw/firmware/src/tt-1xx/ncrisck.cc:17:
/opt/tt-metal/tt_metal/tools/profiler/kernel_profiler.hpp: In function 'void kernel_profiler::quick_push()':
/opt/tt-metal/tt_metal/tools/profiler/kernel_profiler.hpp:32:22: note: '#pragma message: PROFILER-NOC-QUICK-PUSH,/opt/tt-metal/tt_metal/tools/profiler/kernel_profiler.hpp,633,KERNEL_PROFILER'
   32 | #define DO_PRAGMA(x) _Pragma(#x)
      |                      ^~~~~~~
/opt/tt-metal/tt_metal/tools/profiler/kernel_profiler.hpp:42:5: note: in expansion of macro 'DO_PRAGMA'
   42 |     DO_PRAGMA(message(PROFILER_MSG_NAME(name))); \
      |     ^~~~~~~~~
/opt/tt-metal/tt_metal/tools/profiler/kernel_profiler.hpp:633:5: note: in expansion of macro 'SrcLocNameToHash'
  633 |     SrcLocNameToHash("PROFILER-NOC-QUICK-PUSH");
      |     ^~~~~~~~~~~~~~~~
/opt/tt-metal/tt_metal/hw/firmware/src/tt-1xx/ncrisck.cc: In function 'uint32_t _start()':
/opt/tt-metal/tt_metal/tools/profiler/kernel_profiler.hpp:32:22: note: '#pragma message: NCRISC-KERNEL,/opt/tt-metal/tt_metal/hw/firmware/src/tt-1xx/ncrisck.cc,70,KERNEL_PROFILER'
   32 | #define DO_PRAGMA(x) _Pragma(#x)
      |                      ^~~~~~~
/opt/tt-metal/tt_metal/tools/profiler/kernel_profiler.hpp:1047:5: note: in expansion of macro 'DO_PRAGMA'
 1047 |     DO_PRAGMA(message(PROFILER_MSG_NAME(name)));                               \
      |     ^~~~~~~~~
/opt/tt-metal/tt_metal/hw/firmware/src/tt-1xx/ncrisck.cc:70:5: note: in expansion of macro 'DeviceZoneScopedMainChildN'
   70 |     DeviceZoneScopedMainChildN("NCRISC-KERNEL");
      |     ^~~~~~~~~~~~~~~~~~~~~~~~~~
Building brisc, compile step:
/opt/tt-metal/runtime/sfpi/compiler/bin/riscv-tt-elf-g++ -O2 -std=c++17 -ftt-nttp -ftt-constinit -ftt-consteval -ftt-no-dyninit -flto=1 -flto-partition=one -ffast-math -fno-finite-math-only -fsigned-zeros -fno-associative-math -fno-exceptions -fno-rtti -fno-use-cxa-atexit -g -MMD -Wall -Werror -Wno-error=deprecated-declarations -Wno-error=multistatement-macros -Wno-error=parentheses -Wno-error=unused-but-set-variable -Wno-unused-variable -Wno-unused-function --param=min-pagesize=0 -mcpu=tt-bh -fno-tree-loop-distribute-patterns -Winvalid-pch -Wno-error=invalid-pch -I. -I.. -I/opt/tt-metal/ -I/opt/tt-metal/ttnn -I/opt/tt-metal/ttnn/cpp -I/opt/tt-metal/tt_metal -I/opt/tt-metal/tt_metal/hw/inc -I/opt/tt-metal/tt_metal/tt-llk/common -I/opt/tt-metal/tt_metal/tt-llk/tools/include -I/opt/tt-metal/tt_metal/hostdevcommon/api -I/opt/tt-metal/tt_metal/api/ -I/opt/tt-metal/tt_metal/hw/ckernels/blackhole/metal/common -I/opt/tt-metal/tt_metal/hw/ckernels/blackhole/metal/llk_io -I/opt/tt-metal/tt_metal/hw/inc/internal/tt-1xx -I/opt/tt-metal/tt_metal/hw/inc/internal/tt-1xx/blackhole -I/opt/tt-metal/tt_metal/hw/inc/internal/tt-1xx/blackhole/blackhole_defines -I/opt/tt-metal/tt_metal/hw/inc/internal/tt-1xx/blackhole/noc -I/opt/tt-metal/tt_metal/tt-llk/tt_llk_blackhole/common/inc -I/opt/tt-metal/tt_metal/tt-llk/tt_llk_blackhole/llk_lib -I/opt/tt-metal/tt_metal/tt-llk/tt_llk_blackhole/llk_lib/hal -I/opt/tt-metal/tt_metal/hw/firmware/src/tt-1xx -I/opt/tt-metal/models/experimental/pi0/tt/megakernel/kernels_p2 -include /sp/ttcache_prof/tt-metal-cache/pch/1b9e28ac75b7aabf/pch.h -DIS_NOT_POW2_NUM_L1_BANKS=1 -DLOG_BASE_2_OF_NUM_DRAM_BANKS=3 -DNUM_DRAM_BANKS=8 -DNUM_L1_BANKS=110 -DPCIE_NOC_X=19 -DPCIE_NOC_Y=24 -DTENSIX_FIRMWARE -DLOCAL_MEM_EN=0 -DPROFILE_KERNEL=1 -DPROFILER_FULL_HOST_BUFFER_SIZE_PER_RISC=768000 -DPROCESSOR_INDEX=0 -DCOMPILE_FOR_BRISC -DPROGRAMMABLE_CORE_TYPE=0 -DARCH_BLACKHOLE -DDISPATCH_MESSAGE_ADDR=4290184248 -DKERNEL_BUILD -DMK_FID8_HIFI2=1 -DPE_ATT_FID=3 -DPE_ATT_FLAT=2 -DPE_CT0=19 -DPE_MM_FID=3 -DPE_NO_EXPERT=1 -DNOC_INDEX=1 -DNOC_MODE=0 -DFULL_KERNEL_NAME="whole_brisc/7815101998223130731/" -DKERNEL_COMPILE_TIME_ARGS=1,35,6,6,897988541,0,1088,2,2048,0,2048,0,2048,0,2048,2,2048,2,2048,32,31,8,7,224,897988541,897988541,1110770931,648320,1,4,108,2,4096,0,1088 -c -o /sp/ttcache_prof/tt-metal-cache8908659371042919221/kernels/whole_brisc/7815101998223130731/brisc/brisck.2475656884148353978_1.o /opt/tt-metal/tt_metal/hw/firmware/src/tt-1xx/brisck.cc -MF /sp/ttcache_prof/tt-metal-cache8908659371042919221/kernels/whole_brisc/7815101998223130731/brisc/brisck.2475656884148353978_1.d
In file included from /opt/tt-metal/tt_metal/hw/inc/api/dataflow/dataflow_api.h:24,
                 from /opt/tt-metal/tt_metal/hw/inc/internal/firmware_common.h:23,
                 from /opt/tt-metal/tt_metal/hw/firmware/src/tt-1xx/brisck.cc:16:
/opt/tt-metal/tt_metal/tools/profiler/kernel_profiler.hpp: In function 'void kernel_profiler::finish_profiler(bool)':
/opt/tt-metal/tt_metal/tools/profiler/kernel_profiler.hpp:32:22: note: '#pragma message: PROFILER-NOC-FLUSH,/opt/tt-metal/tt_metal/tools/profiler/kernel_profiler.hpp,481,KERNEL_PROFILER'
   32 | #define DO_PRAGMA(x) _Pragma(#x)
      |                      ^~~~~~~
/opt/tt-metal/tt_metal/tools/profiler/kernel_profiler.hpp:42:5: note: in expansion of macro 'DO_PRAGMA'
   42 |     DO_PRAGMA(message(PROFILER_MSG_NAME(name))); \
      |     ^~~~~~~~~
/opt/tt-metal/tt_metal/tools/profiler/kernel_profiler.hpp:481:17: note: in expansion of macro 'SrcLocNameToHash'
  481 |                 SrcLocNameToHash("PROFILER-NOC-FLUSH");
      |                 ^~~~~~~~~~~~~~~~
/opt/tt-metal/tt_metal/tools/profiler/kernel_profiler.hpp:32:22: note: '#pragma message: PROFILER-DRAM-PUSH,/opt/tt-metal/tt_metal/tools/profiler/kernel_profiler.hpp,490,KERNEL_PROFILER'
   32 | #define DO_PRAGMA(x) _Pragma(#x)
      |                      ^~~~~~~
/opt/tt-metal/tt_metal/tools/profiler/kernel_profiler.hpp:42:5: note: in expansion of macro 'DO_PRAGMA'
   42 |     DO_PRAGMA(message(PROFILER_MSG_NAME(name))); \
      |     ^~~~~~~~~
/opt/tt-metal/tt_metal/tools/profiler/kernel_profiler.hpp:490:17: note: in expansion of macro 'SrcLocNameToHash'
  490 |                 SrcLocNameToHash("PROFILER-DRAM-PUSH");
      |                 ^~~~~~~~~~~~~~~~
/opt/tt-metal/tt_metal/tools/profiler/kernel_profiler.hpp: In function 'void kernel_profiler::quick_push()':
/opt/tt-metal/tt_metal/tools/profiler/kernel_profiler.hpp:32:22: note: '#pragma message: PROFILER-NOC-QUICK-PUSH,/opt/tt-metal/tt_metal/tools/profiler/kernel_profiler.hpp,633,KERNEL_PROFILER'
   32 | #define DO_PRAGMA(x) _Pragma(#x)
      |                      ^~~~~~~
/opt/tt-metal/tt_metal/tools/profiler/kernel_profiler.hpp:42:5: note: in expansion of macro 'DO_PRAGMA'
   42 |     DO_PRAGMA(message(PROFILER_MSG_NAME(name))); \
      |     ^~~~~~~~~
/opt/tt-metal/tt_metal/tools/profiler/kernel_profiler.hpp:633:5: note: in expansion of macro 'SrcLocNameToHash'
  633 |     SrcLocNameToHash("PROFILER-NOC-QUICK-PUSH");
      |     ^~~~~~~~~~~~~~~~
/opt/tt-metal/tt_metal/hw/firmware/src/tt-1xx/brisck.cc: In function 'uint32_t _start()':
/opt/tt-metal/tt_metal/tools/profiler/kernel_profiler.hpp:32:22: note: '#pragma message: BRISC-KERNEL,/opt/tt-metal/tt_metal/hw/firmware/src/tt-1xx/brisck.cc,77,KERNEL_PROFILER'
   32 | #define DO_PRAGMA(x) _Pragma(#x)
      |                      ^~~~~~~
/opt/tt-metal/tt_metal/tools/profiler/kernel_profiler.hpp:1047:5: note: in expansion of macro 'DO_PRAGMA'
 1047 |     DO_PRAGMA(message(PROFILER_MSG_NAME(name)));                               \
      |     ^~~~~~~~~
/opt/tt-metal/tt_metal/hw/firmware/src/tt-1xx/brisck.cc:77:9: note: in expansion of macro 'DeviceZoneScopedMainChildN'
   77 |         DeviceZoneScopedMainChildN("BRISC-KERNEL");
      |         ^~~~~~~~~~~~~~~~~~~~~~~~~~
Building trisc0, compile step:
/opt/tt-metal/runtime/sfpi/compiler/bin/riscv-tt-elf-g++ -O3 -std=c++17 -ftt-nttp -ftt-constinit -ftt-consteval -ftt-no-dyninit -flto=1 -flto-partition=one -ffast-math -fno-finite-math-only -fsigned-zeros -fno-associative-math -fno-exceptions -fno-rtti -fno-use-cxa-atexit -g -MMD -Wall -Werror -Wno-error=deprecated-declarations -Wno-error=multistatement-macros -Wno-error=parentheses -Wno-error=unused-but-set-variable -Wno-unused-variable -Wno-unused-function --param=min-pagesize=0 -mcpu=tt-bh-tensix -Winvalid-pch -Wno-error=invalid-pch -I. -I.. -I/opt/tt-metal/ -I/opt/tt-metal/ttnn -I/opt/tt-metal/ttnn/cpp -I/opt/tt-metal/tt_metal -I/opt/tt-metal/tt_metal/hw/inc -I/opt/tt-metal/tt_metal/tt-llk/common -I/opt/tt-metal/tt_metal/tt-llk/tools/include -I/opt/tt-metal/tt_metal/hostdevcommon/api -I/opt/tt-metal/tt_metal/api/ -I/opt/tt-metal/runtime/sfpi/include -I/opt/tt-metal/tt_metal/hw/ckernels/blackhole/metal/common -I/opt/tt-metal/tt_metal/hw/ckernels/blackhole/metal/llk_io -I/opt/tt-metal/tt_metal/hw/inc/internal/tt-1xx -I/opt/tt-metal/tt_metal/hw/inc/internal/tt-1xx/blackhole -I/opt/tt-metal/tt_metal/hw/inc/internal/tt-1xx/blackhole/blackhole_defines -I/opt/tt-metal/tt_metal/hw/inc/internal/tt-1xx/blackhole/noc -I/opt/tt-metal/tt_metal/tt-llk/tt_llk_blackhole/common/inc -I/opt/tt-metal/tt_metal/tt-llk/tt_llk_blackhole/llk_lib -I/opt/tt-metal/tt_metal/tt-llk/tt_llk_blackhole/llk_lib/hal -I/opt/tt-metal/tt_metal/hw/ckernels/blackhole/metal/llk_api -I/opt/tt-metal/tt_metal/hw/ckernels/blackhole/metal/llk_api/llk_sfpu -I/opt/tt-metal/tt_metal/hw/firmware/src/tt-1xx -I/opt/tt-metal/models/experimental/pi0/tt/megakernel/kernels_p2 -include /sp/ttcache_prof/tt-metal-cache/pch/e13a6eedc934b130/pch.h -DIS_NOT_POW2_NUM_L1_BANKS=1 -DLOG_BASE_2_OF_NUM_DRAM_BANKS=3 -DNUM_DRAM_BANKS=8 -DNUM_L1_BANKS=110 -DPCIE_NOC_X=19 -DPCIE_NOC_Y=24 -DTENSIX_FIRMWARE -DLOCAL_MEM_EN=0 -DPROFILE_KERNEL=1 -DPROFILER_FULL_HOST_BUFFER_SIZE_PER_RISC=768000 -DPROCESSOR_INDEX=2 -DUCK_CHLKC_UNPACK -DCOMPILE_FOR_TRISC=0 -DPROGRAMMABLE_CORE_TYPE=0 -DARCH_BLACKHOLE -DDISPATCH_MESSAGE_ADDR=4290184248 -DKERNEL_BUILD -DFULL_KERNEL_NAME="whole_trisc/10636134041801188638/" -DKERNEL_COMPILE_TIME_ARGS=1,35,6,6,897988541,0,1088,2,2048,0,2048,0,2048,0,2048,2,2048,2,2048,32,31,8,7,224,897988541,897988541,1110770931,648320,1,4,108,2,4096,0,1088 -c -o /sp/ttcache_prof/tt-metal-cache8908659371042919221/kernels/whole_trisc/10636134041801188638/trisc0/trisck.2475656884148353978_1.o /opt/tt-metal/tt_metal/hw/firmware/src/tt-1xx/trisck.cc -MF /sp/ttcache_prof/tt-metal-cache8908659371042919221/kernels/whole_trisc/10636134041801188638/trisc0/trisck.2475656884148353978_1.d
In file included from /opt/tt-metal/tt_metal/hw/ckernels/blackhole/metal/llk_io/llk_io_unpack.h:13,
                 from /opt/tt-metal/tt_metal/hw/inc/api/compute/compute_kernel_api.h:98,
                 from /opt/tt-metal/models/experimental/pi0/tt/megakernel/kernels_p2/../kernels/mk_trisc.cpp:22,
                 from /opt/tt-metal/models/experimental/pi0/tt/megakernel/kernels_p2/whole_trisc.cpp:12,
                 from ../chlkc_unpack.cpp:4,
                 from /opt/tt-metal/tt_metal/hw/ckernels/blackhole/metal/common/chlkc_list.h:26,
                 from /opt/tt-metal/tt_metal/hw/firmware/src/tt-1xx/trisck.cc:14:
/opt/tt-metal/tt_metal/hw/ckernels/blackhole/metal/llk_io/llk_io_unpack.h: In function 'void llk_wait_tiles(int, int32_t)':
/opt/tt-metal/tt_metal/tools/profiler/kernel_profiler.hpp:32:22: note: '#pragma message: CB-COMPUTE-WAIT-FRONT,/opt/tt-metal/tt_metal/hw/ckernels/blackhole/metal/llk_io/llk_io_unpack.h,19,KERNEL_PROFILER'
   32 | #define DO_PRAGMA(x) _Pragma(#x)
      |                      ^~~~~~~
/opt/tt-metal/tt_metal/tools/profiler/kernel_profiler.hpp:1052:5: note: in expansion of macro 'DO_PRAGMA'
 1052 |     DO_PRAGMA(message(PROFILER_MSG_NAME(name)));                               \
      |     ^~~~~~~~~
/opt/tt-metal/tt_metal/hw/ckernels/blackhole/metal/llk_io/llk_io_unpack.h:19:5: note: in expansion of macro 'DeviceZoneScopedSumN1'
   19 |     DeviceZoneScopedSumN1("CB-COMPUTE-WAIT-FRONT");
      |     ^~~~~~~~~~~~~~~~~~~~~
/opt/tt-metal/tt_metal/hw/firmware/src/tt-1xx/trisck.cc: In function 'uint32_t _start()':
/opt/tt-metal/tt_metal/tools/profiler/kernel_profiler.hpp:32:22: note: '#pragma message: TRISC-KERNEL,/opt/tt-metal/tt_metal/hw/firmware/src/tt-1xx/trisck.cc,89,KERNEL_PROFILER'
   32 | #define DO_PRAGMA(x) _Pragma(#x)
      |                      ^~~~~~~
/opt/tt-metal/tt_metal/tools/profiler/kernel_profiler.hpp:1047:5: note: in expansion of macro 'DO_PRAGMA'
 1047 |     DO_PRAGMA(message(PROFILER_MSG_NAME(name)));                               \
      |     ^~~~~~~~~
/opt/tt-metal/tt_metal/hw/firmware/src/tt-1xx/trisck.cc:89:5: note: in expansion of macro 'DeviceZoneScopedMainChildN'
   89 |     DeviceZoneScopedMainChildN("TRISC-KERNEL");
      |     ^~~~~~~~~~~~~~~~~~~~~~~~~~
Building trisc2, compile step:
/opt/tt-metal/runtime/sfpi/compiler/bin/riscv-tt-elf-g++ -O3 -std=c++17 -ftt-nttp -ftt-constinit -ftt-consteval -ftt-no-dyninit -flto=1 -flto-partition=one -ffast-math -fno-finite-math-only -fsigned-zeros -fno-associative-math -fno-exceptions -fno-rtti -fno-use-cxa-atexit -g -MMD -Wall -Werror -Wno-error=deprecated-declarations -Wno-error=multistatement-macros -Wno-error=parentheses -Wno-error=unused-but-set-variable -Wno-unused-variable -Wno-unused-function --param=min-pagesize=0 -mcpu=tt-bh-tensix -Winvalid-pch -Wno-error=invalid-pch -I. -I.. -I/opt/tt-metal/ -I/opt/tt-metal/ttnn -I/opt/tt-metal/ttnn/cpp -I/opt/tt-metal/tt_metal -I/opt/tt-metal/tt_metal/hw/inc -I/opt/tt-metal/tt_metal/tt-llk/common -I/opt/tt-metal/tt_metal/tt-llk/tools/include -I/opt/tt-metal/tt_metal/hostdevcommon/api -I/opt/tt-metal/tt_metal/api/ -I/opt/tt-metal/runtime/sfpi/include -I/opt/tt-metal/tt_metal/hw/ckernels/blackhole/metal/common -I/opt/tt-metal/tt_metal/hw/ckernels/blackhole/metal/llk_io -I/opt/tt-metal/tt_metal/hw/inc/internal/tt-1xx -I/opt/tt-metal/tt_metal/hw/inc/internal/tt-1xx/blackhole -I/opt/tt-metal/tt_metal/hw/inc/internal/tt-1xx/blackhole/blackhole_defines -I/opt/tt-metal/tt_metal/hw/inc/internal/tt-1xx/blackhole/noc -I/opt/tt-metal/tt_metal/tt-llk/tt_llk_blackhole/common/inc -I/opt/tt-metal/tt_metal/tt-llk/tt_llk_blackhole/llk_lib -I/opt/tt-metal/tt_metal/tt-llk/tt_llk_blackhole/llk_lib/hal -I/opt/tt-metal/tt_metal/hw/ckernels/blackhole/metal/llk_api -I/opt/tt-metal/tt_metal/hw/ckernels/blackhole/metal/llk_api/llk_sfpu -I/opt/tt-metal/tt_metal/hw/firmware/src/tt-1xx -I/opt/tt-metal/models/experimental/pi0/tt/megakernel/kernels_p2 -include /sp/ttcache_prof/tt-metal-cache/pch/e13a6eedc934b130/pch.h -DIS_NOT_POW2_NUM_L1_BANKS=1 -DLOG_BASE_2_OF_NUM_DRAM_BANKS=3 -DNUM_DRAM_BANKS=8 -DNUM_L1_BANKS=110 -DPCIE_NOC_X=19 -DPCIE_NOC_Y=24 -DTENSIX_FIRMWARE -DLOCAL_MEM_EN=0 -DPROFILE_KERNEL=1 -DPROFILER_FULL_HOST_BUFFER_SIZE_PER_RISC=768000 -DPROCESSOR_INDEX=4 -DUCK_CHLKC_PACK -DCOMPILE_FOR_TRISC=2 -DPROGRAMMABLE_CORE_TYPE=0 -DARCH_BLACKHOLE -DDISPATCH_MESSAGE_ADDR=4290184248 -DKERNEL_BUILD -DFULL_KERNEL_NAME="whole_trisc/10636134041801188638/" -DKERNEL_COMPILE_TIME_ARGS=1,35,6,6,897988541,0,1088,2,2048,0,2048,0,2048,0,2048,2,2048,2,2048,32,31,8,7,224,897988541,897988541,1110770931,648320,1,4,108,2,4096,0,1088 -c -o /sp/ttcache_prof/tt-metal-cache8908659371042919221/kernels/whole_trisc/10636134041801188638/trisc2/trisck.2475656884148353978_1.o /opt/tt-metal/tt_metal/hw/firmware/src/tt-1xx/trisck.cc -MF /sp/ttcache_prof/tt-metal-cache8908659371042919221/kernels/whole_trisc/10636134041801188638/trisc2/trisck.2475656884148353978_1.d
In file included from /opt/tt-metal/tt_metal/hw/ckernels/blackhole/metal/llk_io/llk_io_pack.h:14,
                 from /opt/tt-metal/tt_metal/hw/inc/api/compute/compute_kernel_api.h:73,
                 from /opt/tt-metal/models/experimental/pi0/tt/megakernel/kernels_p2/../kernels/mk_trisc.cpp:22,
                 from /opt/tt-metal/models/experimental/pi0/tt/megakernel/kernels_p2/whole_trisc.cpp:12,
                 from ../chlkc_pack.cpp:4,
                 from /opt/tt-metal/tt_metal/hw/ckernels/blackhole/metal/common/chlkc_list.h:21,
                 from /opt/tt-metal/tt_metal/hw/firmware/src/tt-1xx/trisck.cc:14:
/opt/tt-metal/tt_metal/hw/ckernels/blackhole/metal/llk_io/llk_io_pack.h: In function 'void llk_wait_for_free_tiles(int32_t, int32_t)':
/opt/tt-metal/tt_metal/tools/profiler/kernel_profiler.hpp:32:22: note: '#pragma message: CB-COMPUTE-RESERVE-BACK,/opt/tt-metal/tt_metal/hw/ckernels/blackhole/metal/llk_io/llk_io_pack.h,21,KERNEL_PROFILER'
   32 | #define DO_PRAGMA(x) _Pragma(#x)
      |                      ^~~~~~~
/opt/tt-metal/tt_metal/tools/profiler/kernel_profiler.hpp:1057:5: note: in expansion of macro 'DO_PRAGMA'
 1057 |     DO_PRAGMA(message(PROFILER_MSG_NAME(name)));                               \
      |     ^~~~~~~~~
/opt/tt-metal/tt_metal/hw/ckernels/blackhole/metal/llk_io/llk_io_pack.h:21:5: note: in expansion of macro 'DeviceZoneScopedSumN2'
   21 |     DeviceZoneScopedSumN2("CB-COMPUTE-RESERVE-BACK");
      |     ^~~~~~~~~~~~~~~~~~~~~
/opt/tt-metal/tt_metal/hw/firmware/src/tt-1xx/trisck.cc: In function 'uint32_t _start()':
/opt/tt-metal/tt_metal/tools/profiler/kernel_profiler.hpp:32:22: note: '#pragma message: TRISC-KERNEL,/opt/tt-metal/tt_metal/hw/firmware/src/tt-1xx/trisck.cc,89,KERNEL_PROFILER'
   32 | #define DO_PRAGMA(x) _Pragma(#x)
      |                      ^~~~~~~
/opt/tt-metal/tt_metal/tools/profiler/kernel_profiler.hpp:1047:5: note: in expansion of macro 'DO_PRAGMA'
 1047 |     DO_PRAGMA(message(PROFILER_MSG_NAME(name)));                               \
      |     ^~~~~~~~~
/opt/tt-metal/tt_metal/hw/firmware/src/tt-1xx/trisck.cc:89:5: note: in expansion of macro 'DeviceZoneScopedMainChildN'
   89 |     DeviceZoneScopedMainChildN("TRISC-KERNEL");
      |     ^~~~~~~~~~~~~~~~~~~~~~~~~~
Building trisc1, compile step:
/opt/tt-metal/runtime/sfpi/compiler/bin/riscv-tt-elf-g++ -O3 -std=c++17 -ftt-nttp -ftt-constinit -ftt-consteval -ftt-no-dyninit -flto=1 -flto-partition=one -ffast-math -fno-finite-math-only -fsigned-zeros -fno-associative-math -fno-exceptions -fno-rtti -fno-use-cxa-atexit -g -MMD -Wall -Werror -Wno-error=deprecated-declarations -Wno-error=multistatement-macros -Wno-error=parentheses -Wno-error=unused-but-set-variable -Wno-unused-variable -Wno-unused-function --param=min-pagesize=0 -mcpu=tt-bh-tensix -Winvalid-pch -Wno-error=invalid-pch -I. -I.. -I/opt/tt-metal/ -I/opt/tt-metal/ttnn -I/opt/tt-metal/ttnn/cpp -I/opt/tt-metal/tt_metal -I/opt/tt-metal/tt_metal/hw/inc -I/opt/tt-metal/tt_metal/tt-llk/common -I/opt/tt-metal/tt_metal/tt-llk/tools/include -I/opt/tt-metal/tt_metal/hostdevcommon/api -I/opt/tt-metal/tt_metal/api/ -I/opt/tt-metal/runtime/sfpi/include -I/opt/tt-metal/tt_metal/hw/ckernels/blackhole/metal/common -I/opt/tt-metal/tt_metal/hw/ckernels/blackhole/metal/llk_io -I/opt/tt-metal/tt_metal/hw/inc/internal/tt-1xx -I/opt/tt-metal/tt_metal/hw/inc/internal/tt-1xx/blackhole -I/opt/tt-metal/tt_metal/hw/inc/internal/tt-1xx/blackhole/blackhole_defines -I/opt/tt-metal/tt_metal/hw/inc/internal/tt-1xx/blackhole/noc -I/opt/tt-metal/tt_metal/tt-llk/tt_llk_blackhole/common/inc -I/opt/tt-metal/tt_metal/tt-llk/tt_llk_blackhole/llk_lib -I/opt/tt-metal/tt_metal/tt-llk/tt_llk_blackhole/llk_lib/hal -I/opt/tt-metal/tt_metal/hw/ckernels/blackhole/metal/llk_api -I/opt/tt-metal/tt_metal/hw/ckernels/blackhole/metal/llk_api/llk_sfpu -I/opt/tt-metal/tt_metal/hw/firmware/src/tt-1xx -I/opt/tt-metal/models/experimental/pi0/tt/megakernel/kernels_p2 -include /sp/ttcache_prof/tt-metal-cache/pch/e13a6eedc934b130/pch.h -DIS_NOT_POW2_NUM_L1_BANKS=1 -DLOG_BASE_2_OF_NUM_DRAM_BANKS=3 -DNUM_DRAM_BANKS=8 -DNUM_L1_BANKS=110 -DPCIE_NOC_X=19 -DPCIE_NOC_Y=24 -DTENSIX_FIRMWARE -DLOCAL_MEM_EN=0 -DPROFILE_KERNEL=1 -DPROFILER_FULL_HOST_BUFFER_SIZE_PER_RISC=768000 -DPROCESSOR_INDEX=3 -DUCK_CHLKC_MATH -DCOMPILE_FOR_TRISC=1 -DPROGRAMMABLE_CORE_TYPE=0 -DARCH_BLACKHOLE -DDISPATCH_MESSAGE_ADDR=4290184248 -DKERNEL_BUILD -DFULL_KERNEL_NAME="whole_trisc/10636134041801188638/" -DKERNEL_COMPILE_TIME_ARGS=1,35,6,6,897988541,0,1088,2,2048,0,2048,0,2048,0,2048,2,2048,2,2048,32,31,8,7,224,897988541,897988541,1110770931,648320,1,4,108,2,4096,0,1088 -c -o /sp/ttcache_prof/tt-metal-cache8908659371042919221/kernels/whole_trisc/10636134041801188638/trisc1/trisck.2475656884148353978_1.o /opt/tt-metal/tt_metal/hw/firmware/src/tt-1xx/trisck.cc -MF /sp/ttcache_prof/tt-metal-cache8908659371042919221/kernels/whole_trisc/10636134041801188638/trisc1/trisck.2475656884148353978_1.d
In file included from /opt/tt-metal/tt_metal/hw/firmware/src/tt-1xx/trisck.cc:16:
/opt/tt-metal/tt_metal/hw/firmware/src/tt-1xx/trisck.cc: In function 'uint32_t _start()':
/opt/tt-metal/tt_metal/tools/profiler/kernel_profiler.hpp:32:22: note: '#pragma message: TRISC-KERNEL,/opt/tt-metal/tt_metal/hw/firmware/src/tt-1xx/trisck.cc,89,KERNEL_PROFILER'
   32 | #define DO_PRAGMA(x) _Pragma(#x)
      |                      ^~~~~~~
/opt/tt-metal/tt_metal/tools/profiler/kernel_profiler.hpp:1047:5: note: in expansion of macro 'DO_PRAGMA'
 1047 |     DO_PRAGMA(message(PROFILER_MSG_NAME(name)));                               \
      |     ^~~~~~~~~
/opt/tt-metal/tt_metal/hw/firmware/src/tt-1xx/trisck.cc:89:5: note: in expansion of macro 'DeviceZoneScopedMainChildN'
   89 |     DeviceZoneScopedMainChildN("TRISC-KERNEL");
      |     ^~~~~~~~~~~~~~~~~~~~~~~~~~
Building ncrisc, compile step:
/opt/tt-metal/runtime/sfpi/compiler/bin/riscv-tt-elf-g++ -O2 -std=c++17 -ftt-nttp -ftt-constinit -ftt-consteval -ftt-no-dyninit -flto=1 -flto-partition=one -ffast-math -fno-finite-math-only -fsigned-zeros -fno-associative-math -fno-exceptions -fno-rtti -fno-use-cxa-atexit -g -MMD -Wall -Werror -Wno-error=deprecated-declarations -Wno-error=multistatement-macros -Wno-error=parentheses -Wno-error=unused-but-set-variable -Wno-unused-variable -Wno-unused-function --param=min-pagesize=0 -mcpu=tt-bh -fno-tree-loop-distribute-patterns -Winvalid-pch -Wno-error=invalid-pch -I. -I.. -I/opt/tt-metal/ -I/opt/tt-metal/ttnn -I/opt/tt-metal/ttnn/cpp -I/opt/tt-metal/tt_metal -I/opt/tt-metal/tt_metal/hw/inc -I/opt/tt-metal/tt_metal/tt-llk/common -I/opt/tt-metal/tt_metal/tt-llk/tools/include -I/opt/tt-metal/tt_metal/hostdevcommon/api -I/opt/tt-metal/tt_metal/api/ -I/opt/tt-metal/tt_metal/hw/ckernels/blackhole/metal/common -I/opt/tt-metal/tt_metal/hw/ckernels/blackhole/metal/llk_io -I/opt/tt-metal/tt_metal/hw/inc/internal/tt-1xx -I/opt/tt-metal/tt_metal/hw/inc/internal/tt-1xx/blackhole -I/opt/tt-metal/tt_metal/hw/inc/internal/tt-1xx/blackhole/blackhole_defines -I/opt/tt-metal/tt_metal/hw/inc/internal/tt-1xx/blackhole/noc -I/opt/tt-metal/tt_metal/tt-llk/tt_llk_blackhole/common/inc -I/opt/tt-metal/tt_metal/tt-llk/tt_llk_blackhole/llk_lib -I/opt/tt-metal/tt_metal/tt-llk/tt_llk_blackhole/llk_lib/hal -I/opt/tt-metal/tt_metal/hw/firmware/src/tt-1xx -I/opt/tt-metal/models/experimental/pi0/tt/megakernel/kernels_p2 -include /sp/ttcache_prof/tt-metal-cache/pch/1b9e28ac75b7aabf/pch.h -DIS_NOT_POW2_NUM_L1_BANKS=1 -DLOG_BASE_2_OF_NUM_DRAM_BANKS=3 -DNUM_DRAM_BANKS=8 -DNUM_L1_BANKS=110 -DPCIE_NOC_X=19 -DPCIE_NOC_Y=24 -DTENSIX_FIRMWARE -DLOCAL_MEM_EN=0 -DPROFILE_KERNEL=1 -DPROFILER_FULL_HOST_BUFFER_SIZE_PER_RISC=768000 -DPROCESSOR_INDEX=1 -DCOMPILE_FOR_NCRISC -DPROGRAMMABLE_CORE_TYPE=0 -DARCH_BLACKHOLE -DDISPATCH_MESSAGE_ADDR=4290184248 -DKERNEL_BUILD -DMK_FID8_HIFI2=1 -DPE_ATT_FID=3 -DPE_ATT_FLAT=2 -DPE_CT0=19 -DPE_NO_EXPERT=1 -DNOC_INDEX=0 -DNOC_MODE=0 -DFULL_KERNEL_NAME="whole_ncrisc/5068507646909646519/" -DKERNEL_COMPILE_TIME_ARGS=1,35,6,6,897988541,0,1088,2,2048,0,2048,0,2048,0,2048,2,2048,2,2048,32,31,8,7,224,897988541,897988541,1110770931,1065984,3,4,108,2,4096,0,1088 -c -o /sp/ttcache_prof/tt-metal-cache8908659371042919221/kernels/whole_ncrisc/5068507646909646519/ncrisc/ncrisck.2475656884148353978_1.o /opt/tt-metal/tt_metal/hw/firmware/src/tt-1xx/ncrisck.cc -MF /sp/ttcache_prof/tt-metal-cache8908659371042919221/kernels/whole_ncrisc/5068507646909646519/ncrisc/ncrisck.2475656884148353978_1.d
In file included from /opt/tt-metal/tt_metal/hw/inc/api/dataflow/dataflow_api.h:24,
                 from /opt/tt-metal/tt_metal/hw/inc/internal/firmware_common.h:23,
                 from /opt/tt-metal/tt_metal/hw/firmware/src/tt-1xx/ncrisck.cc:17:
/opt/tt-metal/tt_metal/tools/profiler/kernel_profiler.hpp: In function 'void kernel_profiler::quick_push()':
/opt/tt-metal/tt_metal/tools/profiler/kernel_profiler.hpp:32:22: note: '#pragma message: PROFILER-NOC-QUICK-PUSH,/opt/tt-metal/tt_metal/tools/profiler/kernel_profiler.hpp,633,KERNEL_PROFILER'
   32 | #define DO_PRAGMA(x) _Pragma(#x)
      |                      ^~~~~~~
/opt/tt-metal/tt_metal/tools/profiler/kernel_profiler.hpp:42:5: note: in expansion of macro 'DO_PRAGMA'
   42 |     DO_PRAGMA(message(PROFILER_MSG_NAME(name))); \
      |     ^~~~~~~~~
/opt/tt-metal/tt_metal/tools/profiler/kernel_profiler.hpp:633:5: note: in expansion of macro 'SrcLocNameToHash'
  633 |     SrcLocNameToHash("PROFILER-NOC-QUICK-PUSH");
      |     ^~~~~~~~~~~~~~~~
/opt/tt-metal/tt_metal/hw/firmware/src/tt-1xx/ncrisck.cc: In function 'uint32_t _start()':
/opt/tt-metal/tt_metal/tools/profiler/kernel_profiler.hpp:32:22: note: '#pragma message: NCRISC-KERNEL,/opt/tt-metal/tt_metal/hw/firmware/src/tt-1xx/ncrisck.cc,70,KERNEL_PROFILER'
   32 | #define DO_PRAGMA(x) _Pragma(#x)
      |                      ^~~~~~~
/opt/tt-metal/tt_metal/tools/profiler/kernel_profiler.hpp:1047:5: note: in expansion of macro 'DO_PRAGMA'
 1047 |     DO_PRAGMA(message(PROFILER_MSG_NAME(name)));                               \
      |     ^~~~~~~~~
/opt/tt-metal/tt_metal/hw/firmware/src/tt-1xx/ncrisck.cc:70:5: note: in expansion of macro 'DeviceZoneScopedMainChildN'
   70 |     DeviceZoneScopedMainChildN("NCRISC-KERNEL");
      |     ^~~~~~~~~~~~~~~~~~~~~~~~~~
Building brisc, compile step:
/opt/tt-metal/runtime/sfpi/compiler/bin/riscv-tt-elf-g++ -O2 -std=c++17 -ftt-nttp -ftt-constinit -ftt-consteval -ftt-no-dyninit -flto=1 -flto-partition=one -ffast-math -fno-finite-math-only -fsigned-zeros -fno-associative-math -fno-exceptions -fno-rtti -fno-use-cxa-atexit -g -MMD -Wall -Werror -Wno-error=deprecated-declarations -Wno-error=multistatement-macros -Wno-error=parentheses -Wno-error=unused-but-set-variable -Wno-unused-variable -Wno-unused-function --param=min-pagesize=0 -mcpu=tt-bh -fno-tree-loop-distribute-patterns -Winvalid-pch -Wno-error=invalid-pch -I. -I.. -I/opt/tt-metal/ -I/opt/tt-metal/ttnn -I/opt/tt-metal/ttnn/cpp -I/opt/tt-metal/tt_metal -I/opt/tt-metal/tt_metal/hw/inc -I/opt/tt-metal/tt_metal/tt-llk/common -I/opt/tt-metal/tt_metal/tt-llk/tools/include -I/opt/tt-metal/tt_metal/hostdevcommon/api -I/opt/tt-metal/tt_metal/api/ -I/opt/tt-metal/tt_metal/hw/ckernels/blackhole/metal/common -I/opt/tt-metal/tt_metal/hw/ckernels/blackhole/metal/llk_io -I/opt/tt-metal/tt_metal/hw/inc/internal/tt-1xx -I/opt/tt-metal/tt_metal/hw/inc/internal/tt-1xx/blackhole -I/opt/tt-metal/tt_metal/hw/inc/internal/tt-1xx/blackhole/blackhole_defines -I/opt/tt-metal/tt_metal/hw/inc/internal/tt-1xx/blackhole/noc -I/opt/tt-metal/tt_metal/tt-llk/tt_llk_blackhole/common/inc -I/opt/tt-metal/tt_metal/tt-llk/tt_llk_blackhole/llk_lib -I/opt/tt-metal/tt_metal/tt-llk/tt_llk_blackhole/llk_lib/hal -I/opt/tt-metal/tt_metal/hw/firmware/src/tt-1xx -I/opt/tt-metal/models/experimental/pi0/tt/megakernel/kernels_p2 -include /sp/ttcache_prof/tt-metal-cache/pch/1b9e28ac75b7aabf/pch.h -DIS_NOT_POW2_NUM_L1_BANKS=1 -DLOG_BASE_2_OF_NUM_DRAM_BANKS=3 -DNUM_DRAM_BANKS=8 -DNUM_L1_BANKS=110 -DPCIE_NOC_X=19 -DPCIE_NOC_Y=24 -DTENSIX_FIRMWARE -DLOCAL_MEM_EN=0 -DPROFILE_KERNEL=1 -DPROFILER_FULL_HOST_BUFFER_SIZE_PER_RISC=768000 -DPROCESSOR_INDEX=0 -DCOMPILE_FOR_BRISC -DPROGRAMMABLE_CORE_TYPE=0 -DARCH_BLACKHOLE -DDISPATCH_MESSAGE_ADDR=4290184248 -DKERNEL_BUILD -DMK_FID8_HIFI2=1 -DPE_ATT_FID=3 -DPE_ATT_FLAT=2 -DPE_CT0=19 -DPE_NO_EXPERT=1 -DNOC_INDEX=1 -DNOC_MODE=0 -DFULL_KERNEL_NAME="whole_brisc/1705304330949810196/" -DKERNEL_COMPILE_TIME_ARGS=1,35,6,6,897988541,0,1088,2,2048,0,2048,0,2048,0,2048,2,2048,2,2048,32,31,8,7,224,897988541,897988541,1110770931,1065984,3,4,108,2,4096,0,1088 -c -o /sp/ttcache_prof/tt-metal-cache8908659371042919221/kernels/whole_brisc/1705304330949810196/brisc/brisck.2475656884148353978_1.o /opt/tt-metal/tt_metal/hw/firmware/src/tt-1xx/brisck.cc -MF /sp/ttcache_prof/tt-metal-cache8908659371042919221/kernels/whole_brisc/1705304330949810196/brisc/brisck.2475656884148353978_1.d
In file included from /opt/tt-metal/tt_metal/hw/inc/api/dataflow/dataflow_api.h:24,
                 from /opt/tt-metal/tt_metal/hw/inc/internal/firmware_common.h:23,
                 from /opt/tt-metal/tt_metal/hw/firmware/src/tt-1xx/brisck.cc:16:
/opt/tt-metal/tt_metal/tools/profiler/kernel_profiler.hpp: In function 'void kernel_profiler::finish_profiler(bool)':
/opt/tt-metal/tt_metal/tools/profiler/kernel_profiler.hpp:32:22: note: '#pragma message: PROFILER-NOC-FLUSH,/opt/tt-metal/tt_metal/tools/profiler/kernel_profiler.hpp,481,KERNEL_PROFILER'
   32 | #define DO_PRAGMA(x) _Pragma(#x)
      |                      ^~~~~~~
/opt/tt-metal/tt_metal/tools/profiler/kernel_profiler.hpp:42:5: note: in expansion of macro 'DO_PRAGMA'
   42 |     DO_PRAGMA(message(PROFILER_MSG_NAME(name))); \
      |     ^~~~~~~~~
/opt/tt-metal/tt_metal/tools/profiler/kernel_profiler.hpp:481:17: note: in expansion of macro 'SrcLocNameToHash'
  481 |                 SrcLocNameToHash("PROFILER-NOC-FLUSH");
      |                 ^~~~~~~~~~~~~~~~
/opt/tt-metal/tt_metal/tools/profiler/kernel_profiler.hpp:32:22: note: '#pragma message: PROFILER-DRAM-PUSH,/opt/tt-metal/tt_metal/tools/profiler/kernel_profiler.hpp,490,KERNEL_PROFILER'
   32 | #define DO_PRAGMA(x) _Pragma(#x)
      |                      ^~~~~~~
/opt/tt-metal/tt_metal/tools/profiler/kernel_profiler.hpp:42:5: note: in expansion of macro 'DO_PRAGMA'
   42 |     DO_PRAGMA(message(PROFILER_MSG_NAME(name))); \
      |     ^~~~~~~~~
/opt/tt-metal/tt_metal/tools/profiler/kernel_profiler.hpp:490:17: note: in expansion of macro 'SrcLocNameToHash'
  490 |                 SrcLocNameToHash("PROFILER-DRAM-PUSH");
      |                 ^~~~~~~~~~~~~~~~
/opt/tt-metal/tt_metal/tools/profiler/kernel_profiler.hpp: In function 'void kernel_profiler::quick_push()':
/opt/tt-metal/tt_metal/tools/profiler/kernel_profiler.hpp:32:22: note: '#pragma message: PROFILER-NOC-QUICK-PUSH,/opt/tt-metal/tt_metal/tools/profiler/kernel_profiler.hpp,633,KERNEL_PROFILER'
   32 | #define DO_PRAGMA(x) _Pragma(#x)
      |                      ^~~~~~~
/opt/tt-metal/tt_metal/tools/profiler/kernel_profiler.hpp:42:5: note: in expansion of macro 'DO_PRAGMA'
   42 |     DO_PRAGMA(message(PROFILER_MSG_NAME(name))); \
      |     ^~~~~~~~~
/opt/tt-metal/tt_metal/tools/profiler/kernel_profiler.hpp:633:5: note: in expansion of macro 'SrcLocNameToHash'
  633 |     SrcLocNameToHash("PROFILER-NOC-QUICK-PUSH");
      |     ^~~~~~~~~~~~~~~~
/opt/tt-metal/tt_metal/hw/firmware/src/tt-1xx/brisck.cc: In function 'uint32_t _start()':
/opt/tt-metal/tt_metal/tools/profiler/kernel_profiler.hpp:32:22: note: '#pragma message: BRISC-KERNEL,/opt/tt-metal/tt_metal/hw/firmware/src/tt-1xx/brisck.cc,77,KERNEL_PROFILER'
   32 | #define DO_PRAGMA(x) _Pragma(#x)
      |                      ^~~~~~~
/opt/tt-metal/tt_metal/tools/profiler/kernel_profiler.hpp:1047:5: note: in expansion of macro 'DO_PRAGMA'
 1047 |     DO_PRAGMA(message(PROFILER_MSG_NAME(name)));                               \
      |     ^~~~~~~~~
/opt/tt-metal/tt_metal/hw/firmware/src/tt-1xx/brisck.cc:77:9: note: in expansion of macro 'DeviceZoneScopedMainChildN'
   77 |         DeviceZoneScopedMainChildN("BRISC-KERNEL");
      |         ^~~~~~~~~~~~~~~~~~~~~~~~~~
Building trisc2, compile step:
/opt/tt-metal/runtime/sfpi/compiler/bin/riscv-tt-elf-g++ -O3 -std=c++17 -ftt-nttp -ftt-constinit -ftt-consteval -ftt-no-dyninit -flto=1 -flto-partition=one -ffast-math -fno-finite-math-only -fsigned-zeros -fno-associative-math -fno-exceptions -fno-rtti -fno-use-cxa-atexit -g -MMD -Wall -Werror -Wno-error=deprecated-declarations -Wno-error=multistatement-macros -Wno-error=parentheses -Wno-error=unused-but-set-variable -Wno-unused-variable -Wno-unused-function --param=min-pagesize=0 -mcpu=tt-bh-tensix -Winvalid-pch -Wno-error=invalid-pch -I. -I.. -I/opt/tt-metal/ -I/opt/tt-metal/ttnn -I/opt/tt-metal/ttnn/cpp -I/opt/tt-metal/tt_metal -I/opt/tt-metal/tt_metal/hw/inc -I/opt/tt-metal/tt_metal/tt-llk/common -I/opt/tt-metal/tt_metal/tt-llk/tools/include -I/opt/tt-metal/tt_metal/hostdevcommon/api -I/opt/tt-metal/tt_metal/api/ -I/opt/tt-metal/runtime/sfpi/include -I/opt/tt-metal/tt_metal/hw/ckernels/blackhole/metal/common -I/opt/tt-metal/tt_metal/hw/ckernels/blackhole/metal/llk_io -I/opt/tt-metal/tt_metal/hw/inc/internal/tt-1xx -I/opt/tt-metal/tt_metal/hw/inc/internal/tt-1xx/blackhole -I/opt/tt-metal/tt_metal/hw/inc/internal/tt-1xx/blackhole/blackhole_defines -I/opt/tt-metal/tt_metal/hw/inc/internal/tt-1xx/blackhole/noc -I/opt/tt-metal/tt_metal/tt-llk/tt_llk_blackhole/common/inc -I/opt/tt-metal/tt_metal/tt-llk/tt_llk_blackhole/llk_lib -I/opt/tt-metal/tt_metal/tt-llk/tt_llk_blackhole/llk_lib/hal -I/opt/tt-metal/tt_metal/hw/ckernels/blackhole/metal/llk_api -I/opt/tt-metal/tt_metal/hw/ckernels/blackhole/metal/llk_api/llk_sfpu -I/opt/tt-metal/tt_metal/hw/firmware/src/tt-1xx -I/opt/tt-metal/models/experimental/pi0/tt/megakernel/kernels_p2 -include /sp/ttcache_prof/tt-metal-cache/pch/e13a6eedc934b130/pch.h -DIS_NOT_POW2_NUM_L1_BANKS=1 -DLOG_BASE_2_OF_NUM_DRAM_BANKS=3 -DNUM_DRAM_BANKS=8 -DNUM_L1_BANKS=110 -DPCIE_NOC_X=19 -DPCIE_NOC_Y=24 -DTENSIX_FIRMWARE -DLOCAL_MEM_EN=0 -DPROFILE_KERNEL=1 -DPROFILER_FULL_HOST_BUFFER_SIZE_PER_RISC=768000 -DPROCESSOR_INDEX=4 -DUCK_CHLKC_PACK -DCOMPILE_FOR_TRISC=2 -DPROGRAMMABLE_CORE_TYPE=0 -DARCH_BLACKHOLE -DDISPATCH_MESSAGE_ADDR=4290184248 -DKERNEL_BUILD -DFULL_KERNEL_NAME="whole_trisc/18091406361546376080/" -DKERNEL_COMPILE_TIME_ARGS=1,35,6,6,897988541,0,1088,2,2048,0,2048,0,2048,0,2048,2,2048,2,2048,32,31,8,7,224,897988541,897988541,1110770931,1065984,3,4,108,2,4096,0,1088 -c -o /sp/ttcache_prof/tt-metal-cache8908659371042919221/kernels/whole_trisc/18091406361546376080/trisc2/trisck.2475656884148353978_1.o /opt/tt-metal/tt_metal/hw/firmware/src/tt-1xx/trisck.cc -MF /sp/ttcache_prof/tt-metal-cache8908659371042919221/kernels/whole_trisc/18091406361546376080/trisc2/trisck.2475656884148353978_1.d
In file included from /opt/tt-metal/tt_metal/hw/ckernels/blackhole/metal/llk_io/llk_io_pack.h:14,
                 from /opt/tt-metal/tt_metal/hw/inc/api/compute/compute_kernel_api.h:73,
                 from /opt/tt-metal/models/experimental/pi0/tt/megakernel/kernels_p2/../kernels/mk_trisc.cpp:22,
                 from /opt/tt-metal/models/experimental/pi0/tt/megakernel/kernels_p2/whole_trisc.cpp:12,
                 from ../chlkc_pack.cpp:4,
                 from /opt/tt-metal/tt_metal/hw/ckernels/blackhole/metal/common/chlkc_list.h:21,
                 from /opt/tt-metal/tt_metal/hw/firmware/src/tt-1xx/trisck.cc:14:
/opt/tt-metal/tt_metal/hw/ckernels/blackhole/metal/llk_io/llk_io_pack.h: In function 'void llk_wait_for_free_tiles(int32_t, int32_t)':
/opt/tt-metal/tt_metal/tools/profiler/kernel_profiler.hpp:32:22: note: '#pragma message: CB-COMPUTE-RESERVE-BACK,/opt/tt-metal/tt_metal/hw/ckernels/blackhole/metal/llk_io/llk_io_pack.h,21,KERNEL_PROFILER'
   32 | #define DO_PRAGMA(x) _Pragma(#x)
      |                      ^~~~~~~
/opt/tt-metal/tt_metal/tools/profiler/kernel_profiler.hpp:1057:5: note: in expansion of macro 'DO_PRAGMA'
 1057 |     DO_PRAGMA(message(PROFILER_MSG_NAME(name)));                               \
      |     ^~~~~~~~~
/opt/tt-metal/tt_metal/hw/ckernels/blackhole/metal/llk_io/llk_io_pack.h:21:5: note: in expansion of macro 'DeviceZoneScopedSumN2'
   21 |     DeviceZoneScopedSumN2("CB-COMPUTE-RESERVE-BACK");
      |     ^~~~~~~~~~~~~~~~~~~~~
/opt/tt-metal/tt_metal/hw/firmware/src/tt-1xx/trisck.cc: In function 'uint32_t _start()':
/opt/tt-metal/tt_metal/tools/profiler/kernel_profiler.hpp:32:22: note: '#pragma message: TRISC-KERNEL,/opt/tt-metal/tt_metal/hw/firmware/src/tt-1xx/trisck.cc,89,KERNEL_PROFILER'
   32 | #define DO_PRAGMA(x) _Pragma(#x)
      |                      ^~~~~~~
/opt/tt-metal/tt_metal/tools/profiler/kernel_profiler.hpp:1047:5: note: in expansion of macro 'DO_PRAGMA'
 1047 |     DO_PRAGMA(message(PROFILER_MSG_NAME(name)));                               \
      |     ^~~~~~~~~
/opt/tt-metal/tt_metal/hw/firmware/src/tt-1xx/trisck.cc:89:5: note: in expansion of macro 'DeviceZoneScopedMainChildN'
   89 |     DeviceZoneScopedMainChildN("TRISC-KERNEL");
      |     ^~~~~~~~~~~~~~~~~~~~~~~~~~
Building trisc0, compile step:
/opt/tt-metal/runtime/sfpi/compiler/bin/riscv-tt-elf-g++ -O3 -std=c++17 -ftt-nttp -ftt-constinit -ftt-consteval -ftt-no-dyninit -flto=1 -flto-partition=one -ffast-math -fno-finite-math-only -fsigned-zeros -fno-associative-math -fno-exceptions -fno-rtti -fno-use-cxa-atexit -g -MMD -Wall -Werror -Wno-error=deprecated-declarations -Wno-error=multistatement-macros -Wno-error=parentheses -Wno-error=unused-but-set-variable -Wno-unused-variable -Wno-unused-function --param=min-pagesize=0 -mcpu=tt-bh-tensix -Winvalid-pch -Wno-error=invalid-pch -I. -I.. -I/opt/tt-metal/ -I/opt/tt-metal/ttnn -I/opt/tt-metal/ttnn/cpp -I/opt/tt-metal/tt_metal -I/opt/tt-metal/tt_metal/hw/inc -I/opt/tt-metal/tt_metal/tt-llk/common -I/opt/tt-metal/tt_metal/tt-llk/tools/include -I/opt/tt-metal/tt_metal/hostdevcommon/api -I/opt/tt-metal/tt_metal/api/ -I/opt/tt-metal/runtime/sfpi/include -I/opt/tt-metal/tt_metal/hw/ckernels/blackhole/metal/common -I/opt/tt-metal/tt_metal/hw/ckernels/blackhole/metal/llk_io -I/opt/tt-metal/tt_metal/hw/inc/internal/tt-1xx -I/opt/tt-metal/tt_metal/hw/inc/internal/tt-1xx/blackhole -I/opt/tt-metal/tt_metal/hw/inc/internal/tt-1xx/blackhole/blackhole_defines -I/opt/tt-metal/tt_metal/hw/inc/internal/tt-1xx/blackhole/noc -I/opt/tt-metal/tt_metal/tt-llk/tt_llk_blackhole/common/inc -I/opt/tt-metal/tt_metal/tt-llk/tt_llk_blackhole/llk_lib -I/opt/tt-metal/tt_metal/tt-llk/tt_llk_blackhole/llk_lib/hal -I/opt/tt-metal/tt_metal/hw/ckernels/blackhole/metal/llk_api -I/opt/tt-metal/tt_metal/hw/ckernels/blackhole/metal/llk_api/llk_sfpu -I/opt/tt-metal/tt_metal/hw/firmware/src/tt-1xx -I/opt/tt-metal/models/experimental/pi0/tt/megakernel/kernels_p2 -include /sp/ttcache_prof/tt-metal-cache/pch/e13a6eedc934b130/pch.h -DIS_NOT_POW2_NUM_L1_BANKS=1 -DLOG_BASE_2_OF_NUM_DRAM_BANKS=3 -DNUM_DRAM_BANKS=8 -DNUM_L1_BANKS=110 -DPCIE_NOC_X=19 -DPCIE_NOC_Y=24 -DTENSIX_FIRMWARE -DLOCAL_MEM_EN=0 -DPROFILE_KERNEL=1 -DPROFILER_FULL_HOST_BUFFER_SIZE_PER_RISC=768000 -DPROCESSOR_INDEX=2 -DUCK_CHLKC_UNPACK -DCOMPILE_FOR_TRISC=0 -DPROGRAMMABLE_CORE_TYPE=0 -DARCH_BLACKHOLE -DDISPATCH_MESSAGE_ADDR=4290184248 -DKERNEL_BUILD -DFULL_KERNEL_NAME="whole_trisc/18091406361546376080/" -DKERNEL_COMPILE_TIME_ARGS=1,35,6,6,897988541,0,1088,2,2048,0,2048,0,2048,0,2048,2,2048,2,2048,32,31,8,7,224,897988541,897988541,1110770931,1065984,3,4,108,2,4096,0,1088 -c -o /sp/ttcache_prof/tt-metal-cache8908659371042919221/kernels/whole_trisc/18091406361546376080/trisc0/trisck.2475656884148353978_1.o /opt/tt-metal/tt_metal/hw/firmware/src/tt-1xx/trisck.cc -MF /sp/ttcache_prof/tt-metal-cache8908659371042919221/kernels/whole_trisc/18091406361546376080/trisc0/trisck.2475656884148353978_1.d
In file included from /opt/tt-metal/tt_metal/hw/ckernels/blackhole/metal/llk_io/llk_io_unpack.h:13,
                 from /opt/tt-metal/tt_metal/hw/inc/api/compute/compute_kernel_api.h:98,
                 from /opt/tt-metal/models/experimental/pi0/tt/megakernel/kernels_p2/../kernels/mk_trisc.cpp:22,
                 from /opt/tt-metal/models/experimental/pi0/tt/megakernel/kernels_p2/whole_trisc.cpp:12,
                 from ../chlkc_unpack.cpp:4,
                 from /opt/tt-metal/tt_metal/hw/ckernels/blackhole/metal/common/chlkc_list.h:26,
                 from /opt/tt-metal/tt_metal/hw/firmware/src/tt-1xx/trisck.cc:14:
/opt/tt-metal/tt_metal/hw/ckernels/blackhole/metal/llk_io/llk_io_unpack.h: In function 'void llk_wait_tiles(int, int32_t)':
/opt/tt-metal/tt_metal/tools/profiler/kernel_profiler.hpp:32:22: note: '#pragma message: CB-COMPUTE-WAIT-FRONT,/opt/tt-metal/tt_metal/hw/ckernels/blackhole/metal/llk_io/llk_io_unpack.h,19,KERNEL_PROFILER'
   32 | #define DO_PRAGMA(x) _Pragma(#x)
      |                      ^~~~~~~
/opt/tt-metal/tt_metal/tools/profiler/kernel_profiler.hpp:1052:5: note: in expansion of macro 'DO_PRAGMA'
 1052 |     DO_PRAGMA(message(PROFILER_MSG_NAME(name)));                               \
      |     ^~~~~~~~~
/opt/tt-metal/tt_metal/hw/ckernels/blackhole/metal/llk_io/llk_io_unpack.h:19:5: note: in expansion of macro 'DeviceZoneScopedSumN1'
   19 |     DeviceZoneScopedSumN1("CB-COMPUTE-WAIT-FRONT");
      |     ^~~~~~~~~~~~~~~~~~~~~
/opt/tt-metal/tt_metal/hw/firmware/src/tt-1xx/trisck.cc: In function 'uint32_t _start()':
/opt/tt-metal/tt_metal/tools/profiler/kernel_profiler.hpp:32:22: note: '#pragma message: TRISC-KERNEL,/opt/tt-metal/tt_metal/hw/firmware/src/tt-1xx/trisck.cc,89,KERNEL_PROFILER'
   32 | #define DO_PRAGMA(x) _Pragma(#x)
      |                      ^~~~~~~
/opt/tt-metal/tt_metal/tools/profiler/kernel_profiler.hpp:1047:5: note: in expansion of macro 'DO_PRAGMA'
 1047 |     DO_PRAGMA(message(PROFILER_MSG_NAME(name)));                               \
      |     ^~~~~~~~~
/opt/tt-metal/tt_metal/hw/firmware/src/tt-1xx/trisck.cc:89:5: note: in expansion of macro 'DeviceZoneScopedMainChildN'
   89 |     DeviceZoneScopedMainChildN("TRISC-KERNEL");
      |     ^~~~~~~~~~~~~~~~~~~~~~~~~~
Building trisc1, compile step:
/opt/tt-metal/runtime/sfpi/compiler/bin/riscv-tt-elf-g++ -O3 -std=c++17 -ftt-nttp -ftt-constinit -ftt-consteval -ftt-no-dyninit -flto=1 -flto-partition=one -ffast-math -fno-finite-math-only -fsigned-zeros -fno-associative-math -fno-exceptions -fno-rtti -fno-use-cxa-atexit -g -MMD -Wall -Werror -Wno-error=deprecated-declarations -Wno-error=multistatement-macros -Wno-error=parentheses -Wno-error=unused-but-set-variable -Wno-unused-variable -Wno-unused-function --param=min-pagesize=0 -mcpu=tt-bh-tensix -Winvalid-pch -Wno-error=invalid-pch -I. -I.. -I/opt/tt-metal/ -I/opt/tt-metal/ttnn -I/opt/tt-metal/ttnn/cpp -I/opt/tt-metal/tt_metal -I/opt/tt-metal/tt_metal/hw/inc -I/opt/tt-metal/tt_metal/tt-llk/common -I/opt/tt-metal/tt_metal/tt-llk/tools/include -I/opt/tt-metal/tt_metal/hostdevcommon/api -I/opt/tt-metal/tt_metal/api/ -I/opt/tt-metal/runtime/sfpi/include -I/opt/tt-metal/tt_metal/hw/ckernels/blackhole/metal/common -I/opt/tt-metal/tt_metal/hw/ckernels/blackhole/metal/llk_io -I/opt/tt-metal/tt_metal/hw/inc/internal/tt-1xx -I/opt/tt-metal/tt_metal/hw/inc/internal/tt-1xx/blackhole -I/opt/tt-metal/tt_metal/hw/inc/internal/tt-1xx/blackhole/blackhole_defines -I/opt/tt-metal/tt_metal/hw/inc/internal/tt-1xx/blackhole/noc -I/opt/tt-metal/tt_metal/tt-llk/tt_llk_blackhole/common/inc -I/opt/tt-metal/tt_metal/tt-llk/tt_llk_blackhole/llk_lib -I/opt/tt-metal/tt_metal/tt-llk/tt_llk_blackhole/llk_lib/hal -I/opt/tt-metal/tt_metal/hw/ckernels/blackhole/metal/llk_api -I/opt/tt-metal/tt_metal/hw/ckernels/blackhole/metal/llk_api/llk_sfpu -I/opt/tt-metal/tt_metal/hw/firmware/src/tt-1xx -I/opt/tt-metal/models/experimental/pi0/tt/megakernel/kernels_p2 -include /sp/ttcache_prof/tt-metal-cache/pch/e13a6eedc934b130/pch.h -DIS_NOT_POW2_NUM_L1_BANKS=1 -DLOG_BASE_2_OF_NUM_DRAM_BANKS=3 -DNUM_DRAM_BANKS=8 -DNUM_L1_BANKS=110 -DPCIE_NOC_X=19 -DPCIE_NOC_Y=24 -DTENSIX_FIRMWARE -DLOCAL_MEM_EN=0 -DPROFILE_KERNEL=1 -DPROFILER_FULL_HOST_BUFFER_SIZE_PER_RISC=768000 -DPROCESSOR_INDEX=3 -DUCK_CHLKC_MATH -DCOMPILE_FOR_TRISC=1 -DPROGRAMMABLE_CORE_TYPE=0 -DARCH_BLACKHOLE -DDISPATCH_MESSAGE_ADDR=4290184248 -DKERNEL_BUILD -DFULL_KERNEL_NAME="whole_trisc/18091406361546376080/" -DKERNEL_COMPILE_TIME_ARGS=1,35,6,6,897988541,0,1088,2,2048,0,2048,0,2048,0,2048,2,2048,2,2048,32,31,8,7,224,897988541,897988541,1110770931,1065984,3,4,108,2,4096,0,1088 -c -o /sp/ttcache_prof/tt-metal-cache8908659371042919221/kernels/whole_trisc/18091406361546376080/trisc1/trisck.2475656884148353978_1.o /opt/tt-metal/tt_metal/hw/firmware/src/tt-1xx/trisck.cc -MF /sp/ttcache_prof/tt-metal-cache8908659371042919221/kernels/whole_trisc/18091406361546376080/trisc1/trisck.2475656884148353978_1.d
In file included from /opt/tt-metal/tt_metal/hw/firmware/src/tt-1xx/trisck.cc:16:
/opt/tt-metal/tt_metal/hw/firmware/src/tt-1xx/trisck.cc: In function 'uint32_t _start()':
/opt/tt-metal/tt_metal/tools/profiler/kernel_profiler.hpp:32:22: note: '#pragma message: TRISC-KERNEL,/opt/tt-metal/tt_metal/hw/firmware/src/tt-1xx/trisck.cc,89,KERNEL_PROFILER'
   32 | #define DO_PRAGMA(x) _Pragma(#x)
      |                      ^~~~~~~
/opt/tt-metal/tt_metal/tools/profiler/kernel_profiler.hpp:1047:5: note: in expansion of macro 'DO_PRAGMA'
 1047 |     DO_PRAGMA(message(PROFILER_MSG_NAME(name)));                               \
      |     ^~~~~~~~~
/opt/tt-metal/tt_metal/hw/firmware/src/tt-1xx/trisck.cc:89:5: note: in expansion of macro 'DeviceZoneScopedMainChildN'
   89 |     DeviceZoneScopedMainChildN("TRISC-KERNEL");
      |     ^~~~~~~~~~~~~~~~~~~~~~~~~~
Building ncrisc, compile step:
/opt/tt-metal/runtime/sfpi/compiler/bin/riscv-tt-elf-g++ -O2 -std=c++17 -ftt-nttp -ftt-constinit -ftt-consteval -ftt-no-dyninit -flto=1 -flto-partition=one -ffast-math -fno-finite-math-only -fsigned-zeros -fno-associative-math -fno-exceptions -fno-rtti -fno-use-cxa-atexit -g -MMD -Wall -Werror -Wno-error=deprecated-declarations -Wno-error=multistatement-macros -Wno-error=parentheses -Wno-error=unused-but-set-variable -Wno-unused-variable -Wno-unused-function --param=min-pagesize=0 -mcpu=tt-bh -fno-tree-loop-distribute-patterns -Winvalid-pch -Wno-error=invalid-pch -I. -I.. -I/opt/tt-metal/ -I/opt/tt-metal/ttnn -I/opt/tt-metal/ttnn/cpp -I/opt/tt-metal/tt_metal -I/opt/tt-metal/tt_metal/hw/inc -I/opt/tt-metal/tt_metal/tt-llk/common -I/opt/tt-metal/tt_metal/tt-llk/tools/include -I/opt/tt-metal/tt_metal/hostdevcommon/api -I/opt/tt-metal/tt_metal/api/ -I/opt/tt-metal/tt_metal/hw/ckernels/blackhole/metal/common -I/opt/tt-metal/tt_metal/hw/ckernels/blackhole/metal/llk_io -I/opt/tt-metal/tt_metal/hw/inc/internal/tt-1xx -I/opt/tt-metal/tt_metal/hw/inc/internal/tt-1xx/blackhole -I/opt/tt-metal/tt_metal/hw/inc/internal/tt-1xx/blackhole/blackhole_defines -I/opt/tt-metal/tt_metal/hw/inc/internal/tt-1xx/blackhole/noc -I/opt/tt-metal/tt_metal/tt-llk/tt_llk_blackhole/common/inc -I/opt/tt-metal/tt_metal/tt-llk/tt_llk_blackhole/llk_lib -I/opt/tt-metal/tt_metal/tt-llk/tt_llk_blackhole/llk_lib/hal -I/opt/tt-metal/tt_metal/hw/firmware/src/tt-1xx -I/opt/tt-metal/models/experimental/pi0/tt/megakernel/kernels -include /sp/ttcache_prof/tt-metal-cache/pch/1b9e28ac75b7aabf/pch.h -DIS_NOT_POW2_NUM_L1_BANKS=1 -DLOG_BASE_2_OF_NUM_DRAM_BANKS=3 -DNUM_DRAM_BANKS=8 -DNUM_L1_BANKS=110 -DPCIE_NOC_X=19 -DPCIE_NOC_Y=24 -DTENSIX_FIRMWARE -DLOCAL_MEM_EN=0 -DPROFILE_KERNEL=1 -DPROFILER_FULL_HOST_BUFFER_SIZE_PER_RISC=768000 -DPROCESSOR_INDEX=1 -DCOMPILE_FOR_NCRISC -DPROGRAMMABLE_CORE_TYPE=0 -DARCH_BLACKHOLE -DDISPATCH_MESSAGE_ADDR=4290184248 -DKERNEL_BUILD -DMK_FID=3 -DMK_FID8_HIFI2=1 -DNOC_INDEX=0 -DNOC_MODE=0 -DFULL_KERNEL_NAME="mk_ncrisc/15944566610525569802/" -DKERNEL_COMPILE_TIME_ARGS=1,35,6,6,897988541,0,1088,2,2048,0,2048,0,2048,0,2048,2,2048,2,2048 -c -o /sp/ttcache_prof/tt-metal-cache8908659371042919221/kernels/mk_ncrisc/15944566610525569802/ncrisc/ncrisck.2475656884148353978_1.o /opt/tt-metal/tt_metal/hw/firmware/src/tt-1xx/ncrisck.cc -MF /sp/ttcache_prof/tt-metal-cache8908659371042919221/kernels/mk_ncrisc/15944566610525569802/ncrisc/ncrisck.2475656884148353978_1.d
In file included from /opt/tt-metal/tt_metal/hw/inc/api/dataflow/dataflow_api.h:24,
                 from /opt/tt-metal/tt_metal/hw/inc/internal/firmware_common.h:23,
                 from /opt/tt-metal/tt_metal/hw/firmware/src/tt-1xx/ncrisck.cc:17:
/opt/tt-metal/tt_metal/tools/profiler/kernel_profiler.hpp: In function 'void kernel_profiler::quick_push()':
/opt/tt-metal/tt_metal/tools/profiler/kernel_profiler.hpp:32:22: note: '#pragma message: PROFILER-NOC-QUICK-PUSH,/opt/tt-metal/tt_metal/tools/profiler/kernel_profiler.hpp,633,KERNEL_PROFILER'
   32 | #define DO_PRAGMA(x) _Pragma(#x)
      |                      ^~~~~~~
/opt/tt-metal/tt_metal/tools/profiler/kernel_profiler.hpp:42:5: note: in expansion of macro 'DO_PRAGMA'
   42 |     DO_PRAGMA(message(PROFILER_MSG_NAME(name))); \
      |     ^~~~~~~~~
/opt/tt-metal/tt_metal/tools/profiler/kernel_profiler.hpp:633:5: note: in expansion of macro 'SrcLocNameToHash'
  633 |     SrcLocNameToHash("PROFILER-NOC-QUICK-PUSH");
      |     ^~~~~~~~~~~~~~~~
/opt/tt-metal/tt_metal/hw/firmware/src/tt-1xx/ncrisck.cc: In function 'uint32_t _start()':
/opt/tt-metal/tt_metal/tools/profiler/kernel_profiler.hpp:32:22: note: '#pragma message: NCRISC-KERNEL,/opt/tt-metal/tt_metal/hw/firmware/src/tt-1xx/ncrisck.cc,70,KERNEL_PROFILER'
   32 | #define DO_PRAGMA(x) _Pragma(#x)
      |                      ^~~~~~~
/opt/tt-metal/tt_metal/tools/profiler/kernel_profiler.hpp:1047:5: note: in expansion of macro 'DO_PRAGMA'
 1047 |     DO_PRAGMA(message(PROFILER_MSG_NAME(name)));                               \
      |     ^~~~~~~~~
/opt/tt-metal/tt_metal/hw/firmware/src/tt-1xx/ncrisck.cc:70:5: note: in expansion of macro 'DeviceZoneScopedMainChildN'
   70 |     DeviceZoneScopedMainChildN("NCRISC-KERNEL");
      |     ^~~~~~~~~~~~~~~~~~~~~~~~~~
Building brisc, compile step:
/opt/tt-metal/runtime/sfpi/compiler/bin/riscv-tt-elf-g++ -O2 -std=c++17 -ftt-nttp -ftt-constinit -ftt-consteval -ftt-no-dyninit -flto=1 -flto-partition=one -ffast-math -fno-finite-math-only -fsigned-zeros -fno-associative-math -fno-exceptions -fno-rtti -fno-use-cxa-atexit -g -MMD -Wall -Werror -Wno-error=deprecated-declarations -Wno-error=multistatement-macros -Wno-error=parentheses -Wno-error=unused-but-set-variable -Wno-unused-variable -Wno-unused-function --param=min-pagesize=0 -mcpu=tt-bh -fno-tree-loop-distribute-patterns -Winvalid-pch -Wno-error=invalid-pch -I. -I.. -I/opt/tt-metal/ -I/opt/tt-metal/ttnn -I/opt/tt-metal/ttnn/cpp -I/opt/tt-metal/tt_metal -I/opt/tt-metal/tt_metal/hw/inc -I/opt/tt-metal/tt_metal/tt-llk/common -I/opt/tt-metal/tt_metal/tt-llk/tools/include -I/opt/tt-metal/tt_metal/hostdevcommon/api -I/opt/tt-metal/tt_metal/api/ -I/opt/tt-metal/tt_metal/hw/ckernels/blackhole/metal/common -I/opt/tt-metal/tt_metal/hw/ckernels/blackhole/metal/llk_io -I/opt/tt-metal/tt_metal/hw/inc/internal/tt-1xx -I/opt/tt-metal/tt_metal/hw/inc/internal/tt-1xx/blackhole -I/opt/tt-metal/tt_metal/hw/inc/internal/tt-1xx/blackhole/blackhole_defines -I/opt/tt-metal/tt_metal/hw/inc/internal/tt-1xx/blackhole/noc -I/opt/tt-metal/tt_metal/tt-llk/tt_llk_blackhole/common/inc -I/opt/tt-metal/tt_metal/tt-llk/tt_llk_blackhole/llk_lib -I/opt/tt-metal/tt_metal/tt-llk/tt_llk_blackhole/llk_lib/hal -I/opt/tt-metal/tt_metal/hw/firmware/src/tt-1xx -I/opt/tt-metal/models/experimental/pi0/tt/megakernel/kernels -include /sp/ttcache_prof/tt-metal-cache/pch/1b9e28ac75b7aabf/pch.h -DIS_NOT_POW2_NUM_L1_BANKS=1 -DLOG_BASE_2_OF_NUM_DRAM_BANKS=3 -DNUM_DRAM_BANKS=8 -DNUM_L1_BANKS=110 -DPCIE_NOC_X=19 -DPCIE_NOC_Y=24 -DTENSIX_FIRMWARE -DLOCAL_MEM_EN=0 -DPROFILE_KERNEL=1 -DPROFILER_FULL_HOST_BUFFER_SIZE_PER_RISC=768000 -DPROCESSOR_INDEX=0 -DCOMPILE_FOR_BRISC -DPROGRAMMABLE_CORE_TYPE=0 -DARCH_BLACKHOLE -DDISPATCH_MESSAGE_ADDR=4290184248 -DKERNEL_BUILD -DMK_FID=3 -DMK_FID8_HIFI2=1 -DNOC_INDEX=1 -DNOC_MODE=0 -DFULL_KERNEL_NAME="mk_brisc/2070287971381219078/" -DKERNEL_COMPILE_TIME_ARGS=1,35,6,6,897988541,0,1088,2,2048,0,2048,0,2048,0,2048,2,2048,2,2048 -c -o /sp/ttcache_prof/tt-metal-cache8908659371042919221/kernels/mk_brisc/2070287971381219078/brisc/brisck.2475656884148353978_1.o /opt/tt-metal/tt_metal/hw/firmware/src/tt-1xx/brisck.cc -MF /sp/ttcache_prof/tt-metal-cache8908659371042919221/kernels/mk_brisc/2070287971381219078/brisc/brisck.2475656884148353978_1.d
In file included from /opt/tt-metal/tt_metal/hw/inc/api/dataflow/dataflow_api.h:24,
                 from /opt/tt-metal/tt_metal/hw/inc/internal/firmware_common.h:23,
                 from /opt/tt-metal/tt_metal/hw/firmware/src/tt-1xx/brisck.cc:16:
/opt/tt-metal/tt_metal/tools/profiler/kernel_profiler.hpp: In function 'void kernel_profiler::finish_profiler(bool)':
/opt/tt-metal/tt_metal/tools/profiler/kernel_profiler.hpp:32:22: note: '#pragma message: PROFILER-NOC-FLUSH,/opt/tt-metal/tt_metal/tools/profiler/kernel_profiler.hpp,481,KERNEL_PROFILER'
   32 | #define DO_PRAGMA(x) _Pragma(#x)
      |                      ^~~~~~~
/opt/tt-metal/tt_metal/tools/profiler/kernel_profiler.hpp:42:5: note: in expansion of macro 'DO_PRAGMA'
   42 |     DO_PRAGMA(message(PROFILER_MSG_NAME(name))); \
      |     ^~~~~~~~~
/opt/tt-metal/tt_metal/tools/profiler/kernel_profiler.hpp:481:17: note: in expansion of macro 'SrcLocNameToHash'
  481 |                 SrcLocNameToHash("PROFILER-NOC-FLUSH");
      |                 ^~~~~~~~~~~~~~~~
/opt/tt-metal/tt_metal/tools/profiler/kernel_profiler.hpp:32:22: note: '#pragma message: PROFILER-DRAM-PUSH,/opt/tt-metal/tt_metal/tools/profiler/kernel_profiler.hpp,490,KERNEL_PROFILER'
   32 | #define DO_PRAGMA(x) _Pragma(#x)
      |                      ^~~~~~~
/opt/tt-metal/tt_metal/tools/profiler/kernel_profiler.hpp:42:5: note: in expansion of macro 'DO_PRAGMA'
   42 |     DO_PRAGMA(message(PROFILER_MSG_NAME(name))); \
      |     ^~~~~~~~~
/opt/tt-metal/tt_metal/tools/profiler/kernel_profiler.hpp:490:17: note: in expansion of macro 'SrcLocNameToHash'
  490 |                 SrcLocNameToHash("PROFILER-DRAM-PUSH");
      |                 ^~~~~~~~~~~~~~~~
/opt/tt-metal/tt_metal/tools/profiler/kernel_profiler.hpp: In function 'void kernel_profiler::quick_push()':
/opt/tt-metal/tt_metal/tools/profiler/kernel_profiler.hpp:32:22: note: '#pragma message: PROFILER-NOC-QUICK-PUSH,/opt/tt-metal/tt_metal/tools/profiler/kernel_profiler.hpp,633,KERNEL_PROFILER'
   32 | #define DO_PRAGMA(x) _Pragma(#x)
      |                      ^~~~~~~
/opt/tt-metal/tt_metal/tools/profiler/kernel_profiler.hpp:42:5: note: in expansion of macro 'DO_PRAGMA'
   42 |     DO_PRAGMA(message(PROFILER_MSG_NAME(name))); \
      |     ^~~~~~~~~
/opt/tt-metal/tt_metal/tools/profiler/kernel_profiler.hpp:633:5: note: in expansion of macro 'SrcLocNameToHash'
  633 |     SrcLocNameToHash("PROFILER-NOC-QUICK-PUSH");
      |     ^~~~~~~~~~~~~~~~
/opt/tt-metal/tt_metal/hw/firmware/src/tt-1xx/brisck.cc: In function 'uint32_t _start()':
/opt/tt-metal/tt_metal/tools/profiler/kernel_profiler.hpp:32:22: note: '#pragma message: BRISC-KERNEL,/opt/tt-metal/tt_metal/hw/firmware/src/tt-1xx/brisck.cc,77,KERNEL_PROFILER'
   32 | #define DO_PRAGMA(x) _Pragma(#x)
      |                      ^~~~~~~
/opt/tt-metal/tt_metal/tools/profiler/kernel_profiler.hpp:1047:5: note: in expansion of macro 'DO_PRAGMA'
 1047 |     DO_PRAGMA(message(PROFILER_MSG_NAME(name)));                               \
      |     ^~~~~~~~~
/opt/tt-metal/tt_metal/hw/firmware/src/tt-1xx/brisck.cc:77:9: note: in expansion of macro 'DeviceZoneScopedMainChildN'
   77 |         DeviceZoneScopedMainChildN("BRISC-KERNEL");
      |         ^~~~~~~~~~~~~~~~~~~~~~~~~~
Building trisc0, compile step:
/opt/tt-metal/runtime/sfpi/compiler/bin/riscv-tt-elf-g++ -O3 -std=c++17 -ftt-nttp -ftt-constinit -ftt-consteval -ftt-no-dyninit -flto=1 -flto-partition=one -ffast-math -fno-finite-math-only -fsigned-zeros -fno-associative-math -fno-exceptions -fno-rtti -fno-use-cxa-atexit -g -MMD -Wall -Werror -Wno-error=deprecated-declarations -Wno-error=multistatement-macros -Wno-error=parentheses -Wno-error=unused-but-set-variable -Wno-unused-variable -Wno-unused-function --param=min-pagesize=0 -mcpu=tt-bh-tensix -Winvalid-pch -Wno-error=invalid-pch -I. -I.. -I/opt/tt-metal/ -I/opt/tt-metal/ttnn -I/opt/tt-metal/ttnn/cpp -I/opt/tt-metal/tt_metal -I/opt/tt-metal/tt_metal/hw/inc -I/opt/tt-metal/tt_metal/tt-llk/common -I/opt/tt-metal/tt_metal/tt-llk/tools/include -I/opt/tt-metal/tt_metal/hostdevcommon/api -I/opt/tt-metal/tt_metal/api/ -I/opt/tt-metal/runtime/sfpi/include -I/opt/tt-metal/tt_metal/hw/ckernels/blackhole/metal/common -I/opt/tt-metal/tt_metal/hw/ckernels/blackhole/metal/llk_io -I/opt/tt-metal/tt_metal/hw/inc/internal/tt-1xx -I/opt/tt-metal/tt_metal/hw/inc/internal/tt-1xx/blackhole -I/opt/tt-metal/tt_metal/hw/inc/internal/tt-1xx/blackhole/blackhole_defines -I/opt/tt-metal/tt_metal/hw/inc/internal/tt-1xx/blackhole/noc -I/opt/tt-metal/tt_metal/tt-llk/tt_llk_blackhole/common/inc -I/opt/tt-metal/tt_metal/tt-llk/tt_llk_blackhole/llk_lib -I/opt/tt-metal/tt_metal/tt-llk/tt_llk_blackhole/llk_lib/hal -I/opt/tt-metal/tt_metal/hw/ckernels/blackhole/metal/llk_api -I/opt/tt-metal/tt_metal/hw/ckernels/blackhole/metal/llk_api/llk_sfpu -I/opt/tt-metal/tt_metal/hw/firmware/src/tt-1xx -I/opt/tt-metal/models/experimental/pi0/tt/megakernel/kernels -include /sp/ttcache_prof/tt-metal-cache/pch/e13a6eedc934b130/pch.h -DIS_NOT_POW2_NUM_L1_BANKS=1 -DLOG_BASE_2_OF_NUM_DRAM_BANKS=3 -DNUM_DRAM_BANKS=8 -DNUM_L1_BANKS=110 -DPCIE_NOC_X=19 -DPCIE_NOC_Y=24 -DTENSIX_FIRMWARE -DLOCAL_MEM_EN=0 -DPROFILE_KERNEL=1 -DPROFILER_FULL_HOST_BUFFER_SIZE_PER_RISC=768000 -DPROCESSOR_INDEX=2 -DUCK_CHLKC_UNPACK -DCOMPILE_FOR_TRISC=0 -DPROGRAMMABLE_CORE_TYPE=0 -DARCH_BLACKHOLE -DDISPATCH_MESSAGE_ADDR=4290184248 -DKERNEL_BUILD -DFULL_KERNEL_NAME="mk_trisc/3911575209944037532/" -DKERNEL_COMPILE_TIME_ARGS=1,35,6,6,897988541,0,1088,2,2048,0,2048,0,2048,0,2048,2,2048,2,2048 -c -o /sp/ttcache_prof/tt-metal-cache8908659371042919221/kernels/mk_trisc/3911575209944037532/trisc0/trisck.2475656884148353978_1.o /opt/tt-metal/tt_metal/hw/firmware/src/tt-1xx/trisck.cc -MF /sp/ttcache_prof/tt-metal-cache8908659371042919221/kernels/mk_trisc/3911575209944037532/trisc0/trisck.2475656884148353978_1.d
In file included from /opt/tt-metal/tt_metal/hw/ckernels/blackhole/metal/llk_io/llk_io_unpack.h:13,
                 from /opt/tt-metal/tt_metal/hw/inc/api/compute/compute_kernel_api.h:98,
                 from /opt/tt-metal/models/experimental/pi0/tt/megakernel/kernels/mk_trisc.cpp:22,
                 from ../chlkc_unpack.cpp:4,
                 from /opt/tt-metal/tt_metal/hw/ckernels/blackhole/metal/common/chlkc_list.h:26,
                 from /opt/tt-metal/tt_metal/hw/firmware/src/tt-1xx/trisck.cc:14:
/opt/tt-metal/tt_metal/hw/ckernels/blackhole/metal/llk_io/llk_io_unpack.h: In function 'void llk_wait_tiles(int, int32_t)':
/opt/tt-metal/tt_metal/tools/profiler/kernel_profiler.hpp:32:22: note: '#pragma message: CB-COMPUTE-WAIT-FRONT,/opt/tt-metal/tt_metal/hw/ckernels/blackhole/metal/llk_io/llk_io_unpack.h,19,KERNEL_PROFILER'
   32 | #define DO_PRAGMA(x) _Pragma(#x)
      |                      ^~~~~~~
/opt/tt-metal/tt_metal/tools/profiler/kernel_profiler.hpp:1052:5: note: in expansion of macro 'DO_PRAGMA'
 1052 |     DO_PRAGMA(message(PROFILER_MSG_NAME(name)));                               \
      |     ^~~~~~~~~
/opt/tt-metal/tt_metal/hw/ckernels/blackhole/metal/llk_io/llk_io_unpack.h:19:5: note: in expansion of macro 'DeviceZoneScopedSumN1'
   19 |     DeviceZoneScopedSumN1("CB-COMPUTE-WAIT-FRONT");
      |     ^~~~~~~~~~~~~~~~~~~~~
/opt/tt-metal/tt_metal/hw/firmware/src/tt-1xx/trisck.cc: In function 'uint32_t _start()':
/opt/tt-metal/tt_metal/tools/profiler/kernel_profiler.hpp:32:22: note: '#pragma message: TRISC-KERNEL,/opt/tt-metal/tt_metal/hw/firmware/src/tt-1xx/trisck.cc,89,KERNEL_PROFILER'
   32 | #define DO_PRAGMA(x) _Pragma(#x)
      |                      ^~~~~~~
/opt/tt-metal/tt_metal/tools/profiler/kernel_profiler.hpp:1047:5: note: in expansion of macro 'DO_PRAGMA'
 1047 |     DO_PRAGMA(message(PROFILER_MSG_NAME(name)));                               \
      |     ^~~~~~~~~
/opt/tt-metal/tt_metal/hw/firmware/src/tt-1xx/trisck.cc:89:5: note: in expansion of macro 'DeviceZoneScopedMainChildN'
   89 |     DeviceZoneScopedMainChildN("TRISC-KERNEL");
      |     ^~~~~~~~~~~~~~~~~~~~~~~~~~
Building trisc2, compile step:
/opt/tt-metal/runtime/sfpi/compiler/bin/riscv-tt-elf-g++ -O3 -std=c++17 -ftt-nttp -ftt-constinit -ftt-consteval -ftt-no-dyninit -flto=1 -flto-partition=one -ffast-math -fno-finite-math-only -fsigned-zeros -fno-associative-math -fno-exceptions -fno-rtti -fno-use-cxa-atexit -g -MMD -Wall -Werror -Wno-error=deprecated-declarations -Wno-error=multistatement-macros -Wno-error=parentheses -Wno-error=unused-but-set-variable -Wno-unused-variable -Wno-unused-function --param=min-pagesize=0 -mcpu=tt-bh-tensix -Winvalid-pch -Wno-error=invalid-pch -I. -I.. -I/opt/tt-metal/ -I/opt/tt-metal/ttnn -I/opt/tt-metal/ttnn/cpp -I/opt/tt-metal/tt_metal -I/opt/tt-metal/tt_metal/hw/inc -I/opt/tt-metal/tt_metal/tt-llk/common -I/opt/tt-metal/tt_metal/tt-llk/tools/include -I/opt/tt-metal/tt_metal/hostdevcommon/api -I/opt/tt-metal/tt_metal/api/ -I/opt/tt-metal/runtime/sfpi/include -I/opt/tt-metal/tt_metal/hw/ckernels/blackhole/metal/common -I/opt/tt-metal/tt_metal/hw/ckernels/blackhole/metal/llk_io -I/opt/tt-metal/tt_metal/hw/inc/internal/tt-1xx -I/opt/tt-metal/tt_metal/hw/inc/internal/tt-1xx/blackhole -I/opt/tt-metal/tt_metal/hw/inc/internal/tt-1xx/blackhole/blackhole_defines -I/opt/tt-metal/tt_metal/hw/inc/internal/tt-1xx/blackhole/noc -I/opt/tt-metal/tt_metal/tt-llk/tt_llk_blackhole/common/inc -I/opt/tt-metal/tt_metal/tt-llk/tt_llk_blackhole/llk_lib -I/opt/tt-metal/tt_metal/tt-llk/tt_llk_blackhole/llk_lib/hal -I/opt/tt-metal/tt_metal/hw/ckernels/blackhole/metal/llk_api -I/opt/tt-metal/tt_metal/hw/ckernels/blackhole/metal/llk_api/llk_sfpu -I/opt/tt-metal/tt_metal/hw/firmware/src/tt-1xx -I/opt/tt-metal/models/experimental/pi0/tt/megakernel/kernels -include /sp/ttcache_prof/tt-metal-cache/pch/e13a6eedc934b130/pch.h -DIS_NOT_POW2_NUM_L1_BANKS=1 -DLOG_BASE_2_OF_NUM_DRAM_BANKS=3 -DNUM_DRAM_BANKS=8 -DNUM_L1_BANKS=110 -DPCIE_NOC_X=19 -DPCIE_NOC_Y=24 -DTENSIX_FIRMWARE -DLOCAL_MEM_EN=0 -DPROFILE_KERNEL=1 -DPROFILER_FULL_HOST_BUFFER_SIZE_PER_RISC=768000 -DPROCESSOR_INDEX=4 -DUCK_CHLKC_PACK -DCOMPILE_FOR_TRISC=2 -DPROGRAMMABLE_CORE_TYPE=0 -DARCH_BLACKHOLE -DDISPATCH_MESSAGE_ADDR=4290184248 -DKERNEL_BUILD -DFULL_KERNEL_NAME="mk_trisc/3911575209944037532/" -DKERNEL_COMPILE_TIME_ARGS=1,35,6,6,897988541,0,1088,2,2048,0,2048,0,2048,0,2048,2,2048,2,2048 -c -o /sp/ttcache_prof/tt-metal-cache8908659371042919221/kernels/mk_trisc/3911575209944037532/trisc2/trisck.2475656884148353978_1.o /opt/tt-metal/tt_metal/hw/firmware/src/tt-1xx/trisck.cc -MF /sp/ttcache_prof/tt-metal-cache8908659371042919221/kernels/mk_trisc/3911575209944037532/trisc2/trisck.2475656884148353978_1.d
In file included from /opt/tt-metal/tt_metal/hw/ckernels/blackhole/metal/llk_io/llk_io_pack.h:14,
                 from /opt/tt-metal/tt_metal/hw/inc/api/compute/compute_kernel_api.h:73,
                 from /opt/tt-metal/models/experimental/pi0/tt/megakernel/kernels/mk_trisc.cpp:22,
                 from ../chlkc_pack.cpp:4,
                 from /opt/tt-metal/tt_metal/hw/ckernels/blackhole/metal/common/chlkc_list.h:21,
                 from /opt/tt-metal/tt_metal/hw/firmware/src/tt-1xx/trisck.cc:14:
/opt/tt-metal/tt_metal/hw/ckernels/blackhole/metal/llk_io/llk_io_pack.h: In function 'void llk_wait_for_free_tiles(int32_t, int32_t)':
/opt/tt-metal/tt_metal/tools/profiler/kernel_profiler.hpp:32:22: note: '#pragma message: CB-COMPUTE-RESERVE-BACK,/opt/tt-metal/tt_metal/hw/ckernels/blackhole/metal/llk_io/llk_io_pack.h,21,KERNEL_PROFILER'
   32 | #define DO_PRAGMA(x) _Pragma(#x)
      |                      ^~~~~~~
/opt/tt-metal/tt_metal/tools/profiler/kernel_profiler.hpp:1057:5: note: in expansion of macro 'DO_PRAGMA'
 1057 |     DO_PRAGMA(message(PROFILER_MSG_NAME(name)));                               \
      |     ^~~~~~~~~
/opt/tt-metal/tt_metal/hw/ckernels/blackhole/metal/llk_io/llk_io_pack.h:21:5: note: in expansion of macro 'DeviceZoneScopedSumN2'
   21 |     DeviceZoneScopedSumN2("CB-COMPUTE-RESERVE-BACK");
      |     ^~~~~~~~~~~~~~~~~~~~~
/opt/tt-metal/tt_metal/hw/firmware/src/tt-1xx/trisck.cc: In function 'uint32_t _start()':
/opt/tt-metal/tt_metal/tools/profiler/kernel_profiler.hpp:32:22: note: '#pragma message: TRISC-KERNEL,/opt/tt-metal/tt_metal/hw/firmware/src/tt-1xx/trisck.cc,89,KERNEL_PROFILER'
   32 | #define DO_PRAGMA(x) _Pragma(#x)
      |                      ^~~~~~~
/opt/tt-metal/tt_metal/tools/profiler/kernel_profiler.hpp:1047:5: note: in expansion of macro 'DO_PRAGMA'
 1047 |     DO_PRAGMA(message(PROFILER_MSG_NAME(name)));                               \
      |     ^~~~~~~~~
/opt/tt-metal/tt_metal/hw/firmware/src/tt-1xx/trisck.cc:89:5: note: in expansion of macro 'DeviceZoneScopedMainChildN'
   89 |     DeviceZoneScopedMainChildN("TRISC-KERNEL");
      |     ^~~~~~~~~~~~~~~~~~~~~~~~~~
Building trisc1, compile step:
/opt/tt-metal/runtime/sfpi/compiler/bin/riscv-tt-elf-g++ -O3 -std=c++17 -ftt-nttp -ftt-constinit -ftt-consteval -ftt-no-dyninit -flto=1 -flto-partition=one -ffast-math -fno-finite-math-only -fsigned-zeros -fno-associative-math -fno-exceptions -fno-rtti -fno-use-cxa-atexit -g -MMD -Wall -Werror -Wno-error=deprecated-declarations -Wno-error=multistatement-macros -Wno-error=parentheses -Wno-error=unused-but-set-variable -Wno-unused-variable -Wno-unused-function --param=min-pagesize=0 -mcpu=tt-bh-tensix -Winvalid-pch -Wno-error=invalid-pch -I. -I.. -I/opt/tt-metal/ -I/opt/tt-metal/ttnn -I/opt/tt-metal/ttnn/cpp -I/opt/tt-metal/tt_metal -I/opt/tt-metal/tt_metal/hw/inc -I/opt/tt-metal/tt_metal/tt-llk/common -I/opt/tt-metal/tt_metal/tt-llk/tools/include -I/opt/tt-metal/tt_metal/hostdevcommon/api -I/opt/tt-metal/tt_metal/api/ -I/opt/tt-metal/runtime/sfpi/include -I/opt/tt-metal/tt_metal/hw/ckernels/blackhole/metal/common -I/opt/tt-metal/tt_metal/hw/ckernels/blackhole/metal/llk_io -I/opt/tt-metal/tt_metal/hw/inc/internal/tt-1xx -I/opt/tt-metal/tt_metal/hw/inc/internal/tt-1xx/blackhole -I/opt/tt-metal/tt_metal/hw/inc/internal/tt-1xx/blackhole/blackhole_defines -I/opt/tt-metal/tt_metal/hw/inc/internal/tt-1xx/blackhole/noc -I/opt/tt-metal/tt_metal/tt-llk/tt_llk_blackhole/common/inc -I/opt/tt-metal/tt_metal/tt-llk/tt_llk_blackhole/llk_lib -I/opt/tt-metal/tt_metal/tt-llk/tt_llk_blackhole/llk_lib/hal -I/opt/tt-metal/tt_metal/hw/ckernels/blackhole/metal/llk_api -I/opt/tt-metal/tt_metal/hw/ckernels/blackhole/metal/llk_api/llk_sfpu -I/opt/tt-metal/tt_metal/hw/firmware/src/tt-1xx -I/opt/tt-metal/models/experimental/pi0/tt/megakernel/kernels -include /sp/ttcache_prof/tt-metal-cache/pch/e13a6eedc934b130/pch.h -DIS_NOT_POW2_NUM_L1_BANKS=1 -DLOG_BASE_2_OF_NUM_DRAM_BANKS=3 -DNUM_DRAM_BANKS=8 -DNUM_L1_BANKS=110 -DPCIE_NOC_X=19 -DPCIE_NOC_Y=24 -DTENSIX_FIRMWARE -DLOCAL_MEM_EN=0 -DPROFILE_KERNEL=1 -DPROFILER_FULL_HOST_BUFFER_SIZE_PER_RISC=768000 -DPROCESSOR_INDEX=3 -DUCK_CHLKC_MATH -DCOMPILE_FOR_TRISC=1 -DPROGRAMMABLE_CORE_TYPE=0 -DARCH_BLACKHOLE -DDISPATCH_MESSAGE_ADDR=4290184248 -DKERNEL_BUILD -DFULL_KERNEL_NAME="mk_trisc/3911575209944037532/" -DKERNEL_COMPILE_TIME_ARGS=1,35,6,6,897988541,0,1088,2,2048,0,2048,0,2048,0,2048,2,2048,2,2048 -c -o /sp/ttcache_prof/tt-metal-cache8908659371042919221/kernels/mk_trisc/3911575209944037532/trisc1/trisck.2475656884148353978_1.o /opt/tt-metal/tt_metal/hw/firmware/src/tt-1xx/trisck.cc -MF /sp/ttcache_prof/tt-metal-cache8908659371042919221/kernels/mk_trisc/3911575209944037532/trisc1/trisck.2475656884148353978_1.d
In file included from /opt/tt-metal/tt_metal/hw/firmware/src/tt-1xx/trisck.cc:16:
/opt/tt-metal/tt_metal/hw/firmware/src/tt-1xx/trisck.cc: In function 'uint32_t _start()':
/opt/tt-metal/tt_metal/tools/profiler/kernel_profiler.hpp:32:22: note: '#pragma message: TRISC-KERNEL,/opt/tt-metal/tt_metal/hw/firmware/src/tt-1xx/trisck.cc,89,KERNEL_PROFILER'
   32 | #define DO_PRAGMA(x) _Pragma(#x)
      |                      ^~~~~~~
/opt/tt-metal/tt_metal/tools/profiler/kernel_profiler.hpp:1047:5: note: in expansion of macro 'DO_PRAGMA'
 1047 |     DO_PRAGMA(message(PROFILER_MSG_NAME(name)));                               \
      |     ^~~~~~~~~
/opt/tt-metal/tt_metal/hw/firmware/src/tt-1xx/trisck.cc:89:5: note: in expansion of macro 'DeviceZoneScopedMainChildN'
   89 |     DeviceZoneScopedMainChildN("TRISC-KERNEL");
      |     ^~~~~~~~~~~~~~~~~~~~~~~~~~
call 3 5 (3, 32, 32)
call 3 150 (3, 224, 32)
call 3 40 (3, 64, 32)
call 3 5 (3, 32, 32)
call 3 150 (3, 224, 32)
call 3 40 (3, 64, 32)
2026-10-03 02:59:32.946 | info     |           Metal | Device kernel duration perf summary (device=0): count=126, min=1197ns, avg=12851561.0ns, max=38545027ns (profiler_analysis.cpp:727)
2026-10-03 02:59:32.946 | info     |           Metal | Device kernel duration perf histogram (device=0): (buckets=10, bucket_size=3854400ns, range=[0..38544000), underflow(<0ns)=0, overflow(>=38544000ns)=1) (profiler_analysis.cpp:770)
2026-10-03 02:59:32.946 | info     |           Metal |   [           0 ..      3854400) |########################################|       28 (profiler_analysis.cpp:775)
2026-10-03 02:59:32.946 | info     |           Metal |   [     3854400 ..      7708800) |########################################|       28 (profiler_analysis.cpp:775)
2026-10-03 02:59:32.946 | info     |           Metal |   [     7708800 ..     11563200) |########################################|       28 (profiler_analysis.cpp:775)
2026-10-03 02:59:32.946 | info     |           Metal |   [    11563200 ..     15417600) |                                        |        0 (profiler_analysis.cpp:775)
2026-10-03 02:59:32.946 | info     |           Metal |   [    15417600 ..     19272000) |####################                    |       14 (profiler_analysis.cpp:775)
2026-10-03 02:59:32.946 | info     |           Metal |   [    19272000 ..     23126400) |                                        |        0 (profiler_analysis.cpp:775)
2026-10-03 02:59:32.946 | info     |           Metal |   [    23126400 ..     26980800) |####################                    |       14 (profiler_analysis.cpp:775)
2026-10-03 02:59:32.946 | info     |           Metal |   [    26980800 ..     30835200) |                                        |        0 (profiler_analysis.cpp:775)
2026-10-03 02:59:32.946 | info     |           Metal |   [    30835200 ..     34689600) |                                        |        0 (profiler_analysis.cpp:775)
2026-10-03 02:59:32.946 | info     |           Metal |   [    34689600 ..     38544000) |###################                     |       13 (profiler_analysis.cpp:775)
PROF DONE
2026-10-03 02:59:33.333 | info     |    BuildKernels | JIT cache stats: 0/188 hits (0.0%) [0 cached, 6 build-once dedup, 0 merged artifacts, 0 merged genfiles] (build_cache_telemetry.cpp:268)
2026-10-03 02:59:33.333 | info     |    BuildKernels | JIT telemetry: 62 registered TelemetryTokens (build_cache_telemetry.cpp:325)
2026-10-03 02:59:33.336 | info     |          Device | Closing user mode device drivers (tt_cluster.cpp:519)
2026-10-03 02:59:33.336 | info     |             UMD | Closing devices in cluster (cluster.cpp:1319)
2026-10-03 02:59:33.394 | info     |             UMD | Closing devices in cluster completed. (cluster.cpp:1329)
2026-10-03 02:59:33.394 | info     |             UMD | Cluster destructor started. (cluster.cpp:1050)
2026-10-03 02:59:33.394 | info     |             UMD | Cluster destructor completed. (cluster.cpp:1063)
